{
  "all_null_features": [
    "ed",
    "l1",
    "l2",
    "l3",
    "l4",
    "l5",
    "l6",
    "l7",
    "q2",
    "q3",
    "q4",
    "q5",
    "q6",
    "sd"
  ],
  "device": "cpu",
  "eligible_rows_in_parquet": 50591627,
  "final_epoch": {
    "epoch": 10,
    "train_categorical_loss": 0.47880401611328127,
    "train_kl_loss": 11.262538355047052,
    "train_numeric_loss": 0.25792072794654153,
    "train_total_loss": 1.2998516754670577,
    "val_categorical_loss": 0.4580023927348001,
    "val_kl_loss": 11.44683769771031,
    "val_numeric_loss": 0.26078889625413076,
    "val_total_loss": 1.291133165359497
  },
  "row_filter": "st = 'MIXED' AND et = 'MIXED' AND FILT = 1",
  "run_dir": "/cta/users/patrickgao765/uv_vae/sweep_results/run_25pct/run_20260713T113121Z",
  "sample_only_null_features": [],
  "sample_rows": 250000
}