{
  "all_null_features": [
    "ed",
    "l1",
    "l2",
    "l3",
    "l4",
    "l5",
    "l6",
    "l7",
    "q2",
    "q3",
    "q4",
    "q5",
    "q6",
    "sd"
  ],
  "device": "cpu",
  "eligible_rows_in_parquet": 50591627,
  "final_epoch": {
    "epoch": 10,
    "train_categorical_loss": 0.17956824214621023,
    "train_kl_loss": 14.748320791938088,
    "train_numeric_loss": 0.20779734138738026,
    "train_total_loss": 1.1247816329652613,
    "val_categorical_loss": 0.1806492042541504,
    "val_kl_loss": 14.630896263122558,
    "val_numeric_loss": 0.20816788494586944,
    "val_total_loss": 1.120361909866333
  },
  "row_filter": "st = 'MIXED' AND et = 'MIXED' AND FILT = 1",
  "run_dir": "/cta/users/patrickgao765/uv_vae/sweep_results/run_100pct/run_20260713T111604Z",
  "sample_only_null_features": [],
  "sample_rows": 1000000
}