{
  "categorical_cardinalities": {
    "ALT": 5,
    "REF": 16,
    "X_NEXT1": 16,
    "X_NEXT2": 16,
    "X_NEXT3": 16,
    "X_PREV1": 16,
    "X_PREV2": 16,
    "X_PREV3": 16,
    "et": 5,
    "st": 5,
    "tm": 8
  },
  "numeric_means": {
    "BCSQ": 85.35844421386719,
    "BCSQCSS": -0.05584000051021576,
    "EDIST": 2.0560801029205322,
    "HAMDIST": 1.5506044626235962,
    "HAMDIST_FILT": 1.4019733667373657,
    "INDEX": 88.77831268310547,
    "REV": 0.49942222237586975,
    "RL": 179.19215393066406,
    "SCED": 0.2862711250782013,
    "SCST": 0.2809999883174896,
    "SMQ_AFTER": 33.1635627746582,
    "SMQ_BEFORE": 33.300907135009766,
    "X_HMER_ALT": 1.6293689012527466,
    "X_HMER_REF": 1.826551079750061,
    "rq": 0.23921328783035278
  },
  "numeric_stds": {
    "BCSQ": 14.26093864440918,
    "BCSQCSS": 2.666922092437744,
    "EDIST": 1.5414398908615112,
    "HAMDIST": 1.026228904724121,
    "HAMDIST_FILT": 0.7628365755081177,
    "INDEX": 57.171852111816406,
    "REV": 0.49999967217445374,
    "RL": 52.1786994934082,
    "SCED": 4.154389381408691,
    "SCST": 3.9752213954925537,
    "SMQ_AFTER": 3.4505486488342285,
    "SMQ_BEFORE": 3.3034820556640625,
    "X_HMER_ALT": 0.9785484075546265,
    "X_HMER_REF": 1.9272490739822388,
    "rq": 0.19197049736976624
  }
}