{
  "categorical_cardinalities": {
    "ALT": 5,
    "REF": 16,
    "X_NEXT1": 16,
    "X_NEXT2": 16,
    "X_NEXT3": 16,
    "X_PREV1": 16,
    "X_PREV2": 16,
    "X_PREV3": 16,
    "et": 5,
    "st": 5,
    "tm": 8
  },
  "numeric_means": {
    "BCSQ": 85.36567687988281,
    "BCSQCSS": -0.055791109800338745,
    "EDIST": 2.0564401149749756,
    "HAMDIST": 1.5504753589630127,
    "HAMDIST_FILT": 1.4022529125213623,
    "INDEX": 88.88911437988281,
    "REV": 0.499755322933197,
    "RL": 179.16339111328125,
    "SCED": 0.28626421093940735,
    "SCST": 0.2804202139377594,
    "SMQ_AFTER": 33.16482162475586,
    "SMQ_BEFORE": 33.29963302612305,
    "X_HMER_ALT": 1.6332757472991943,
    "X_HMER_REF": 1.8300766944885254,
    "rq": 0.2390599399805069
  },
  "numeric_stds": {
    "BCSQ": 14.292793273925781,
    "BCSQCSS": 2.670271873474121,
    "EDIST": 1.5437592267990112,
    "HAMDIST": 1.0240464210510254,
    "HAMDIST_FILT": 0.7631622552871704,
    "INDEX": 57.22452163696289,
    "REV": 0.4999999403953552,
    "RL": 52.118980407714844,
    "SCED": 4.130143642425537,
    "SCST": 4.061851978302002,
    "SMQ_AFTER": 3.4516279697418213,
    "SMQ_BEFORE": 3.3076136112213135,
    "X_HMER_ALT": 0.9860307574272156,
    "X_HMER_REF": 1.9307975769042969,
    "rq": 0.19191108644008636
  }
}