{
  "all_null_features": [
    "ed",
    "l1",
    "l2",
    "l3",
    "l4",
    "l5",
    "l6",
    "l7",
    "q2",
    "q3",
    "q4",
    "q5",
    "q6",
    "sd"
  ],
  "device": "cpu",
  "eligible_rows_in_parquet": 50591627,
  "final_epoch": {
    "epoch": 10,
    "train_categorical_loss": 0.11461838201244275,
    "train_kl_loss": 15.181815519671314,
    "train_numeric_loss": 0.1822844581022601,
    "train_total_loss": 1.0559936281330917,
    "val_categorical_loss": 0.11620345602675182,
    "val_kl_loss": 15.128326330727678,
    "val_numeric_loss": 0.1814674623613435,
    "val_total_loss": 1.0540872443982257
  },
  "row_filter": "st = 'MIXED' AND et = 'MIXED' AND FILT = 1",
  "run_dir": "/cta/users/patrickgao765/uv_vae/sweep_results_10M/run_50pct/run_20260713T134843Z",
  "sample_only_null_features": [],
  "sample_rows": 5000000
}