{
  "categorical_cardinalities": {
    "ALT": 5,
    "REF": 16,
    "X_NEXT1": 16,
    "X_NEXT2": 16,
    "X_NEXT3": 16,
    "X_PREV1": 16,
    "X_PREV2": 16,
    "X_PREV3": 16,
    "et": 5,
    "st": 5,
    "tm": 8
  },
  "numeric_means": {
    "BCSQ": 85.37853240966797,
    "BCSQCSS": -0.04604444280266762,
    "EDIST": 2.054377794265747,
    "HAMDIST": 1.554022192955017,
    "HAMDIST_FILT": 1.4035778045654297,
    "INDEX": 88.69233703613281,
    "REV": 0.49755555391311646,
    "RL": 179.09129333496094,
    "SCED": 0.31682223081588745,
    "SCST": 0.2752666771411896,
    "SMQ_AFTER": 33.181976318359375,
    "SMQ_BEFORE": 33.31159973144531,
    "X_HMER_ALT": 1.63355553150177,
    "X_HMER_REF": 1.830222249031067,
    "rq": 0.23755933344364166
  },
  "numeric_stds": {
    "BCSQ": 14.345702171325684,
    "BCSQCSS": 2.6753218173980713,
    "EDIST": 1.55287504196167,
    "HAMDIST": 1.0341144800186157,
    "HAMDIST_FILT": 0.7673855423927307,
    "INDEX": 57.00783920288086,
    "REV": 0.4999940097332001,
    "RL": 52.209224700927734,
    "SCED": 4.3876495361328125,
    "SCST": 4.126546382904053,
    "SMQ_AFTER": 3.439298152923584,
    "SMQ_BEFORE": 3.2935855388641357,
    "X_HMER_ALT": 0.9904357194900513,
    "X_HMER_REF": 1.9254720211029053,
    "rq": 0.19104857742786407
  }
}