{
  "categorical_cardinalities": {
    "ALT": 5,
    "REF": 16,
    "X_NEXT1": 16,
    "X_NEXT2": 16,
    "X_NEXT3": 16,
    "X_PREV1": 16,
    "X_PREV2": 16,
    "X_PREV3": 16,
    "et": 5,
    "st": 5,
    "tm": 8
  },
  "numeric_means": {
    "BCSQ": 85.32488250732422,
    "BCSQCSS": -0.05984888970851898,
    "EDIST": 2.05784010887146,
    "HAMDIST": 1.5513811111450195,
    "HAMDIST_FILT": 1.4034188985824585,
    "INDEX": 88.88687896728516,
    "REV": 0.5003477931022644,
    "RL": 179.21180725097656,
    "SCED": 0.2845011055469513,
    "SCST": 0.28457334637641907,
    "SMQ_AFTER": 33.17049789428711,
    "SMQ_BEFORE": 33.302276611328125,
    "X_HMER_ALT": 1.633098840713501,
    "X_HMER_REF": 1.8270200490951538,
    "rq": 0.239029198884964
  },
  "numeric_stds": {
    "BCSQ": 14.2947416305542,
    "BCSQCSS": 2.665621519088745,
    "EDIST": 1.544237732887268,
    "HAMDIST": 1.0252653360366821,
    "HAMDIST_FILT": 0.7646371126174927,
    "INDEX": 57.266845703125,
    "REV": 0.49999988079071045,
    "RL": 52.19477462768555,
    "SCED": 4.091928482055664,
    "SCST": 4.074060440063477,
    "SMQ_AFTER": 3.4507155418395996,
    "SMQ_BEFORE": 3.307218074798584,
    "X_HMER_ALT": 0.9857778549194336,
    "X_HMER_REF": 1.9258891344070435,
    "rq": 0.1918909102678299
  }
}