{
  "categorical_cardinalities": {
    "ALT": 5,
    "REF": 16,
    "X_NEXT1": 16,
    "X_NEXT2": 16,
    "X_NEXT3": 16,
    "X_PREV1": 16,
    "X_PREV2": 16,
    "X_PREV3": 16,
    "et": 5,
    "st": 5,
    "tm": 8
  },
  "numeric_means": {
    "BCSQ": 85.36590576171875,
    "BCSQCSS": -0.056829631328582764,
    "EDIST": 2.058767318725586,
    "HAMDIST": 1.551845908164978,
    "HAMDIST_FILT": 1.4030400514602661,
    "INDEX": 88.99469757080078,
    "REV": 0.49895110726356506,
    "RL": 179.17845153808594,
    "SCED": 0.2890029549598694,
    "SCST": 0.2875392735004425,
    "SMQ_AFTER": 33.159507751464844,
    "SMQ_BEFORE": 33.30267333984375,
    "X_HMER_ALT": 1.6314947605133057,
    "X_HMER_REF": 1.8287925720214844,
    "rq": 0.23929086327552795
  },
  "numeric_stds": {
    "BCSQ": 14.291635513305664,
    "BCSQCSS": 2.6701741218566895,
    "EDIST": 1.5455411672592163,
    "HAMDIST": 1.0242218971252441,
    "HAMDIST_FILT": 0.7620247602462769,
    "INDEX": 57.27311325073242,
    "REV": 0.49999886751174927,
    "RL": 52.14734649658203,
    "SCED": 4.167712211608887,
    "SCST": 4.153857707977295,
    "SMQ_AFTER": 3.4567081928253174,
    "SMQ_BEFORE": 3.311208486557007,
    "X_HMER_ALT": 0.9845296740531921,
    "X_HMER_REF": 1.936119556427002,
    "rq": 0.1920388638973236
  }
}