{
  "all_null_features": [
    "ed",
    "l1",
    "l2",
    "l3",
    "l4",
    "l5",
    "l6",
    "l7",
    "q2",
    "q3",
    "q4",
    "q5",
    "q6",
    "sd"
  ],
  "device": "cpu",
  "eligible_rows_in_parquet": 50591627,
  "final_epoch": {
    "epoch": 10,
    "train_categorical_loss": 0.20429300918723597,
    "train_kl_loss": 14.35784837549383,
    "train_numeric_loss": 0.2239241581071507,
    "train_total_loss": 1.1461095997781465,
    "val_categorical_loss": 0.1976795133791472,
    "val_kl_loss": 14.454393487227591,
    "val_numeric_loss": 0.22680875345280296,
    "val_total_loss": 1.1472079440167076
  },
  "row_filter": "st = 'MIXED' AND et = 'MIXED' AND FILT = 1",
  "run_dir": "/cta/users/patrickgao765/uv_vae/sweep_results/run_75pct/run_20260713T112151Z",
  "sample_only_null_features": [],
  "sample_rows": 750000
}