{
  "categorical_cardinalities": {
    "ALT": 5,
    "REF": 16,
    "X_NEXT1": 16,
    "X_NEXT2": 16,
    "X_NEXT3": 16,
    "X_PREV1": 16,
    "X_PREV2": 16,
    "X_PREV3": 16,
    "et": 5,
    "st": 5,
    "tm": 8
  },
  "numeric_means": {
    "BCSQ": 85.37020874023438,
    "BCSQCSS": -0.036133334040641785,
    "EDIST": 2.0494332313537598,
    "HAMDIST": 1.5431333780288696,
    "HAMDIST_FILT": 1.3946666717529297,
    "INDEX": 88.75714111328125,
    "REV": 0.5017444491386414,
    "RL": 179.16188049316406,
    "SCED": 0.2790888845920563,
    "SCST": 0.26918888092041016,
    "SMQ_AFTER": 33.18141174316406,
    "SMQ_BEFORE": 33.33207702636719,
    "X_HMER_ALT": 1.6300777196884155,
    "X_HMER_REF": 1.820888876914978,
    "rq": 0.23795659840106964
  },
  "numeric_stds": {
    "BCSQ": 14.243978500366211,
    "BCSQCSS": 2.6674551963806152,
    "EDIST": 1.5352997779846191,
    "HAMDIST": 1.0105584859848022,
    "HAMDIST_FILT": 0.7512022852897644,
    "INDEX": 57.29413986206055,
    "REV": 0.49999696016311646,
    "RL": 52.165916442871094,
    "SCED": 3.9984774589538574,
    "SCST": 3.9801135063171387,
    "SMQ_AFTER": 3.4259517192840576,
    "SMQ_BEFORE": 3.270644187927246,
    "X_HMER_ALT": 0.9840571880340576,
    "X_HMER_REF": 1.9081542491912842,
    "rq": 0.19127801060676575
  }
}