{
  "categorical_cardinalities": {
    "ALT": 5,
    "REF": 16,
    "X_NEXT1": 16,
    "X_NEXT2": 16,
    "X_NEXT3": 16,
    "X_PREV1": 16,
    "X_PREV2": 16,
    "X_PREV3": 16,
    "et": 5,
    "st": 5,
    "tm": 8
  },
  "numeric_means": {
    "BCSQ": 85.35382843017578,
    "BCSQCSS": -0.056255556643009186,
    "EDIST": 2.0563409328460693,
    "HAMDIST": 1.550340175628662,
    "HAMDIST_FILT": 1.402065396308899,
    "INDEX": 88.89641571044922,
    "REV": 0.5001126527786255,
    "RL": 179.16555786132812,
    "SCED": 0.283760666847229,
    "SCST": 0.27810344099998474,
    "SMQ_AFTER": 33.16583251953125,
    "SMQ_BEFORE": 33.302398681640625,
    "X_HMER_ALT": 1.633416771888733,
    "X_HMER_REF": 1.8291336297988892,
    "rq": 0.2390570044517517
  },
  "numeric_stds": {
    "BCSQ": 14.286334037780762,
    "BCSQCSS": 2.668529510498047,
    "EDIST": 1.543642282485962,
    "HAMDIST": 1.0246613025665283,
    "HAMDIST_FILT": 0.7631145715713501,
    "INDEX": 57.227603912353516,
    "REV": 0.4999999701976776,
    "RL": 52.1654167175293,
    "SCED": 4.089892864227295,
    "SCST": 4.044996738433838,
    "SMQ_AFTER": 3.451138973236084,
    "SMQ_BEFORE": 3.3064723014831543,
    "X_HMER_ALT": 0.9858444929122925,
    "X_HMER_REF": 1.9302408695220947,
    "rq": 0.1917819380760193
  }
}