{
  "categorical_cardinalities": {
    "ALT": 5,
    "REF": 16,
    "X_NEXT1": 16,
    "X_NEXT2": 16,
    "X_NEXT3": 16,
    "X_PREV1": 16,
    "X_PREV2": 16,
    "X_PREV3": 16,
    "et": 5,
    "st": 5,
    "tm": 8
  },
  "numeric_means": {
    "BCSQ": 85.33895111083984,
    "BCSQCSS": -0.057360000908374786,
    "EDIST": 2.0558021068573,
    "HAMDIST": 1.549691081047058,
    "HAMDIST_FILT": 1.4026199579238892,
    "INDEX": 88.81031799316406,
    "REV": 0.49974220991134644,
    "RL": 179.12611389160156,
    "SCED": 0.2781622111797333,
    "SCST": 0.27582889795303345,
    "SMQ_AFTER": 33.17926788330078,
    "SMQ_BEFORE": 33.307350158691406,
    "X_HMER_ALT": 1.6342066526412964,
    "X_HMER_REF": 1.8219377994537354,
    "rq": 0.23906633257865906
  },
  "numeric_stds": {
    "BCSQ": 14.282398223876953,
    "BCSQCSS": 2.6670963764190674,
    "EDIST": 1.5410124063491821,
    "HAMDIST": 1.0236480236053467,
    "HAMDIST_FILT": 0.7632834315299988,
    "INDEX": 57.13428497314453,
    "REV": 0.49999991059303284,
    "RL": 52.03581237792969,
    "SCED": 4.035933494567871,
    "SCST": 4.0490851402282715,
    "SMQ_AFTER": 3.4239048957824707,
    "SMQ_BEFORE": 3.2984042167663574,
    "X_HMER_ALT": 0.9890588521957397,
    "X_HMER_REF": 1.9087960720062256,
    "rq": 0.19115503132343292
  }
}