timestamp_utc,vram_used_mb,vram_free_mb,vram_total_mb
2026-08-23T09:32:16Z,7384,41020,48935
2026-08-23T09:32:18Z,7384,41020,48935
2026-08-23T09:32:20Z,7384,41020,48935
2026-08-23T09:32:22Z,7384,41020,48935
2026-08-23T09:32:24Z,7384,41020,48935
2026-08-23T09:32:26Z,7384,41020,48935
2026-08-23T09:32:28Z,7384,41020,48935
2026-08-23T09:32:30Z,7384,41020,48935
2026-08-23T09:32:32Z,7384,41020,48935
2026-08-23T09:32:34Z,7384,41020,48935
2026-08-23T09:32:36Z,7384,41020,48935
2026-08-23T09:32:38Z,7384,41020,48935
2026-08-23T09:32:40Z,7384,41020,48935
2026-08-23T09:32:42Z,7384,41020,48935
2026-08-23T09:32:44Z,7384,41020,48935
2026-08-23T09:32:46Z,7384,41020,48935
2026-08-23T09:32:48Z,7384,41020,48935
2026-08-23T09:32:50Z,7384,41020,48935
2026-08-23T09:32:52Z,7384,41020,48935
2026-08-23T09:32:54Z,7384,41020,48935
2026-08-23T09:32:56Z,7384,41020,48935
2026-08-23T09:32:58Z,7384,41020,48935
2026-08-23T09:33:00Z,7384,41020,48935
2026-08-23T09:33:02Z,7384,41020,48935
2026-08-23T09:33:04Z,7384,41020,48935
2026-08-23T09:33:06Z,7384,41020,48935
2026-08-23T09:33:08Z,7384,41020,48935
2026-08-23T09:33:10Z,7384,41020,48935
2026-08-23T09:33:12Z,7384,41020,48935
2026-08-23T09:33:14Z,7384,41020,48935
2026-08-23T09:33:16Z,7384,41020,48935
2026-08-23T09:33:18Z,7384,41020,48935
2026-08-23T09:33:20Z,7384,41020,48935
2026-08-23T09:33:22Z,7384,41020,48935
2026-08-23T09:33:24Z,7384,41020,48935
2026-08-23T09:33:26Z,7384,41020,48935
2026-08-23T09:33:28Z,7384,41020,48935
2026-08-23T09:33:30Z,7384,41020,48935
2026-08-23T09:33:32Z,7384,41020,48935
2026-08-23T09:33:34Z,7384,41020,48935
2026-08-23T09:33:36Z,7384,41020,48935
2026-08-23T09:33:39Z,7384,41020,48935
2026-08-23T09:33:41Z,7384,41020,48935
2026-08-23T09:33:43Z,7384,41020,48935
2026-08-23T09:33:45Z,7384,41020,48935
2026-08-23T09:33:47Z,7384,41020,48935
2026-08-23T09:33:49Z,7384,41020,48935
2026-08-23T09:33:51Z,7384,41020,48935
2026-08-23T09:33:53Z,7384,41020,48935
2026-08-23T09:33:55Z,7384,41020,48935
2026-08-23T09:33:57Z,7384,41020,48935
2026-08-23T09:33:59Z,7384,41020,48935
2026-08-23T09:34:01Z,7384,41020,48935
2026-08-23T09:34:03Z,7384,41020,48935
2026-08-23T09:34:05Z,7384,41020,48935
2026-08-23T09:34:07Z,7384,41020,48935
2026-08-23T09:34:09Z,7384,41020,48935
2026-08-23T09:34:11Z,7384,41020,48935
2026-08-23T09:34:13Z,7384,41020,48935
2026-08-23T09:34:15Z,7384,41020,48935
2026-08-23T09:34:17Z,7384,41020,48935
2026-08-23T09:34:19Z,7384,41020,48935
2026-08-23T09:34:21Z,7384,41020,48935
2026-08-23T09:34:23Z,7384,41020,48935
2026-08-23T09:34:25Z,7384,41020,48935
2026-08-23T09:34:27Z,7384,41020,48935
2026-08-23T09:34:29Z,7384,41020,48935
2026-08-23T09:34:31Z,7384,41020,48935
2026-08-23T09:34:33Z,7384,41020,48935
2026-08-23T09:34:35Z,7384,41020,48935
2026-08-23T09:34:37Z,7384,41020,48935
2026-08-23T09:34:39Z,7384,41020,48935
2026-08-23T09:34:41Z,7384,41020,48935
2026-08-23T09:34:43Z,7384,41020,48935
2026-08-23T09:34:45Z,7384,41020,48935
2026-08-23T09:34:47Z,7384,41020,48935
2026-08-23T09:34:49Z,7384,41020,48935
2026-08-23T09:34:51Z,7384,41020,48935
2026-08-23T09:34:53Z,7384,41020,48935
2026-08-23T09:34:55Z,7384,41020,48935
2026-08-23T09:34:57Z,7384,41020,48935
2026-08-23T09:34:59Z,7384,41020,48935
2026-08-23T09:35:01Z,7384,41020,48935
2026-08-23T09:35:03Z,7384,41020,48935
2026-08-23T09:35:05Z,7384,41020,48935
2026-08-23T09:35:08Z,7384,41020,48935
2026-08-23T09:35:10Z,7384,41020,48935
2026-08-23T09:35:12Z,7384,41020,48935
2026-08-23T09:35:14Z,7384,41020,48935
2026-08-23T09:35:16Z,7384,41020,48935
2026-08-23T09:35:18Z,7384,41020,48935
2026-08-23T09:35:20Z,7384,41020,48935
2026-08-23T09:35:22Z,7384,41020,48935
2026-08-23T09:35:24Z,7384,41020,48935
2026-08-23T09:35:26Z,7384,41020,48935
2026-08-23T09:35:28Z,7384,41020,48935
2026-08-23T09:35:30Z,7384,41020,48935
2026-08-23T09:35:32Z,7384,41020,48935
2026-08-23T09:35:34Z,7384,41020,48935
2026-08-23T09:35:36Z,7384,41020,48935
2026-08-23T09:35:38Z,7384,41020,48935
2026-08-23T09:35:40Z,7384,41020,48935
2026-08-23T09:35:42Z,7384,41020,48935
2026-08-23T09:35:44Z,7384,41020,48935
2026-08-23T09:35:46Z,7384,41020,48935
2026-08-23T09:35:48Z,7384,41020,48935
2026-08-23T09:35:50Z,7384,41020,48935
2026-08-23T09:35:52Z,7384,41020,48935
2026-08-23T09:35:54Z,7384,41020,48935
2026-08-23T09:35:56Z,7384,41020,48935
2026-08-23T09:35:58Z,7384,41020,48935
2026-08-23T09:36:00Z,7384,41020,48935
2026-08-23T09:36:02Z,7384,41020,48935
2026-08-23T09:36:04Z,7384,41020,48935
2026-08-23T09:36:06Z,7384,41020,48935
2026-08-23T09:36:08Z,7384,41020,48935
2026-08-23T09:36:10Z,7384,41020,48935
2026-08-23T09:36:12Z,7384,41020,48935
2026-08-23T09:36:14Z,7384,41020,48935
2026-08-23T09:36:16Z,7384,41020,48935
2026-08-23T09:36:18Z,7384,41020,48935
2026-08-23T09:36:20Z,7384,41020,48935
2026-08-23T09:36:22Z,7384,41020,48935
2026-08-23T09:36:24Z,7384,41020,48935
2026-08-23T09:36:26Z,7384,41020,48935
2026-08-23T09:36:28Z,7384,41020,48935
2026-08-23T09:36:30Z,7384,41020,48935
2026-08-23T09:36:32Z,7384,41020,48935
2026-08-23T09:36:34Z,7384,41020,48935
2026-08-23T09:36:37Z,7384,41020,48935
2026-08-23T09:36:39Z,7384,41020,48935
2026-08-23T09:36:41Z,7384,41020,48935
2026-08-23T09:36:43Z,7384,41020,48935
2026-08-23T09:36:45Z,7384,41020,48935
2026-08-23T09:36:47Z,7384,41020,48935
2026-08-23T09:36:49Z,7384,41020,48935
2026-08-23T09:36:51Z,7384,41020,48935
2026-08-23T09:36:53Z,7384,41020,48935
2026-08-23T09:36:55Z,7384,41020,48935
2026-08-23T09:36:57Z,7384,41020,48935
2026-08-23T09:36:59Z,7384,41020,48935
2026-08-23T09:37:01Z,7384,41020,48935
2026-08-23T09:37:03Z,7384,41020,48935
2026-08-23T09:37:05Z,7384,41020,48935
2026-08-23T09:37:07Z,7384,41020,48935
2026-08-23T09:37:09Z,7384,41020,48935
2026-08-23T09:37:11Z,7384,41020,48935
2026-08-23T09:37:13Z,7384,41020,48935
2026-08-23T09:37:15Z,7384,41020,48935
2026-08-23T09:37:17Z,7384,41020,48935
2026-08-23T09:37:19Z,7384,41020,48935
2026-08-23T09:37:21Z,7384,41020,48935
2026-08-23T09:37:23Z,7384,41020,48935
2026-08-23T09:37:25Z,7384,41020,48935
2026-08-23T09:37:27Z,7384,41020,48935
2026-08-23T09:37:29Z,7384,41020,48935
2026-08-23T09:37:31Z,7384,41020,48935
2026-08-23T09:37:33Z,7384,41020,48935
2026-08-23T09:37:35Z,7384,41020,48935
2026-08-23T09:37:37Z,7384,41020,48935
2026-08-23T09:37:39Z,7384,41020,48935
2026-08-23T09:37:41Z,7384,41020,48935
2026-08-23T09:37:43Z,7384,41020,48935
2026-08-23T09:37:45Z,7384,41020,48935
2026-08-23T09:37:47Z,7384,41020,48935
2026-08-23T09:37:49Z,7384,41020,48935
2026-08-23T09:37:51Z,7384,41020,48935
2026-08-23T09:37:53Z,7384,41020,48935
2026-08-23T09:37:55Z,7384,41020,48935
2026-08-23T09:37:57Z,7384,41020,48935
2026-08-23T09:37:59Z,7384,41020,48935
2026-08-23T09:38:01Z,7384,41020,48935
2026-08-23T09:38:03Z,7384,41020,48935
2026-08-23T09:38:05Z,7384,41020,48935
2026-08-23T09:38:08Z,7384,41020,48935
2026-08-23T09:38:10Z,7384,41020,48935
2026-08-23T09:38:12Z,7384,41020,48935
2026-08-23T09:38:14Z,7384,41020,48935
2026-08-23T09:38:16Z,7384,41020,48935
2026-08-23T09:38:18Z,7384,41020,48935
2026-08-23T09:38:20Z,7384,41020,48935
2026-08-23T09:38:22Z,7384,41020,48935
2026-08-23T09:38:24Z,7384,41020,48935
2026-08-23T09:38:26Z,7384,41020,48935
2026-08-23T09:38:28Z,7384,41020,48935
2026-08-23T09:38:30Z,7384,41020,48935
2026-08-23T09:38:32Z,7384,41020,48935
2026-08-23T09:38:34Z,7384,41020,48935
2026-08-23T09:38:36Z,7384,41020,48935
2026-08-23T09:38:38Z,7384,41020,48935
2026-08-23T09:38:40Z,7384,41020,48935
2026-08-23T09:38:42Z,7384,41020,48935
2026-08-23T09:38:44Z,7384,41020,48935
2026-08-23T09:38:46Z,7384,41020,48935
2026-08-23T09:38:48Z,7384,41020,48935
2026-08-23T09:38:50Z,7384,41020,48935
2026-08-23T09:38:52Z,7384,41020,48935
2026-08-23T09:38:54Z,7384,41020,48935
2026-08-23T09:38:56Z,7384,41020,48935
2026-08-23T09:38:58Z,7384,41020,48935
2026-08-23T09:39:00Z,7384,41020,48935
2026-08-23T09:39:02Z,7384,41020,48935
2026-08-23T09:39:04Z,7384,41020,48935
2026-08-23T09:39:06Z,7384,41020,48935
2026-08-23T09:39:08Z,7384,41020,48935
2026-08-23T09:39:10Z,7384,41020,48935
2026-08-23T09:39:12Z,7384,41020,48935
2026-08-23T09:39:14Z,7384,41020,48935
2026-08-23T09:39:16Z,7384,41020,48935
2026-08-23T09:39:18Z,7384,41020,48935
2026-08-23T09:39:20Z,7384,41020,48935
2026-08-23T09:39:22Z,7384,41020,48935
2026-08-23T09:39:24Z,7384,41020,48935
2026-08-23T09:39:26Z,7384,41020,48935
2026-08-23T09:39:28Z,7384,41020,48935
2026-08-23T09:39:30Z,7384,41020,48935
2026-08-23T09:39:32Z,7384,41020,48935
2026-08-23T09:39:34Z,7384,41020,48935
2026-08-23T09:39:37Z,7384,41020,48935
2026-08-23T09:39:39Z,7384,41020,48935
2026-08-23T09:39:41Z,7384,41020,48935
2026-08-23T09:39:43Z,7384,41020,48935
2026-08-23T09:39:45Z,7384,41020,48935
2026-08-23T09:39:47Z,7384,41020,48935
2026-08-23T09:39:49Z,7384,41020,48935
2026-08-23T09:39:51Z,7384,41020,48935
2026-08-23T09:39:53Z,7384,41020,48935
2026-08-23T09:39:55Z,7384,41020,48935
2026-08-23T09:39:57Z,7384,41020,48935
2026-08-23T09:39:59Z,7384,41020,48935
2026-08-23T09:40:01Z,7384,41020,48935
2026-08-23T09:40:03Z,7384,41020,48935
2026-08-23T09:40:05Z,7384,41020,48935
2026-08-23T09:40:07Z,7384,41020,48935
2026-08-23T09:40:09Z,7384,41020,48935
2026-08-23T09:40:11Z,7384,41020,48935
2026-08-23T09:40:13Z,7384,41020,48935
2026-08-23T09:40:15Z,7384,41020,48935
2026-08-23T09:40:17Z,7384,41020,48935
2026-08-23T09:40:19Z,7384,41020,48935
2026-08-23T09:40:21Z,7384,41020,48935
2026-08-23T09:40:23Z,7384,41020,48935
2026-08-23T09:40:25Z,7384,41020,48935
2026-08-23T09:40:27Z,7384,41020,48935
2026-08-23T09:40:29Z,7384,41020,48935
2026-08-23T09:40:31Z,7384,41020,48935
2026-08-23T09:40:33Z,7384,41020,48935
2026-08-23T09:40:35Z,7384,41020,48935
2026-08-23T09:40:37Z,7384,41020,48935
2026-08-23T09:40:39Z,7384,41020,48935
2026-08-23T09:40:41Z,7384,41020,48935
2026-08-23T09:40:43Z,7384,41020,48935
2026-08-23T09:40:45Z,7384,41020,48935
2026-08-23T09:40:47Z,7384,41020,48935
2026-08-23T09:40:49Z,7384,41020,48935
2026-08-23T09:40:51Z,7384,41020,48935
2026-08-23T09:40:53Z,7384,41020,48935
2026-08-23T09:40:55Z,7384,41020,48935
2026-08-23T09:40:57Z,7384,41020,48935
2026-08-23T09:40:59Z,7384,41020,48935
2026-08-23T09:41:01Z,7384,41020,48935
2026-08-23T09:41:04Z,7384,41020,48935
2026-08-23T09:41:06Z,7384,41020,48935
2026-08-23T09:41:08Z,7384,41020,48935
2026-08-23T09:41:10Z,7384,41020,48935
2026-08-23T09:41:12Z,7384,41020,48935
2026-08-23T09:41:14Z,7384,41020,48935
2026-08-23T09:41:16Z,7384,41020,48935
2026-08-23T09:41:18Z,7384,41020,48935
2026-08-23T09:41:20Z,7384,41020,48935
2026-08-23T09:41:22Z,7384,41020,48935
2026-08-23T09:41:24Z,7384,41020,48935
2026-08-23T09:41:26Z,7254,41150,48935
2026-08-23T09:41:28Z,7254,41150,48935
2026-08-23T09:41:30Z,7254,41150,48935
2026-08-23T09:41:32Z,7254,41150,48935
2026-08-23T09:41:34Z,7254,41150,48935
2026-08-23T09:41:36Z,7254,41150,48935
2026-08-23T09:41:38Z,7384,41020,48935
2026-08-23T09:41:40Z,7384,41020,48935
2026-08-23T09:41:42Z,7384,41020,48935
2026-08-23T09:41:44Z,7384,41020,48935
2026-08-23T09:41:46Z,7384,41020,48935
2026-08-23T09:41:48Z,7384,41020,48935
2026-08-23T09:41:50Z,7384,41020,48935
2026-08-23T09:41:52Z,7384,41020,48935
2026-08-23T09:41:54Z,7384,41020,48935
2026-08-23T09:41:56Z,7384,41020,48935
2026-08-23T09:41:58Z,7384,41020,48935
2026-08-23T09:42:00Z,7384,41020,48935
2026-08-23T09:42:02Z,7384,41020,48935
2026-08-23T09:42:04Z,7384,41020,48935
2026-08-23T09:42:06Z,7384,41020,48935
2026-08-23T09:42:08Z,7384,41020,48935
2026-08-23T09:42:10Z,7384,41020,48935
2026-08-23T09:42:12Z,7384,41020,48935
2026-08-23T09:42:14Z,7384,41020,48935
2026-08-23T09:42:16Z,7384,41020,48935
2026-08-23T09:42:18Z,7384,41020,48935
2026-08-23T09:42:20Z,7384,41020,48935
2026-08-23T09:42:22Z,7384,41020,48935
2026-08-23T09:42:24Z,7384,41020,48935
2026-08-23T09:42:26Z,7384,41020,48935
2026-08-23T09:42:28Z,7384,41020,48935
2026-08-23T09:42:30Z,7384,41020,48935
2026-08-23T09:42:33Z,7384,41020,48935
2026-08-23T09:42:35Z,7384,41020,48935
2026-08-23T09:42:37Z,7384,41020,48935
2026-08-23T09:42:39Z,7384,41020,48935
2026-08-23T09:42:41Z,7384,41020,48935
2026-08-23T09:42:43Z,7384,41020,48935
2026-08-23T09:42:45Z,7384,41020,48935
2026-08-23T09:42:47Z,7384,41020,48935
2026-08-23T09:42:49Z,7384,41020,48935
2026-08-23T09:42:51Z,7384,41020,48935
2026-08-23T09:42:53Z,7384,41020,48935
2026-08-23T09:42:55Z,7384,41020,48935
2026-08-23T09:42:57Z,7384,41020,48935
2026-08-23T09:42:59Z,7384,41020,48935
2026-08-23T09:43:01Z,7384,41020,48935
2026-08-23T09:43:03Z,7384,41020,48935
2026-08-23T09:43:05Z,7384,41020,48935
2026-08-23T09:43:07Z,7384,41020,48935
2026-08-23T09:43:09Z,7384,41020,48935
2026-08-23T09:43:11Z,7384,41020,48935
2026-08-23T09:43:13Z,7384,41020,48935
2026-08-23T09:43:15Z,7384,41020,48935
2026-08-23T09:43:17Z,7384,41020,48935
2026-08-23T09:43:19Z,7384,41020,48935
2026-08-23T09:43:21Z,7384,41020,48935
2026-08-23T09:43:23Z,7384,41020,48935
2026-08-23T09:43:25Z,7384,41020,48935
2026-08-23T09:43:27Z,7384,41020,48935
2026-08-23T09:43:29Z,7384,41020,48935
2026-08-23T09:43:31Z,7384,41020,48935
2026-08-23T09:43:33Z,7384,41020,48935
2026-08-23T09:43:35Z,7384,41020,48935
2026-08-23T09:43:37Z,7384,41020,48935
2026-08-23T09:43:39Z,7384,41020,48935
2026-08-23T09:43:41Z,7384,41020,48935
2026-08-23T09:43:43Z,7384,41020,48935
2026-08-23T09:43:45Z,7384,41020,48935
2026-08-23T09:43:47Z,7384,41020,48935
2026-08-23T09:43:49Z,7384,41020,48935
2026-08-23T09:43:51Z,7384,41020,48935
2026-08-23T09:43:53Z,7384,41020,48935
2026-08-23T09:43:55Z,7384,41020,48935
2026-08-23T09:43:57Z,7384,41020,48935
2026-08-23T09:44:00Z,7384,41020,48935
2026-08-23T09:44:02Z,7384,41020,48935
2026-08-23T09:44:04Z,7384,41020,48935
2026-08-23T09:44:06Z,7384,41020,48935
2026-08-23T09:44:08Z,7384,41020,48935
2026-08-23T09:44:10Z,7384,41020,48935
2026-08-23T09:44:12Z,7384,41020,48935
2026-08-23T09:44:14Z,7384,41020,48935
2026-08-23T09:44:16Z,7384,41020,48935
2026-08-23T09:44:18Z,7384,41020,48935
2026-08-23T09:44:20Z,7384,41020,48935
2026-08-23T09:44:22Z,7384,41020,48935
2026-08-23T09:44:24Z,7384,41020,48935
2026-08-23T09:44:26Z,7384,41020,48935
2026-08-23T09:44:28Z,7384,41020,48935
2026-08-23T09:44:30Z,7384,41020,48935
2026-08-23T09:44:32Z,7384,41020,48935
2026-08-23T09:44:34Z,7384,41020,48935
2026-08-23T09:44:36Z,7384,41020,48935
2026-08-23T09:44:38Z,7384,41020,48935
2026-08-23T09:44:40Z,7384,41020,48935
2026-08-23T09:44:42Z,7254,41150,48935
2026-08-23T09:44:44Z,7254,41150,48935
2026-08-23T09:44:46Z,7254,41150,48935
2026-08-23T09:44:48Z,7254,41150,48935
2026-08-23T09:44:50Z,7254,41150,48935
2026-08-23T09:44:52Z,7384,41020,48935
2026-08-23T09:44:54Z,7384,41020,48935
2026-08-23T09:44:56Z,7384,41020,48935
2026-08-23T09:44:58Z,7384,41020,48935
2026-08-23T09:45:00Z,7384,41020,48935
2026-08-23T09:45:02Z,7384,41020,48935
2026-08-23T09:45:04Z,7384,41020,48935
2026-08-23T09:45:06Z,7384,41020,48935
2026-08-23T09:45:08Z,7384,41020,48935
2026-08-23T09:45:10Z,7384,41020,48935
2026-08-23T09:45:12Z,7384,41020,48935
2026-08-23T09:45:14Z,7384,41020,48935
2026-08-23T09:45:16Z,7384,41020,48935
2026-08-23T09:45:18Z,7384,41020,48935
2026-08-23T09:45:20Z,7384,41020,48935
2026-08-23T09:45:22Z,7384,41020,48935
2026-08-23T09:45:24Z,7384,41020,48935
2026-08-23T09:45:26Z,7384,41020,48935
2026-08-23T09:45:28Z,7384,41020,48935
2026-08-23T09:45:31Z,7384,41020,48935
2026-08-23T09:45:33Z,7384,41020,48935
2026-08-23T09:45:35Z,7384,41020,48935
2026-08-23T09:45:37Z,7384,41020,48935
2026-08-23T09:45:39Z,7384,41020,48935
2026-08-23T09:45:41Z,7384,41020,48935
2026-08-23T09:45:43Z,7384,41020,48935
2026-08-23T09:45:45Z,7384,41020,48935
2026-08-23T09:45:47Z,7384,41020,48935
2026-08-23T09:45:49Z,7384,41020,48935
2026-08-23T09:45:51Z,7384,41020,48935
2026-08-23T09:45:53Z,7384,41020,48935
2026-08-23T09:45:55Z,7384,41020,48935
2026-08-23T09:45:57Z,7384,41020,48935
2026-08-23T09:45:59Z,7384,41020,48935
2026-08-23T09:46:01Z,7384,41020,48935
2026-08-23T09:46:03Z,7384,41020,48935
2026-08-23T09:46:05Z,7384,41020,48935
2026-08-23T09:46:07Z,7384,41020,48935
2026-08-23T09:46:09Z,7384,41020,48935
2026-08-23T09:46:11Z,7384,41020,48935
2026-08-23T09:46:13Z,7384,41020,48935
2026-08-23T09:46:15Z,7384,41020,48935
2026-08-23T09:46:17Z,7384,41020,48935
2026-08-23T09:46:19Z,7384,41020,48935
2026-08-23T09:46:21Z,7384,41020,48935
2026-08-23T09:46:23Z,7384,41020,48935
2026-08-23T09:46:25Z,7384,41020,48935
2026-08-23T09:46:27Z,7384,41020,48935
2026-08-23T09:46:29Z,7384,41020,48935
2026-08-23T09:46:31Z,7384,41020,48935
2026-08-23T09:46:33Z,7384,41020,48935
2026-08-23T09:46:35Z,7384,41020,48935
2026-08-23T09:46:37Z,7386,41018,48935
2026-08-23T09:46:39Z,7386,41018,48935
2026-08-23T09:46:41Z,7254,41150,48935
2026-08-23T09:46:43Z,7254,41150,48935
2026-08-23T09:46:45Z,7254,41150,48935
2026-08-23T09:46:47Z,7254,41150,48935
2026-08-23T09:46:49Z,7254,41150,48935
2026-08-23T09:46:51Z,7384,41020,48935
2026-08-23T09:46:53Z,7384,41020,48935
2026-08-23T09:46:55Z,7384,41020,48935
2026-08-23T09:46:58Z,7384,41020,48935
2026-08-23T09:47:00Z,7384,41020,48935
2026-08-23T09:47:02Z,7384,41020,48935
2026-08-23T09:47:04Z,7384,41020,48935
2026-08-23T09:47:06Z,7384,41020,48935
2026-08-23T09:47:08Z,7384,41020,48935
2026-08-23T09:47:10Z,7384,41020,48935
2026-08-23T09:47:12Z,7384,41020,48935
2026-08-23T09:47:14Z,7384,41020,48935
2026-08-23T09:47:16Z,7384,41020,48935
2026-08-23T09:47:18Z,7384,41020,48935
2026-08-23T09:47:20Z,7384,41020,48935
2026-08-23T09:47:22Z,7384,41020,48935
2026-08-23T09:47:24Z,7384,41020,48935
2026-08-23T09:47:26Z,7384,41020,48935
2026-08-23T09:47:28Z,7384,41020,48935
2026-08-23T09:47:30Z,7384,41020,48935
2026-08-23T09:47:32Z,7384,41020,48935
2026-08-23T09:47:34Z,7384,41020,48935
2026-08-23T09:47:36Z,7384,41020,48935
2026-08-23T09:47:38Z,7384,41020,48935
2026-08-23T09:47:40Z,7384,41020,48935
2026-08-23T09:47:42Z,7384,41020,48935
2026-08-23T09:47:44Z,7384,41020,48935
2026-08-23T09:47:46Z,7384,41020,48935
2026-08-23T09:47:48Z,7384,41020,48935
2026-08-23T09:47:50Z,7384,41020,48935
2026-08-23T09:47:52Z,7384,41020,48935
2026-08-23T09:47:54Z,7384,41020,48935
2026-08-23T09:47:56Z,7384,41020,48935
2026-08-23T09:47:58Z,7384,41020,48935
2026-08-23T09:48:00Z,7384,41020,48935
2026-08-23T09:48:02Z,7384,41020,48935
2026-08-23T09:48:04Z,7384,41020,48935
2026-08-23T09:48:06Z,7384,41020,48935
2026-08-23T09:48:08Z,7384,41020,48935
2026-08-23T09:48:10Z,7384,41020,48935
2026-08-23T09:48:12Z,7384,41020,48935
2026-08-23T09:48:14Z,7384,41020,48935
2026-08-23T09:48:16Z,7384,41020,48935
2026-08-23T09:48:18Z,7384,41020,48935
2026-08-23T09:48:20Z,7384,41020,48935
2026-08-23T09:48:22Z,7384,41020,48935
2026-08-23T09:48:24Z,7384,41020,48935
2026-08-23T09:48:26Z,7384,41020,48935
2026-08-23T09:48:29Z,7384,41020,48935
2026-08-23T09:48:31Z,7384,41020,48935
2026-08-23T09:48:33Z,7384,41020,48935
2026-08-23T09:48:35Z,7384,41020,48935
2026-08-23T09:48:37Z,7384,41020,48935
2026-08-23T09:48:39Z,7384,41020,48935
2026-08-23T09:48:41Z,7384,41020,48935
2026-08-23T09:48:43Z,7384,41020,48935
2026-08-23T09:48:45Z,7384,41020,48935
2026-08-23T09:48:47Z,7384,41020,48935
2026-08-23T09:48:49Z,7384,41020,48935
2026-08-23T09:48:51Z,7384,41020,48935
2026-08-23T09:48:53Z,7384,41020,48935
2026-08-23T09:48:55Z,7384,41020,48935
2026-08-23T09:48:57Z,7384,41020,48935
2026-08-23T09:48:59Z,7254,41150,48935
2026-08-23T09:49:01Z,7254,41150,48935
2026-08-23T09:49:03Z,7254,41150,48935
2026-08-23T09:49:05Z,7254,41150,48935
2026-08-23T09:49:07Z,7254,41150,48935
2026-08-23T09:49:09Z,7384,41020,48935
2026-08-23T09:49:11Z,7384,41020,48935
2026-08-23T09:49:13Z,7384,41020,48935
2026-08-23T09:49:15Z,7384,41020,48935
2026-08-23T09:49:17Z,7384,41020,48935
2026-08-23T09:49:19Z,7384,41020,48935
2026-08-23T09:49:21Z,7384,41020,48935
2026-08-23T09:49:23Z,7384,41020,48935
2026-08-23T09:49:25Z,7384,41020,48935
2026-08-23T09:49:27Z,7384,41020,48935
2026-08-23T09:49:29Z,7384,41020,48935
2026-08-23T09:49:31Z,7384,41020,48935
2026-08-23T09:49:33Z,7384,41020,48935
2026-08-23T09:49:35Z,7384,41020,48935
2026-08-23T09:49:37Z,7384,41020,48935
2026-08-23T09:49:39Z,7384,41020,48935
2026-08-23T09:49:41Z,7384,41020,48935
2026-08-23T09:49:43Z,7384,41020,48935
2026-08-23T09:49:45Z,7384,41020,48935
2026-08-23T09:49:47Z,7384,41020,48935
2026-08-23T09:49:49Z,7384,41020,48935
2026-08-23T09:49:51Z,7384,41020,48935
2026-08-23T09:49:53Z,7384,41020,48935
2026-08-23T09:49:56Z,7384,41020,48935
2026-08-23T09:49:58Z,7384,41020,48935
2026-08-23T09:50:00Z,7384,41020,48935
2026-08-23T09:50:02Z,7384,41020,48935
2026-08-23T09:50:04Z,7384,41020,48935
2026-08-23T09:50:06Z,7384,41020,48935
2026-08-23T09:50:08Z,7384,41020,48935
2026-08-23T09:50:10Z,7384,41020,48935
2026-08-23T09:50:12Z,7384,41020,48935
2026-08-23T09:50:14Z,7384,41020,48935
2026-08-23T09:50:16Z,7384,41020,48935
2026-08-23T09:50:18Z,7384,41020,48935
2026-08-23T09:50:20Z,7384,41020,48935
2026-08-23T09:50:22Z,7384,41020,48935
2026-08-23T09:50:24Z,7384,41020,48935
2026-08-23T09:50:26Z,7384,41020,48935
2026-08-23T09:50:28Z,7384,41020,48935
2026-08-23T09:50:30Z,7384,41020,48935
2026-08-23T09:50:32Z,7384,41020,48935
2026-08-23T09:50:34Z,7384,41020,48935
2026-08-23T09:50:36Z,7384,41020,48935
2026-08-23T09:50:38Z,7384,41020,48935
2026-08-23T09:50:40Z,7384,41020,48935
2026-08-23T09:50:42Z,7254,41150,48935
2026-08-23T09:50:44Z,7254,41150,48935
2026-08-23T09:50:46Z,7254,41150,48935
2026-08-23T09:50:48Z,7254,41150,48935
2026-08-23T09:50:50Z,7254,41150,48935
2026-08-23T09:50:52Z,7256,41148,48935
2026-08-23T09:50:54Z,7384,41020,48935
2026-08-23T09:50:56Z,7384,41020,48935
2026-08-23T09:50:58Z,7384,41020,48935
2026-08-23T09:51:00Z,7384,41020,48935
2026-08-23T09:51:02Z,7384,41020,48935
2026-08-23T09:51:04Z,7384,41020,48935
2026-08-23T09:51:06Z,7384,41020,48935
2026-08-23T09:51:08Z,7384,41020,48935
2026-08-23T09:51:10Z,7384,41020,48935
2026-08-23T09:51:12Z,7384,41020,48935
2026-08-23T09:51:14Z,7384,41020,48935
2026-08-23T09:51:16Z,7384,41020,48935
2026-08-23T09:51:18Z,7384,41020,48935
2026-08-23T09:51:20Z,7384,41020,48935
2026-08-23T09:51:22Z,7384,41020,48935
2026-08-23T09:51:24Z,7384,41020,48935
2026-08-23T09:51:27Z,7384,41020,48935
2026-08-23T09:51:29Z,7384,41020,48935
2026-08-23T09:51:31Z,7384,41020,48935
2026-08-23T09:51:33Z,7384,41020,48935
2026-08-23T09:51:35Z,7384,41020,48935
2026-08-23T09:51:37Z,7384,41020,48935
2026-08-23T09:51:39Z,7384,41020,48935
2026-08-23T09:51:41Z,7384,41020,48935
2026-08-23T09:51:43Z,7384,41020,48935
2026-08-23T09:51:45Z,7384,41020,48935
2026-08-23T09:51:47Z,7384,41020,48935
2026-08-23T09:51:49Z,7384,41020,48935
2026-08-23T09:51:51Z,7384,41020,48935
2026-08-23T09:51:53Z,7384,41020,48935
2026-08-23T09:51:55Z,7384,41020,48935
2026-08-23T09:51:57Z,7384,41020,48935
2026-08-23T09:51:59Z,7384,41020,48935
2026-08-23T09:52:01Z,7384,41020,48935
2026-08-23T09:52:03Z,7384,41020,48935
2026-08-23T09:52:05Z,7384,41020,48935
2026-08-23T09:52:07Z,7384,41020,48935
2026-08-23T09:52:09Z,7384,41020,48935
2026-08-23T09:52:11Z,7384,41020,48935
2026-08-23T09:52:13Z,7384,41020,48935
2026-08-23T09:52:15Z,7384,41020,48935
2026-08-23T09:52:17Z,7384,41020,48935
2026-08-23T09:52:19Z,7384,41020,48935
2026-08-23T09:52:21Z,7384,41020,48935
2026-08-23T09:52:23Z,7384,41020,48935
2026-08-23T09:52:25Z,7384,41020,48935
2026-08-23T09:52:27Z,7384,41020,48935
2026-08-23T09:52:29Z,7384,41020,48935
2026-08-23T09:52:31Z,7384,41020,48935
2026-08-23T09:52:33Z,7384,41020,48935
2026-08-23T09:52:35Z,7384,41020,48935
2026-08-23T09:52:37Z,7384,41020,48935
2026-08-23T09:52:39Z,7384,41020,48935
2026-08-23T09:52:41Z,7384,41020,48935
2026-08-23T09:52:43Z,7384,41020,48935
2026-08-23T09:52:45Z,7384,41020,48935
2026-08-23T09:52:47Z,7384,41020,48935
2026-08-23T09:52:49Z,7384,41020,48935
2026-08-23T09:52:51Z,7384,41020,48935
2026-08-23T09:52:53Z,7384,41020,48935
2026-08-23T09:52:56Z,7384,41020,48935
2026-08-23T09:52:58Z,7384,41020,48935
2026-08-23T09:53:00Z,7254,41150,48935
2026-08-23T09:53:02Z,7254,41150,48935
2026-08-23T09:53:04Z,7254,41150,48935
2026-08-23T09:53:06Z,7254,41150,48935
2026-08-23T09:53:08Z,7254,41150,48935
2026-08-23T09:53:10Z,7256,41148,48935
2026-08-23T09:53:12Z,7384,41020,48935
2026-08-23T09:53:14Z,7384,41020,48935
2026-08-23T09:53:16Z,7384,41020,48935
2026-08-23T09:53:18Z,7384,41020,48935
2026-08-23T09:53:20Z,7384,41020,48935
2026-08-23T09:53:22Z,7384,41020,48935
2026-08-23T09:53:24Z,7384,41020,48935
2026-08-23T09:53:26Z,7384,41020,48935
2026-08-23T09:53:28Z,7384,41020,48935
2026-08-23T09:53:30Z,7384,41020,48935
2026-08-23T09:53:32Z,7384,41020,48935
2026-08-23T09:53:34Z,7384,41020,48935
2026-08-23T09:53:36Z,7384,41020,48935
2026-08-23T09:53:38Z,7384,41020,48935
2026-08-23T09:53:40Z,7384,41020,48935
2026-08-23T09:53:42Z,7384,41020,48935
2026-08-23T09:53:44Z,7384,41020,48935
2026-08-23T09:53:46Z,7384,41020,48935
2026-08-23T09:53:48Z,7384,41020,48935
2026-08-23T09:53:50Z,7384,41020,48935
2026-08-23T09:53:52Z,7384,41020,48935
2026-08-23T09:53:54Z,7384,41020,48935
2026-08-23T09:53:56Z,7384,41020,48935
2026-08-23T09:53:58Z,7384,41020,48935
2026-08-23T09:54:00Z,7384,41020,48935
2026-08-23T09:54:02Z,7384,41020,48935
2026-08-23T09:54:04Z,7384,41020,48935
2026-08-23T09:54:06Z,7384,41020,48935
2026-08-23T09:54:08Z,7384,41020,48935
2026-08-23T09:54:10Z,7384,41020,48935
2026-08-23T09:54:12Z,7384,41020,48935
2026-08-23T09:54:14Z,7384,41020,48935
2026-08-23T09:54:16Z,7384,41020,48935
2026-08-23T09:54:18Z,7384,41020,48935
2026-08-23T09:54:20Z,7384,41020,48935
2026-08-23T09:54:22Z,7384,41020,48935
2026-08-23T09:54:25Z,7384,41020,48935
2026-08-23T09:54:27Z,7384,41020,48935
2026-08-23T09:54:29Z,7384,41020,48935
2026-08-23T09:54:31Z,7384,41020,48935
2026-08-23T09:54:33Z,7384,41020,48935
2026-08-23T09:54:35Z,7384,41020,48935
2026-08-23T09:54:37Z,7384,41020,48935
2026-08-23T09:54:39Z,7384,41020,48935
2026-08-23T09:54:41Z,7384,41020,48935
2026-08-23T09:54:43Z,7384,41020,48935
2026-08-23T09:54:45Z,7384,41020,48935
2026-08-23T09:54:47Z,7384,41020,48935
2026-08-23T09:54:49Z,7384,41020,48935
2026-08-23T09:54:51Z,7384,41020,48935
2026-08-23T09:54:53Z,7384,41020,48935
2026-08-23T09:54:55Z,7384,41020,48935
2026-08-23T09:54:57Z,7384,41020,48935
2026-08-23T09:54:59Z,7384,41020,48935
2026-08-23T09:55:01Z,7384,41020,48935
2026-08-23T09:55:03Z,7384,41020,48935
2026-08-23T09:55:05Z,7384,41020,48935
2026-08-23T09:55:07Z,7384,41020,48935
2026-08-23T09:55:09Z,7384,41020,48935
2026-08-23T09:55:11Z,7384,41020,48935
2026-08-23T09:55:13Z,7384,41020,48935
2026-08-23T09:55:15Z,7384,41020,48935
2026-08-23T09:55:17Z,7384,41020,48935
2026-08-23T09:55:19Z,7384,41020,48935
2026-08-23T09:55:21Z,7384,41020,48935
2026-08-23T09:55:23Z,7384,41020,48935
2026-08-23T09:55:25Z,7254,41150,48935
2026-08-23T09:55:27Z,7254,41150,48935
2026-08-23T09:55:29Z,7254,41150,48935
2026-08-23T09:55:31Z,7254,41150,48935
2026-08-23T09:55:33Z,7254,41150,48935
2026-08-23T09:55:35Z,7254,41150,48935
2026-08-23T09:55:37Z,7384,41020,48935
2026-08-23T09:55:39Z,7384,41020,48935
2026-08-23T09:55:41Z,7384,41020,48935
2026-08-23T09:55:43Z,7384,41020,48935
2026-08-23T09:55:45Z,7384,41020,48935
2026-08-23T09:55:47Z,7384,41020,48935
2026-08-23T09:55:49Z,7384,41020,48935
2026-08-23T09:55:51Z,7384,41020,48935
2026-08-23T09:55:54Z,7384,41020,48935
2026-08-23T09:55:56Z,7384,41020,48935
2026-08-23T09:55:58Z,7384,41020,48935
2026-08-23T09:56:00Z,7384,41020,48935
2026-08-23T09:56:02Z,7384,41020,48935
2026-08-23T09:56:04Z,7384,41020,48935
2026-08-23T09:56:06Z,7384,41020,48935
2026-08-23T09:56:08Z,7384,41020,48935
2026-08-23T09:56:10Z,7384,41020,48935
2026-08-23T09:56:12Z,7384,41020,48935
2026-08-23T09:56:14Z,7384,41020,48935
2026-08-23T09:56:16Z,7384,41020,48935
2026-08-23T09:56:18Z,7384,41020,48935
2026-08-23T09:56:20Z,7384,41020,48935
2026-08-23T09:56:22Z,7384,41020,48935
2026-08-23T09:56:24Z,7384,41020,48935
2026-08-23T09:56:26Z,7384,41020,48935
2026-08-23T09:56:28Z,7384,41020,48935
2026-08-23T09:56:30Z,7384,41020,48935
2026-08-23T09:56:32Z,7384,41020,48935
2026-08-23T09:56:34Z,7384,41020,48935
2026-08-23T09:56:36Z,7384,41020,48935
2026-08-23T09:56:38Z,7384,41020,48935
2026-08-23T09:56:40Z,7384,41020,48935
2026-08-23T09:56:42Z,7384,41020,48935
2026-08-23T09:56:44Z,7384,41020,48935
2026-08-23T09:56:46Z,7384,41020,48935
2026-08-23T09:56:48Z,7384,41020,48935
2026-08-23T09:56:50Z,7384,41020,48935
2026-08-23T09:56:52Z,7384,41020,48935
2026-08-23T09:56:54Z,7384,41020,48935
2026-08-23T09:56:56Z,7384,41020,48935
2026-08-23T09:56:58Z,7384,41020,48935
2026-08-23T09:57:00Z,7384,41020,48935
2026-08-23T09:57:02Z,7384,41020,48935
2026-08-23T09:57:04Z,7384,41020,48935
2026-08-23T09:57:06Z,7384,41020,48935
2026-08-23T09:57:08Z,7384,41020,48935
2026-08-23T09:57:10Z,7384,41020,48935
2026-08-23T09:57:12Z,7384,41020,48935
2026-08-23T09:57:14Z,7384,41020,48935
2026-08-23T09:57:16Z,7384,41020,48935
2026-08-23T09:57:18Z,7384,41020,48935
2026-08-23T09:57:20Z,7384,41020,48935
2026-08-23T09:57:23Z,7384,41020,48935
2026-08-23T09:57:25Z,7384,41020,48935
2026-08-23T09:57:27Z,7384,41020,48935
2026-08-23T09:57:29Z,7384,41020,48935
2026-08-23T09:57:31Z,7384,41020,48935
2026-08-23T09:57:33Z,7384,41020,48935
2026-08-23T09:57:35Z,7384,41020,48935
2026-08-23T09:57:37Z,7384,41020,48935
2026-08-23T09:57:39Z,7384,41020,48935
2026-08-23T09:57:41Z,7384,41020,48935
2026-08-23T09:57:43Z,7384,41020,48935
2026-08-23T09:57:45Z,7384,41020,48935
2026-08-23T09:57:47Z,7384,41020,48935
2026-08-23T09:57:49Z,7384,41020,48935
2026-08-23T09:57:51Z,7384,41020,48935
2026-08-23T09:57:53Z,7384,41020,48935
2026-08-23T09:57:55Z,7384,41020,48935
2026-08-23T09:57:57Z,7384,41020,48935
2026-08-23T09:57:59Z,7384,41020,48935
2026-08-23T09:58:01Z,7384,41020,48935
2026-08-23T09:58:03Z,7384,41020,48935
2026-08-23T09:58:05Z,7384,41020,48935
2026-08-23T09:58:07Z,7384,41020,48935
2026-08-23T09:58:09Z,7384,41020,48935
2026-08-23T09:58:11Z,7384,41020,48935
2026-08-23T09:58:13Z,7384,41020,48935
2026-08-23T09:58:15Z,7384,41020,48935
2026-08-23T09:58:17Z,7384,41020,48935
2026-08-23T09:58:19Z,7384,41020,48935
2026-08-23T09:58:21Z,7384,41020,48935
2026-08-23T09:58:23Z,7384,41020,48935
2026-08-23T09:58:25Z,7384,41020,48935
2026-08-23T09:58:27Z,7384,41020,48935
2026-08-23T09:58:29Z,7384,41020,48935
2026-08-23T09:58:31Z,7384,41020,48935
2026-08-23T09:58:33Z,7384,41020,48935
2026-08-23T09:58:35Z,7384,41020,48935
2026-08-23T09:58:37Z,7254,41150,48935
2026-08-23T09:58:39Z,7254,41150,48935
2026-08-23T09:58:41Z,7254,41150,48935
2026-08-23T09:58:43Z,7254,41150,48935
2026-08-23T09:58:45Z,7254,41150,48935
2026-08-23T09:58:47Z,7254,41150,48935
2026-08-23T09:58:49Z,7384,41020,48935
2026-08-23T09:58:52Z,7384,41020,48935
2026-08-23T09:58:54Z,7384,41020,48935
2026-08-23T09:58:56Z,7384,41020,48935
2026-08-23T09:58:58Z,7384,41020,48935
2026-08-23T09:59:00Z,7384,41020,48935
2026-08-23T09:59:02Z,7384,41020,48935
2026-08-23T09:59:04Z,7384,41020,48935
2026-08-23T09:59:06Z,7384,41020,48935
2026-08-23T09:59:08Z,7384,41020,48935
2026-08-23T09:59:10Z,7384,41020,48935
2026-08-23T09:59:12Z,7384,41020,48935
2026-08-23T09:59:14Z,7384,41020,48935
2026-08-23T09:59:16Z,7384,41020,48935
2026-08-23T09:59:18Z,7384,41020,48935
2026-08-23T09:59:20Z,7384,41020,48935
2026-08-23T09:59:22Z,7384,41020,48935
2026-08-23T09:59:24Z,7384,41020,48935
2026-08-23T09:59:26Z,7384,41020,48935
2026-08-23T09:59:28Z,7384,41020,48935
2026-08-23T09:59:30Z,7384,41020,48935
2026-08-23T09:59:32Z,7384,41020,48935
2026-08-23T09:59:34Z,7384,41020,48935
2026-08-23T09:59:36Z,7384,41020,48935
2026-08-23T09:59:38Z,7384,41020,48935
2026-08-23T09:59:40Z,7384,41020,48935
2026-08-23T09:59:42Z,7384,41020,48935
2026-08-23T09:59:44Z,7384,41020,48935
2026-08-23T09:59:46Z,7384,41020,48935
2026-08-23T09:59:48Z,7384,41020,48935
2026-08-23T09:59:50Z,7384,41020,48935
2026-08-23T09:59:52Z,7384,41020,48935
2026-08-23T09:59:54Z,7384,41020,48935
2026-08-23T09:59:56Z,7384,41020,48935
2026-08-23T09:59:58Z,7384,41020,48935
2026-08-23T10:00:00Z,7384,41020,48935
2026-08-23T10:00:02Z,7384,41020,48935
2026-08-23T10:00:04Z,7384,41020,48935
2026-08-23T10:00:06Z,7384,41020,48935
2026-08-23T10:00:08Z,7384,41020,48935
2026-08-23T10:00:10Z,7384,41020,48935
2026-08-23T10:00:12Z,7384,41020,48935
2026-08-23T10:00:14Z,7384,41020,48935
2026-08-23T10:00:16Z,7384,41020,48935
2026-08-23T10:00:18Z,7384,41020,48935
2026-08-23T10:00:21Z,7384,41020,48935
2026-08-23T10:00:23Z,7384,41020,48935
2026-08-23T10:00:25Z,7384,41020,48935
2026-08-23T10:00:27Z,7384,41020,48935
2026-08-23T10:00:29Z,7384,41020,48935
2026-08-23T10:00:31Z,7384,41020,48935
2026-08-23T10:00:33Z,7384,41020,48935
2026-08-23T10:00:35Z,7384,41020,48935
2026-08-23T10:00:37Z,7384,41020,48935
2026-08-23T10:00:39Z,7384,41020,48935
2026-08-23T10:00:41Z,7384,41020,48935
2026-08-23T10:00:43Z,7384,41020,48935
2026-08-23T10:00:45Z,7384,41020,48935
2026-08-23T10:00:47Z,7384,41020,48935
2026-08-23T10:00:49Z,7384,41020,48935
2026-08-23T10:00:51Z,7384,41020,48935
2026-08-23T10:00:53Z,7384,41020,48935
2026-08-23T10:00:55Z,7384,41020,48935
2026-08-23T10:00:57Z,7384,41020,48935
2026-08-23T10:00:59Z,7384,41020,48935
2026-08-23T10:01:01Z,7384,41020,48935
2026-08-23T10:01:03Z,7384,41020,48935
2026-08-23T10:01:05Z,7384,41020,48935
2026-08-23T10:01:07Z,7384,41020,48935
2026-08-23T10:01:09Z,7384,41020,48935
2026-08-23T10:01:11Z,7384,41020,48935
2026-08-23T10:01:13Z,7384,41020,48935
2026-08-23T10:01:15Z,7384,41020,48935
2026-08-23T10:01:17Z,7384,41020,48935
2026-08-23T10:01:19Z,7384,41020,48935
2026-08-23T10:01:21Z,7384,41020,48935
2026-08-23T10:01:23Z,7384,41020,48935
2026-08-23T10:01:25Z,7384,41020,48935
2026-08-23T10:01:27Z,7384,41020,48935
2026-08-23T10:01:29Z,7384,41020,48935
2026-08-23T10:01:31Z,7254,41150,48935
2026-08-23T10:01:33Z,7254,41150,48935
2026-08-23T10:01:35Z,7254,41150,48935
2026-08-23T10:01:37Z,7254,41150,48935
2026-08-23T10:01:39Z,7254,41150,48935
2026-08-23T10:01:41Z,7384,41020,48935
2026-08-23T10:01:43Z,7384,41020,48935
2026-08-23T10:01:45Z,7384,41020,48935
2026-08-23T10:01:48Z,7384,41020,48935
2026-08-23T10:01:50Z,7384,41020,48935
2026-08-23T10:01:52Z,7384,41020,48935
2026-08-23T10:01:54Z,7384,41020,48935
2026-08-23T10:01:56Z,7384,41020,48935
2026-08-23T10:01:58Z,7384,41020,48935
2026-08-23T10:02:00Z,7384,41020,48935
2026-08-23T10:02:02Z,7384,41020,48935
2026-08-23T10:02:04Z,7384,41020,48935
2026-08-23T10:02:06Z,7384,41020,48935
2026-08-23T10:02:08Z,7384,41020,48935
2026-08-23T10:02:10Z,7384,41020,48935
2026-08-23T10:02:12Z,7384,41020,48935
2026-08-23T10:02:14Z,7384,41020,48935
2026-08-23T10:02:16Z,7384,41020,48935
2026-08-23T10:02:18Z,7384,41020,48935
2026-08-23T10:02:20Z,7384,41020,48935
2026-08-23T10:02:22Z,7384,41020,48935
2026-08-23T10:02:24Z,7384,41020,48935
2026-08-23T10:02:26Z,7384,41020,48935
2026-08-23T10:02:28Z,7384,41020,48935
2026-08-23T10:02:30Z,7384,41020,48935
2026-08-23T10:02:32Z,7384,41020,48935
2026-08-23T10:02:34Z,7384,41020,48935
2026-08-23T10:02:36Z,7384,41020,48935
2026-08-23T10:02:38Z,7384,41020,48935
2026-08-23T10:02:40Z,7384,41020,48935
2026-08-23T10:02:42Z,7384,41020,48935
2026-08-23T10:02:44Z,7384,41020,48935
2026-08-23T10:02:46Z,7384,41020,48935
2026-08-23T10:02:48Z,7384,41020,48935
2026-08-23T10:02:50Z,7384,41020,48935
2026-08-23T10:02:52Z,7384,41020,48935
2026-08-23T10:02:54Z,7384,41020,48935
2026-08-23T10:02:56Z,7384,41020,48935
2026-08-23T10:02:58Z,7384,41020,48935
2026-08-23T10:03:00Z,7384,41020,48935
2026-08-23T10:03:02Z,7384,41020,48935
2026-08-23T10:03:04Z,7384,41020,48935
2026-08-23T10:03:06Z,7384,41020,48935
2026-08-23T10:03:08Z,7384,41020,48935
2026-08-23T10:03:10Z,7384,41020,48935
2026-08-23T10:03:12Z,7384,41020,48935
2026-08-23T10:03:14Z,7384,41020,48935
2026-08-23T10:03:17Z,7384,41020,48935
2026-08-23T10:03:19Z,7384,41020,48935
2026-08-23T10:03:21Z,7384,41020,48935
2026-08-23T10:03:23Z,7384,41020,48935
2026-08-23T10:03:25Z,7384,41020,48935
2026-08-23T10:03:27Z,7384,41020,48935
2026-08-23T10:03:29Z,7384,41020,48935
2026-08-23T10:03:31Z,7384,41020,48935
2026-08-23T10:03:33Z,7384,41020,48935
2026-08-23T10:03:35Z,7384,41020,48935
2026-08-23T10:03:37Z,7384,41020,48935
2026-08-23T10:03:39Z,7384,41020,48935
2026-08-23T10:03:41Z,7384,41020,48935
2026-08-23T10:03:43Z,7384,41020,48935
2026-08-23T10:03:45Z,7384,41020,48935
2026-08-23T10:03:47Z,7384,41020,48935
2026-08-23T10:03:49Z,7384,41020,48935
2026-08-23T10:03:51Z,7384,41020,48935
2026-08-23T10:03:53Z,7384,41020,48935
2026-08-23T10:03:55Z,7384,41020,48935
2026-08-23T10:03:57Z,7384,41020,48935
2026-08-23T10:03:59Z,7384,41020,48935
2026-08-23T10:04:01Z,7254,41150,48935
2026-08-23T10:04:03Z,7254,41150,48935
2026-08-23T10:04:05Z,7254,41150,48935
2026-08-23T10:04:07Z,7254,41150,48935
2026-08-23T10:04:09Z,7254,41150,48935
2026-08-23T10:04:11Z,7256,41148,48935
2026-08-23T10:04:13Z,7384,41020,48935
2026-08-23T10:04:15Z,7384,41020,48935
2026-08-23T10:04:17Z,7384,41020,48935
2026-08-23T10:04:19Z,7384,41020,48935
2026-08-23T10:04:21Z,7384,41020,48935
2026-08-23T10:04:23Z,7384,41020,48935
2026-08-23T10:04:25Z,7384,41020,48935
2026-08-23T10:04:27Z,7384,41020,48935
2026-08-23T10:04:29Z,7384,41020,48935
2026-08-23T10:04:31Z,7384,41020,48935
2026-08-23T10:04:33Z,7384,41020,48935
2026-08-23T10:04:35Z,7384,41020,48935
2026-08-23T10:04:37Z,7384,41020,48935
2026-08-23T10:04:39Z,7384,41020,48935
2026-08-23T10:04:41Z,7384,41020,48935
2026-08-23T10:04:43Z,7384,41020,48935
2026-08-23T10:04:46Z,7384,41020,48935
2026-08-23T10:04:48Z,7384,41020,48935
2026-08-23T10:04:50Z,7384,41020,48935
2026-08-23T10:04:52Z,7384,41020,48935
2026-08-23T10:04:54Z,7384,41020,48935
2026-08-23T10:04:56Z,7384,41020,48935
2026-08-23T10:04:58Z,7384,41020,48935
2026-08-23T10:05:00Z,7384,41020,48935
2026-08-23T10:05:02Z,7384,41020,48935
2026-08-23T10:05:04Z,7384,41020,48935
2026-08-23T10:05:06Z,7384,41020,48935
2026-08-23T10:05:08Z,7384,41020,48935
2026-08-23T10:05:10Z,7384,41020,48935
2026-08-23T10:05:12Z,7384,41020,48935
2026-08-23T10:05:14Z,7384,41020,48935
2026-08-23T10:05:16Z,7384,41020,48935
2026-08-23T10:05:18Z,7384,41020,48935
2026-08-23T10:05:20Z,7384,41020,48935
2026-08-23T10:05:22Z,7384,41020,48935
2026-08-23T10:05:24Z,7384,41020,48935
2026-08-23T10:05:26Z,7384,41020,48935
2026-08-23T10:05:28Z,7384,41020,48935
2026-08-23T10:05:30Z,7384,41020,48935
2026-08-23T10:05:32Z,7384,41020,48935
2026-08-23T10:05:34Z,7384,41020,48935
2026-08-23T10:05:36Z,7384,41020,48935
2026-08-23T10:05:38Z,7384,41020,48935
2026-08-23T10:05:40Z,7384,41020,48935
2026-08-23T10:05:42Z,7384,41020,48935
2026-08-23T10:05:44Z,7384,41020,48935
2026-08-23T10:05:46Z,7384,41020,48935
2026-08-23T10:05:48Z,7384,41020,48935
2026-08-23T10:05:50Z,7384,41020,48935
2026-08-23T10:05:52Z,7384,41020,48935
2026-08-23T10:05:54Z,7384,41020,48935
2026-08-23T10:05:56Z,7384,41020,48935
2026-08-23T10:05:58Z,7384,41020,48935
2026-08-23T10:06:00Z,7384,41020,48935
2026-08-23T10:06:02Z,7384,41020,48935
2026-08-23T10:06:04Z,7384,41020,48935
2026-08-23T10:06:06Z,7384,41020,48935
2026-08-23T10:06:08Z,7384,41020,48935
2026-08-23T10:06:10Z,7384,41020,48935
2026-08-23T10:06:12Z,7384,41020,48935
2026-08-23T10:06:15Z,7384,41020,48935
2026-08-23T10:06:17Z,7384,41020,48935
2026-08-23T10:06:19Z,7384,41020,48935
2026-08-23T10:06:21Z,7384,41020,48935
2026-08-23T10:06:23Z,7384,41020,48935
2026-08-23T10:06:25Z,7384,41020,48935
2026-08-23T10:06:27Z,7384,41020,48935
2026-08-23T10:06:29Z,7384,41020,48935
2026-08-23T10:06:31Z,7384,41020,48935
2026-08-23T10:06:33Z,7384,41020,48935
2026-08-23T10:06:35Z,7384,41020,48935
2026-08-23T10:06:37Z,7384,41020,48935
2026-08-23T10:06:39Z,7384,41020,48935
2026-08-23T10:06:41Z,7384,41020,48935
2026-08-23T10:06:43Z,7386,41018,48935
2026-08-23T10:06:45Z,7386,41018,48935
2026-08-23T10:06:47Z,7254,41150,48935
2026-08-23T10:06:49Z,7254,41150,48935
2026-08-23T10:06:51Z,7254,41150,48935
2026-08-23T10:06:53Z,7254,41150,48935
2026-08-23T10:06:55Z,7254,41150,48935
2026-08-23T10:06:57Z,7384,41020,48935
2026-08-23T10:06:59Z,7384,41020,48935
2026-08-23T10:07:01Z,7384,41020,48935
2026-08-23T10:07:03Z,7384,41020,48935
2026-08-23T10:07:05Z,7384,41020,48935
2026-08-23T10:07:07Z,7384,41020,48935
2026-08-23T10:07:09Z,7384,41020,48935
2026-08-23T10:07:11Z,7384,41020,48935
2026-08-23T10:07:13Z,7384,41020,48935
2026-08-23T10:07:15Z,7384,41020,48935
2026-08-23T10:07:17Z,7384,41020,48935
2026-08-23T10:07:19Z,7384,41020,48935
2026-08-23T10:07:21Z,7384,41020,48935
2026-08-23T10:07:23Z,7384,41020,48935
2026-08-23T10:07:25Z,7384,41020,48935
2026-08-23T10:07:27Z,7384,41020,48935
2026-08-23T10:07:29Z,7384,41020,48935
2026-08-23T10:07:31Z,7384,41020,48935
2026-08-23T10:07:33Z,7384,41020,48935
2026-08-23T10:07:35Z,7384,41020,48935
2026-08-23T10:07:37Z,7384,41020,48935
2026-08-23T10:07:39Z,7384,41020,48935
2026-08-23T10:07:41Z,7384,41020,48935
2026-08-23T10:07:44Z,7384,41020,48935
2026-08-23T10:07:46Z,7384,41020,48935
2026-08-23T10:07:48Z,7384,41020,48935
2026-08-23T10:07:50Z,7384,41020,48935
2026-08-23T10:07:52Z,7384,41020,48935
2026-08-23T10:07:54Z,7384,41020,48935
2026-08-23T10:07:56Z,7384,41020,48935
2026-08-23T10:07:58Z,7384,41020,48935
2026-08-23T10:08:00Z,7384,41020,48935
2026-08-23T10:08:02Z,7384,41020,48935
2026-08-23T10:08:04Z,7384,41020,48935
2026-08-23T10:08:06Z,7384,41020,48935
2026-08-23T10:08:08Z,7384,41020,48935
2026-08-23T10:08:10Z,7384,41020,48935
2026-08-23T10:08:12Z,7384,41020,48935
2026-08-23T10:08:14Z,7384,41020,48935
2026-08-23T10:08:16Z,7384,41020,48935
2026-08-23T10:08:18Z,7384,41020,48935
2026-08-23T10:08:20Z,7384,41020,48935
2026-08-23T10:08:22Z,7384,41020,48935
2026-08-23T10:08:24Z,7384,41020,48935
2026-08-23T10:08:26Z,7384,41020,48935
2026-08-23T10:08:28Z,7384,41020,48935
2026-08-23T10:08:30Z,7384,41020,48935
2026-08-23T10:08:32Z,7384,41020,48935
2026-08-23T10:08:34Z,7384,41020,48935
2026-08-23T10:08:36Z,7384,41020,48935
2026-08-23T10:08:38Z,7384,41020,48935
2026-08-23T10:08:40Z,7384,41020,48935
2026-08-23T10:08:42Z,7384,41020,48935
2026-08-23T10:08:44Z,7384,41020,48935
2026-08-23T10:08:46Z,7384,41020,48935
2026-08-23T10:08:48Z,7384,41020,48935
2026-08-23T10:08:50Z,7384,41020,48935
2026-08-23T10:08:52Z,7384,41020,48935
2026-08-23T10:08:54Z,7384,41020,48935
2026-08-23T10:08:56Z,7384,41020,48935
2026-08-23T10:08:58Z,7384,41020,48935
2026-08-23T10:09:00Z,7384,41020,48935
2026-08-23T10:09:02Z,7384,41020,48935
2026-08-23T10:09:04Z,7384,41020,48935
2026-08-23T10:09:06Z,7384,41020,48935
2026-08-23T10:09:08Z,7384,41020,48935
2026-08-23T10:09:10Z,7384,41020,48935
2026-08-23T10:09:13Z,7384,41020,48935
2026-08-23T10:09:15Z,7384,41020,48935
2026-08-23T10:09:17Z,7384,41020,48935
2026-08-23T10:09:19Z,7384,41020,48935
2026-08-23T10:09:21Z,7384,41020,48935
2026-08-23T10:09:23Z,7384,41020,48935
2026-08-23T10:09:25Z,7254,41150,48935
2026-08-23T10:09:27Z,7254,41150,48935
2026-08-23T10:09:29Z,7254,41150,48935
2026-08-23T10:09:31Z,7254,41150,48935
2026-08-23T10:09:33Z,7254,41150,48935
2026-08-23T10:09:35Z,7384,41020,48935
2026-08-23T10:09:37Z,7384,41020,48935
2026-08-23T10:09:39Z,7384,41020,48935
2026-08-23T10:09:41Z,7384,41020,48935
2026-08-23T10:09:43Z,7384,41020,48935
2026-08-23T10:09:45Z,7384,41020,48935
2026-08-23T10:09:47Z,7384,41020,48935
2026-08-23T10:09:49Z,7384,41020,48935
2026-08-23T10:09:51Z,7384,41020,48935
2026-08-23T10:09:53Z,7384,41020,48935
2026-08-23T10:09:55Z,7384,41020,48935
2026-08-23T10:09:57Z,7384,41020,48935
2026-08-23T10:09:59Z,7384,41020,48935
2026-08-23T10:10:01Z,7384,41020,48935
2026-08-23T10:10:03Z,7384,41020,48935
2026-08-23T10:10:05Z,7384,41020,48935
2026-08-23T10:10:07Z,7384,41020,48935
2026-08-23T10:10:09Z,7384,41020,48935
2026-08-23T10:10:11Z,7384,41020,48935
2026-08-23T10:10:13Z,7384,41020,48935
2026-08-23T10:10:15Z,7384,41020,48935
2026-08-23T10:10:17Z,7384,41020,48935
2026-08-23T10:10:19Z,7384,41020,48935
2026-08-23T10:10:21Z,7384,41020,48935
2026-08-23T10:10:23Z,7384,41020,48935
2026-08-23T10:10:25Z,7384,41020,48935
2026-08-23T10:10:27Z,7384,41020,48935
2026-08-23T10:10:29Z,7384,41020,48935
2026-08-23T10:10:31Z,7384,41020,48935
2026-08-23T10:10:33Z,7384,41020,48935
2026-08-23T10:10:35Z,7384,41020,48935
2026-08-23T10:10:37Z,7384,41020,48935
2026-08-23T10:10:39Z,7384,41020,48935
2026-08-23T10:10:42Z,7384,41020,48935
2026-08-23T10:10:44Z,7384,41020,48935
2026-08-23T10:10:46Z,7384,41020,48935
2026-08-23T10:10:48Z,7384,41020,48935
2026-08-23T10:10:50Z,7384,41020,48935
2026-08-23T10:10:52Z,7384,41020,48935
2026-08-23T10:10:54Z,7384,41020,48935
2026-08-23T10:10:56Z,7384,41020,48935
2026-08-23T10:10:58Z,7384,41020,48935
2026-08-23T10:11:00Z,7384,41020,48935
2026-08-23T10:11:02Z,7384,41020,48935
2026-08-23T10:11:04Z,7384,41020,48935
2026-08-23T10:11:06Z,7254,41150,48935
2026-08-23T10:11:08Z,7254,41150,48935
2026-08-23T10:11:10Z,7254,41150,48935
2026-08-23T10:11:12Z,7254,41150,48935
2026-08-23T10:11:14Z,7254,41150,48935
2026-08-23T10:11:16Z,7254,41150,48935
2026-08-23T10:11:18Z,7384,41020,48935
2026-08-23T10:11:20Z,7384,41020,48935
2026-08-23T10:11:22Z,7384,41020,48935
2026-08-23T10:11:24Z,7384,41020,48935
2026-08-23T10:11:26Z,7384,41020,48935
2026-08-23T10:11:28Z,7384,41020,48935
2026-08-23T10:11:30Z,7384,41020,48935
2026-08-23T10:11:32Z,7384,41020,48935
2026-08-23T10:11:34Z,7384,41020,48935
2026-08-23T10:11:36Z,7384,41020,48935
2026-08-23T10:11:38Z,7384,41020,48935
2026-08-23T10:11:40Z,7384,41020,48935
2026-08-23T10:11:42Z,7384,41020,48935
2026-08-23T10:11:44Z,7384,41020,48935
2026-08-23T10:11:46Z,7384,41020,48935
2026-08-23T10:11:48Z,7384,41020,48935
2026-08-23T10:11:50Z,7384,41020,48935
2026-08-23T10:11:52Z,7384,41020,48935
2026-08-23T10:11:54Z,7384,41020,48935
2026-08-23T10:11:56Z,7384,41020,48935
2026-08-23T10:11:58Z,7384,41020,48935
2026-08-23T10:12:00Z,7384,41020,48935
2026-08-23T10:12:02Z,7384,41020,48935
2026-08-23T10:12:04Z,7384,41020,48935
2026-08-23T10:12:06Z,7384,41020,48935
2026-08-23T10:12:08Z,7384,41020,48935
2026-08-23T10:12:11Z,7384,41020,48935
2026-08-23T10:12:13Z,7384,41020,48935
2026-08-23T10:12:15Z,7384,41020,48935
2026-08-23T10:12:17Z,7384,41020,48935
2026-08-23T10:12:19Z,7384,41020,48935
2026-08-23T10:12:21Z,7384,41020,48935
2026-08-23T10:12:23Z,7384,41020,48935
2026-08-23T10:12:25Z,7384,41020,48935
2026-08-23T10:12:27Z,7384,41020,48935
2026-08-23T10:12:29Z,7384,41020,48935
2026-08-23T10:12:31Z,7384,41020,48935
2026-08-23T10:12:33Z,7384,41020,48935
2026-08-23T10:12:35Z,7384,41020,48935
2026-08-23T10:12:37Z,7384,41020,48935
2026-08-23T10:12:39Z,7384,41020,48935
2026-08-23T10:12:41Z,7384,41020,48935
2026-08-23T10:12:43Z,7384,41020,48935
2026-08-23T10:12:45Z,7384,41020,48935
2026-08-23T10:12:47Z,7384,41020,48935
2026-08-23T10:12:49Z,7384,41020,48935
2026-08-23T10:12:51Z,7384,41020,48935
2026-08-23T10:12:53Z,7384,41020,48935
2026-08-23T10:12:55Z,7384,41020,48935
2026-08-23T10:12:57Z,7384,41020,48935
2026-08-23T10:12:59Z,7384,41020,48935
2026-08-23T10:13:01Z,7384,41020,48935
2026-08-23T10:13:03Z,7384,41020,48935
2026-08-23T10:13:05Z,7384,41020,48935
2026-08-23T10:13:07Z,7384,41020,48935
2026-08-23T10:13:09Z,7384,41020,48935
2026-08-23T10:13:11Z,7384,41020,48935
2026-08-23T10:13:13Z,7384,41020,48935
2026-08-23T10:13:15Z,7384,41020,48935
2026-08-23T10:13:17Z,7384,41020,48935
2026-08-23T10:13:19Z,7384,41020,48935
2026-08-23T10:13:21Z,7384,41020,48935
2026-08-23T10:13:23Z,7384,41020,48935
2026-08-23T10:13:25Z,7384,41020,48935
2026-08-23T10:13:27Z,7254,41150,48935
2026-08-23T10:13:29Z,7254,41150,48935
2026-08-23T10:13:31Z,7254,41150,48935
2026-08-23T10:13:33Z,7254,41150,48935
2026-08-23T10:13:35Z,7254,41150,48935
2026-08-23T10:13:37Z,7254,41150,48935
2026-08-23T10:13:40Z,7384,41020,48935
2026-08-23T10:13:42Z,7384,41020,48935
2026-08-23T10:13:44Z,7384,41020,48935
2026-08-23T10:13:46Z,7384,41020,48935
2026-08-23T10:13:48Z,7384,41020,48935
2026-08-23T10:13:50Z,7384,41020,48935
2026-08-23T10:13:52Z,7384,41020,48935
2026-08-23T10:13:54Z,7384,41020,48935
2026-08-23T10:13:56Z,7384,41020,48935
2026-08-23T10:13:58Z,7384,41020,48935
2026-08-23T10:14:00Z,7384,41020,48935
2026-08-23T10:14:02Z,7384,41020,48935
2026-08-23T10:14:04Z,7384,41020,48935
2026-08-23T10:14:06Z,7384,41020,48935
2026-08-23T10:14:08Z,7384,41020,48935
2026-08-23T10:14:10Z,7384,41020,48935
2026-08-23T10:14:12Z,7384,41020,48935
2026-08-23T10:14:14Z,7384,41020,48935
2026-08-23T10:14:16Z,7384,41020,48935
2026-08-23T10:14:18Z,7384,41020,48935
2026-08-23T10:14:20Z,7384,41020,48935
2026-08-23T10:14:22Z,7384,41020,48935
2026-08-23T10:14:24Z,7384,41020,48935
2026-08-23T10:14:26Z,7384,41020,48935
2026-08-23T10:14:28Z,7384,41020,48935
2026-08-23T10:14:30Z,7384,41020,48935
2026-08-23T10:14:32Z,7384,41020,48935
2026-08-23T10:14:34Z,7384,41020,48935
2026-08-23T10:14:36Z,7384,41020,48935
2026-08-23T10:14:38Z,7384,41020,48935
2026-08-23T10:14:40Z,7384,41020,48935
2026-08-23T10:14:42Z,7384,41020,48935
2026-08-23T10:14:44Z,7384,41020,48935
2026-08-23T10:14:46Z,7384,41020,48935
2026-08-23T10:14:48Z,7384,41020,48935
2026-08-23T10:14:50Z,7384,41020,48935
2026-08-23T10:14:52Z,7384,41020,48935
2026-08-23T10:14:54Z,7384,41020,48935
2026-08-23T10:14:56Z,7384,41020,48935
2026-08-23T10:14:58Z,7384,41020,48935
2026-08-23T10:15:00Z,7384,41020,48935
2026-08-23T10:15:02Z,7384,41020,48935
2026-08-23T10:15:04Z,7384,41020,48935
2026-08-23T10:15:07Z,7384,41020,48935
2026-08-23T10:15:09Z,7384,41020,48935
2026-08-23T10:15:11Z,7384,41020,48935
2026-08-23T10:15:13Z,7384,41020,48935
2026-08-23T10:15:15Z,7384,41020,48935
2026-08-23T10:15:17Z,7384,41020,48935
2026-08-23T10:15:19Z,7384,41020,48935
2026-08-23T10:15:21Z,7384,41020,48935
2026-08-23T10:15:23Z,7384,41020,48935
2026-08-23T10:15:25Z,7384,41020,48935
2026-08-23T10:15:27Z,7384,41020,48935
2026-08-23T10:15:29Z,7384,41020,48935
2026-08-23T10:15:31Z,7384,41020,48935
2026-08-23T10:15:33Z,7384,41020,48935
2026-08-23T10:15:35Z,7384,41020,48935
2026-08-23T10:15:37Z,7384,41020,48935
2026-08-23T10:15:39Z,7384,41020,48935
2026-08-23T10:15:41Z,7384,41020,48935
2026-08-23T10:15:43Z,7384,41020,48935
2026-08-23T10:15:45Z,7384,41020,48935
2026-08-23T10:15:47Z,7384,41020,48935
2026-08-23T10:15:49Z,7254,41150,48935
2026-08-23T10:15:51Z,7254,41150,48935
2026-08-23T10:15:53Z,7254,41150,48935
2026-08-23T10:15:55Z,7254,41150,48935
2026-08-23T10:15:57Z,7254,41150,48935
2026-08-23T10:15:59Z,7384,41020,48935
2026-08-23T10:16:01Z,7384,41020,48935
2026-08-23T10:16:03Z,7384,41020,48935
2026-08-23T10:16:05Z,7384,41020,48935
2026-08-23T10:16:07Z,7384,41020,48935
2026-08-23T10:16:09Z,7384,41020,48935
2026-08-23T10:16:11Z,7384,41020,48935
2026-08-23T10:16:13Z,7384,41020,48935
2026-08-23T10:16:15Z,7384,41020,48935
2026-08-23T10:16:17Z,7384,41020,48935
2026-08-23T10:16:19Z,7384,41020,48935
2026-08-23T10:16:21Z,7384,41020,48935
2026-08-23T10:16:23Z,7384,41020,48935
2026-08-23T10:16:25Z,7384,41020,48935
2026-08-23T10:16:27Z,7384,41020,48935
2026-08-23T10:16:29Z,7384,41020,48935
2026-08-23T10:16:31Z,7384,41020,48935
2026-08-23T10:16:34Z,7384,41020,48935
2026-08-23T10:16:36Z,7384,41020,48935
2026-08-23T10:16:38Z,7384,41020,48935
2026-08-23T10:16:40Z,7384,41020,48935
2026-08-23T10:16:42Z,7384,41020,48935
2026-08-23T10:16:44Z,7384,41020,48935
2026-08-23T10:16:46Z,7384,41020,48935
2026-08-23T10:16:48Z,7384,41020,48935
2026-08-23T10:16:50Z,7384,41020,48935
2026-08-23T10:16:52Z,7384,41020,48935
2026-08-23T10:16:54Z,7384,41020,48935
2026-08-23T10:16:56Z,7384,41020,48935
2026-08-23T10:16:58Z,7384,41020,48935
2026-08-23T10:17:00Z,7384,41020,48935
2026-08-23T10:17:02Z,7384,41020,48935
2026-08-23T10:17:04Z,7384,41020,48935
2026-08-23T10:17:06Z,7384,41020,48935
2026-08-23T10:17:08Z,7384,41020,48935
2026-08-23T10:17:10Z,7384,41020,48935
2026-08-23T10:17:12Z,7384,41020,48935
2026-08-23T10:17:14Z,7384,41020,48935
2026-08-23T10:17:16Z,7384,41020,48935
2026-08-23T10:17:18Z,7384,41020,48935
2026-08-23T10:17:20Z,7384,41020,48935
2026-08-23T10:17:22Z,7384,41020,48935
2026-08-23T10:17:24Z,7384,41020,48935
2026-08-23T10:17:26Z,7384,41020,48935
2026-08-23T10:17:28Z,7384,41020,48935
2026-08-23T10:17:30Z,7384,41020,48935
2026-08-23T10:17:32Z,7384,41020,48935
2026-08-23T10:17:34Z,7384,41020,48935
2026-08-23T10:17:36Z,7384,41020,48935
2026-08-23T10:17:38Z,7384,41020,48935
2026-08-23T10:17:40Z,7384,41020,48935
2026-08-23T10:17:42Z,7384,41020,48935
2026-08-23T10:17:44Z,7384,41020,48935
2026-08-23T10:17:46Z,7384,41020,48935
2026-08-23T10:17:48Z,7384,41020,48935
2026-08-23T10:17:50Z,7384,41020,48935
2026-08-23T10:17:52Z,7384,41020,48935
2026-08-23T10:17:54Z,7384,41020,48935
2026-08-23T10:17:56Z,7384,41020,48935
2026-08-23T10:17:58Z,7384,41020,48935
2026-08-23T10:18:00Z,7384,41020,48935
2026-08-23T10:18:03Z,7384,41020,48935
2026-08-23T10:18:05Z,7384,41020,48935
2026-08-23T10:18:07Z,7254,41150,48935
2026-08-23T10:18:09Z,7254,41150,48935
2026-08-23T10:18:11Z,7254,41150,48935
2026-08-23T10:18:13Z,7254,41150,48935
2026-08-23T10:18:15Z,7254,41150,48935
2026-08-23T10:18:17Z,7384,41020,48935
2026-08-23T10:18:19Z,7384,41020,48935
2026-08-23T10:18:21Z,7384,41020,48935
2026-08-23T10:18:23Z,7384,41020,48935
2026-08-23T10:18:25Z,7384,41020,48935
2026-08-23T10:18:27Z,7384,41020,48935
2026-08-23T10:18:29Z,7384,41020,48935
2026-08-23T10:18:31Z,7384,41020,48935
2026-08-23T10:18:33Z,7384,41020,48935
2026-08-23T10:18:35Z,7384,41020,48935
2026-08-23T10:18:37Z,7384,41020,48935
2026-08-23T10:18:39Z,7384,41020,48935
2026-08-23T10:18:41Z,7384,41020,48935
2026-08-23T10:18:43Z,7384,41020,48935
2026-08-23T10:18:45Z,7384,41020,48935
2026-08-23T10:18:47Z,7384,41020,48935
2026-08-23T10:18:49Z,7384,41020,48935
2026-08-23T10:18:51Z,7384,41020,48935
2026-08-23T10:18:53Z,7384,41020,48935
2026-08-23T10:18:55Z,7384,41020,48935
2026-08-23T10:18:57Z,7384,41020,48935
2026-08-23T10:18:59Z,7384,41020,48935
2026-08-23T10:19:01Z,7384,41020,48935
2026-08-23T10:19:03Z,7384,41020,48935
2026-08-23T10:19:05Z,7384,41020,48935
2026-08-23T10:19:07Z,7384,41020,48935
2026-08-23T10:19:09Z,7384,41020,48935
2026-08-23T10:19:11Z,7384,41020,48935
2026-08-23T10:19:13Z,7384,41020,48935
2026-08-23T10:19:15Z,7384,41020,48935
2026-08-23T10:19:17Z,7384,41020,48935
2026-08-23T10:19:19Z,7384,41020,48935
2026-08-23T10:19:21Z,7384,41020,48935
2026-08-23T10:19:23Z,7384,41020,48935
2026-08-23T10:19:25Z,7384,41020,48935
2026-08-23T10:19:27Z,7384,41020,48935
2026-08-23T10:19:29Z,7384,41020,48935
2026-08-23T10:19:32Z,7384,41020,48935
2026-08-23T10:19:34Z,7384,41020,48935
2026-08-23T10:19:36Z,7384,41020,48935
2026-08-23T10:19:38Z,7384,41020,48935
2026-08-23T10:19:40Z,7384,41020,48935
2026-08-23T10:19:42Z,7384,41020,48935
2026-08-23T10:19:44Z,7384,41020,48935
2026-08-23T10:19:46Z,7384,41020,48935
2026-08-23T10:19:48Z,7384,41020,48935
2026-08-23T10:19:50Z,7384,41020,48935
2026-08-23T10:19:52Z,7384,41020,48935
2026-08-23T10:19:54Z,7384,41020,48935
2026-08-23T10:19:56Z,7384,41020,48935
2026-08-23T10:19:58Z,7384,41020,48935
2026-08-23T10:20:00Z,7384,41020,48935
2026-08-23T10:20:02Z,7384,41020,48935
2026-08-23T10:20:04Z,7384,41020,48935
2026-08-23T10:20:06Z,7384,41020,48935
2026-08-23T10:20:08Z,7384,41020,48935
2026-08-23T10:20:10Z,7384,41020,48935
2026-08-23T10:20:12Z,7384,41020,48935
2026-08-23T10:20:14Z,7384,41020,48935
2026-08-23T10:20:16Z,7384,41020,48935
2026-08-23T10:20:18Z,7384,41020,48935
2026-08-23T10:20:20Z,7384,41020,48935
2026-08-23T10:20:22Z,7384,41020,48935
2026-08-23T10:20:24Z,7384,41020,48935
2026-08-23T10:20:26Z,7384,41020,48935
2026-08-23T10:20:28Z,7384,41020,48935
2026-08-23T10:20:30Z,7384,41020,48935
2026-08-23T10:20:32Z,7384,41020,48935
2026-08-23T10:20:34Z,7384,41020,48935
2026-08-23T10:20:36Z,7384,41020,48935
2026-08-23T10:20:38Z,7384,41020,48935
2026-08-23T10:20:40Z,7384,41020,48935
2026-08-23T10:20:42Z,7384,41020,48935
2026-08-23T10:20:44Z,7384,41020,48935
2026-08-23T10:20:46Z,7384,41020,48935
2026-08-23T10:20:48Z,7384,41020,48935
2026-08-23T10:20:50Z,7384,41020,48935
2026-08-23T10:20:52Z,7384,41020,48935
2026-08-23T10:20:54Z,7384,41020,48935
2026-08-23T10:20:56Z,7384,41020,48935
2026-08-23T10:20:58Z,7384,41020,48935
2026-08-23T10:21:01Z,7384,41020,48935
2026-08-23T10:21:03Z,7384,41020,48935
2026-08-23T10:21:05Z,7384,41020,48935
2026-08-23T10:21:07Z,7384,41020,48935
2026-08-23T10:21:09Z,7384,41020,48935
2026-08-23T10:21:11Z,7384,41020,48935
2026-08-23T10:21:13Z,7384,41020,48935
2026-08-23T10:21:15Z,7384,41020,48935
2026-08-23T10:21:17Z,7384,41020,48935
2026-08-23T10:21:19Z,7384,41020,48935
2026-08-23T10:21:21Z,7384,41020,48935
2026-08-23T10:21:23Z,7384,41020,48935
2026-08-23T10:21:25Z,7384,41020,48935
2026-08-23T10:21:27Z,7254,41150,48935
2026-08-23T10:21:29Z,7254,41150,48935
2026-08-23T10:21:31Z,7254,41150,48935
2026-08-23T10:21:33Z,7254,41150,48935
2026-08-23T10:21:35Z,7254,41150,48935
2026-08-23T10:21:37Z,7254,41150,48935
2026-08-23T10:21:39Z,7384,41020,48935
2026-08-23T10:21:41Z,7384,41020,48935
2026-08-23T10:21:43Z,7384,41020,48935
2026-08-23T10:21:45Z,7384,41020,48935
2026-08-23T10:21:47Z,7384,41020,48935
2026-08-23T10:21:49Z,7384,41020,48935
2026-08-23T10:21:51Z,7384,41020,48935
2026-08-23T10:21:53Z,7384,41020,48935
2026-08-23T10:21:55Z,7384,41020,48935
2026-08-23T10:21:57Z,7384,41020,48935
2026-08-23T10:21:59Z,7384,41020,48935
2026-08-23T10:22:01Z,7384,41020,48935
2026-08-23T10:22:03Z,7384,41020,48935
2026-08-23T10:22:05Z,7384,41020,48935
2026-08-23T10:22:07Z,7384,41020,48935
2026-08-23T10:22:09Z,7384,41020,48935
2026-08-23T10:22:11Z,7384,41020,48935
2026-08-23T10:22:13Z,7384,41020,48935
2026-08-23T10:22:15Z,7384,41020,48935
2026-08-23T10:22:17Z,7384,41020,48935
2026-08-23T10:22:19Z,7384,41020,48935
2026-08-23T10:22:21Z,7384,41020,48935
2026-08-23T10:22:23Z,7384,41020,48935
2026-08-23T10:22:25Z,7384,41020,48935
2026-08-23T10:22:27Z,7384,41020,48935
2026-08-23T10:22:30Z,7384,41020,48935
2026-08-23T10:22:32Z,7384,41020,48935
2026-08-23T10:22:34Z,7384,41020,48935
2026-08-23T10:22:36Z,7384,41020,48935
2026-08-23T10:22:38Z,7384,41020,48935
2026-08-23T10:22:40Z,7384,41020,48935
2026-08-23T10:22:42Z,7384,41020,48935
2026-08-23T10:22:44Z,7384,41020,48935
2026-08-23T10:22:46Z,7384,41020,48935
2026-08-23T10:22:48Z,7384,41020,48935
2026-08-23T10:22:50Z,7384,41020,48935
2026-08-23T10:22:52Z,7384,41020,48935
2026-08-23T10:22:54Z,7384,41020,48935
2026-08-23T10:22:56Z,7384,41020,48935
2026-08-23T10:22:58Z,7384,41020,48935
2026-08-23T10:23:00Z,7384,41020,48935
2026-08-23T10:23:02Z,7384,41020,48935
2026-08-23T10:23:04Z,7384,41020,48935
2026-08-23T10:23:06Z,7384,41020,48935
2026-08-23T10:23:08Z,7384,41020,48935
2026-08-23T10:23:10Z,7384,41020,48935
2026-08-23T10:23:12Z,7384,41020,48935
2026-08-23T10:23:14Z,7384,41020,48935
2026-08-23T10:23:16Z,7384,41020,48935
2026-08-23T10:23:18Z,7384,41020,48935
2026-08-23T10:23:20Z,7384,41020,48935
2026-08-23T10:23:22Z,7384,41020,48935
2026-08-23T10:23:24Z,7384,41020,48935
2026-08-23T10:23:26Z,7384,41020,48935
2026-08-23T10:23:28Z,7384,41020,48935
2026-08-23T10:23:30Z,7384,41020,48935
2026-08-23T10:23:32Z,7384,41020,48935
2026-08-23T10:23:34Z,7384,41020,48935
2026-08-23T10:23:36Z,7384,41020,48935
2026-08-23T10:23:38Z,7384,41020,48935
2026-08-23T10:23:40Z,7384,41020,48935
2026-08-23T10:23:42Z,7384,41020,48935
2026-08-23T10:23:44Z,7384,41020,48935
2026-08-23T10:23:46Z,7384,41020,48935
2026-08-23T10:23:48Z,7384,41020,48935
2026-08-23T10:23:50Z,7384,41020,48935
2026-08-23T10:23:52Z,7384,41020,48935
2026-08-23T10:23:54Z,7384,41020,48935
2026-08-23T10:23:56Z,7384,41020,48935
2026-08-23T10:23:59Z,7384,41020,48935
2026-08-23T10:24:01Z,7384,41020,48935
2026-08-23T10:24:03Z,7384,41020,48935
2026-08-23T10:24:05Z,7384,41020,48935
2026-08-23T10:24:07Z,7384,41020,48935
2026-08-23T10:24:09Z,7384,41020,48935
2026-08-23T10:24:11Z,7384,41020,48935
2026-08-23T10:24:13Z,7384,41020,48935
2026-08-23T10:24:15Z,7384,41020,48935
2026-08-23T10:24:17Z,7384,41020,48935
2026-08-23T10:24:19Z,7384,41020,48935
2026-08-23T10:24:21Z,7384,41020,48935
2026-08-23T10:24:23Z,7384,41020,48935
2026-08-23T10:24:25Z,7384,41020,48935
2026-08-23T10:24:27Z,7384,41020,48935
2026-08-23T10:24:29Z,7384,41020,48935
2026-08-23T10:24:31Z,7384,41020,48935
2026-08-23T10:24:33Z,7254,41150,48935
2026-08-23T10:24:35Z,7254,41150,48935
2026-08-23T10:24:37Z,7254,41150,48935
2026-08-23T10:24:39Z,7254,41150,48935
2026-08-23T10:24:41Z,7254,41150,48935
2026-08-23T10:24:43Z,7384,41020,48935
2026-08-23T10:24:45Z,7384,41020,48935
2026-08-23T10:24:47Z,7384,41020,48935
2026-08-23T10:24:49Z,7384,41020,48935
2026-08-23T10:24:51Z,7384,41020,48935
2026-08-23T10:24:53Z,7384,41020,48935
2026-08-23T10:24:55Z,7384,41020,48935
2026-08-23T10:24:57Z,7384,41020,48935
2026-08-23T10:24:59Z,7384,41020,48935
2026-08-23T10:25:01Z,7384,41020,48935
2026-08-23T10:25:03Z,7384,41020,48935
2026-08-23T10:25:05Z,7384,41020,48935
2026-08-23T10:25:07Z,7384,41020,48935
2026-08-23T10:25:09Z,7384,41020,48935
2026-08-23T10:25:11Z,7384,41020,48935
2026-08-23T10:25:13Z,7384,41020,48935
2026-08-23T10:25:15Z,7384,41020,48935
2026-08-23T10:25:17Z,7384,41020,48935
2026-08-23T10:25:19Z,7384,41020,48935
2026-08-23T10:25:21Z,7384,41020,48935
2026-08-23T10:25:23Z,7384,41020,48935
2026-08-23T10:25:26Z,7384,41020,48935
2026-08-23T10:25:28Z,7384,41020,48935
2026-08-23T10:25:30Z,7384,41020,48935
2026-08-23T10:25:32Z,7384,41020,48935
2026-08-23T10:25:34Z,7384,41020,48935
2026-08-23T10:25:36Z,7384,41020,48935
2026-08-23T10:25:38Z,7384,41020,48935
2026-08-23T10:25:40Z,7384,41020,48935
2026-08-23T10:25:42Z,7384,41020,48935
2026-08-23T10:25:44Z,7384,41020,48935
2026-08-23T10:25:46Z,7384,41020,48935
2026-08-23T10:25:48Z,7384,41020,48935
2026-08-23T10:25:50Z,7384,41020,48935
2026-08-23T10:25:52Z,7384,41020,48935
2026-08-23T10:25:54Z,7384,41020,48935
2026-08-23T10:25:56Z,7384,41020,48935
2026-08-23T10:25:58Z,7384,41020,48935
2026-08-23T10:26:00Z,7384,41020,48935
2026-08-23T10:26:02Z,7384,41020,48935
2026-08-23T10:26:04Z,7384,41020,48935
2026-08-23T10:26:06Z,7384,41020,48935
2026-08-23T10:26:08Z,7384,41020,48935
2026-08-23T10:26:10Z,7384,41020,48935
2026-08-23T10:26:12Z,7384,41020,48935
2026-08-23T10:26:14Z,7384,41020,48935
2026-08-23T10:26:16Z,7384,41020,48935
2026-08-23T10:26:18Z,7384,41020,48935
2026-08-23T10:26:20Z,7384,41020,48935
2026-08-23T10:26:22Z,7384,41020,48935
2026-08-23T10:26:24Z,7384,41020,48935
2026-08-23T10:26:26Z,7384,41020,48935
2026-08-23T10:26:28Z,7384,41020,48935
2026-08-23T10:26:30Z,7384,41020,48935
2026-08-23T10:26:32Z,7384,41020,48935
2026-08-23T10:26:34Z,7384,41020,48935
2026-08-23T10:26:36Z,7384,41020,48935
2026-08-23T10:26:38Z,7384,41020,48935
2026-08-23T10:26:40Z,7384,41020,48935
2026-08-23T10:26:42Z,7384,41020,48935
2026-08-23T10:26:44Z,7384,41020,48935
2026-08-23T10:26:46Z,7384,41020,48935
2026-08-23T10:26:48Z,7384,41020,48935
2026-08-23T10:26:50Z,7384,41020,48935
2026-08-23T10:26:52Z,7384,41020,48935
2026-08-23T10:26:54Z,7384,41020,48935
2026-08-23T10:26:57Z,7384,41020,48935
2026-08-23T10:26:59Z,7384,41020,48935
2026-08-23T10:27:01Z,7384,41020,48935
2026-08-23T10:27:03Z,7386,41018,48935
2026-08-23T10:27:05Z,7254,41150,48935
2026-08-23T10:27:07Z,7254,41150,48935
2026-08-23T10:27:09Z,7254,41150,48935
2026-08-23T10:27:11Z,7254,41150,48935
2026-08-23T10:27:13Z,7254,41150,48935
2026-08-23T10:27:15Z,7384,41020,48935
2026-08-23T10:27:17Z,7384,41020,48935
2026-08-23T10:27:19Z,7384,41020,48935
2026-08-23T10:27:21Z,7384,41020,48935
2026-08-23T10:27:23Z,7384,41020,48935
2026-08-23T10:27:25Z,7384,41020,48935
2026-08-23T10:27:27Z,7384,41020,48935
2026-08-23T10:27:29Z,7384,41020,48935
2026-08-23T10:27:31Z,7384,41020,48935
2026-08-23T10:27:33Z,7384,41020,48935
2026-08-23T10:27:35Z,7384,41020,48935
2026-08-23T10:27:37Z,7384,41020,48935
2026-08-23T10:27:39Z,7384,41020,48935
2026-08-23T10:27:41Z,7384,41020,48935
2026-08-23T10:27:43Z,7384,41020,48935
2026-08-23T10:27:45Z,7384,41020,48935
2026-08-23T10:27:47Z,7384,41020,48935
2026-08-23T10:27:49Z,7384,41020,48935
2026-08-23T10:27:51Z,7384,41020,48935
2026-08-23T10:27:53Z,7384,41020,48935
2026-08-23T10:27:55Z,7384,41020,48935
2026-08-23T10:27:57Z,7384,41020,48935
2026-08-23T10:27:59Z,7384,41020,48935
2026-08-23T10:28:01Z,7384,41020,48935
2026-08-23T10:28:03Z,7384,41020,48935
2026-08-23T10:28:05Z,7384,41020,48935
2026-08-23T10:28:07Z,7384,41020,48935
2026-08-23T10:28:09Z,7384,41020,48935
2026-08-23T10:28:11Z,7384,41020,48935
2026-08-23T10:28:13Z,7384,41020,48935
2026-08-23T10:28:15Z,7384,41020,48935
2026-08-23T10:28:17Z,7384,41020,48935
2026-08-23T10:28:19Z,7384,41020,48935
2026-08-23T10:28:21Z,7384,41020,48935
2026-08-23T10:28:23Z,7384,41020,48935
2026-08-23T10:28:26Z,7384,41020,48935
2026-08-23T10:28:28Z,7384,41020,48935
2026-08-23T10:28:30Z,7384,41020,48935
2026-08-23T10:28:32Z,7384,41020,48935
2026-08-23T10:28:34Z,7384,41020,48935
2026-08-23T10:28:36Z,7384,41020,48935
2026-08-23T10:28:38Z,7384,41020,48935
2026-08-23T10:28:40Z,7384,41020,48935
2026-08-23T10:28:42Z,7384,41020,48935
2026-08-23T10:28:44Z,7384,41020,48935
2026-08-23T10:28:46Z,7384,41020,48935
2026-08-23T10:28:48Z,7384,41020,48935
2026-08-23T10:28:50Z,7384,41020,48935
2026-08-23T10:28:52Z,7384,41020,48935
2026-08-23T10:28:54Z,7384,41020,48935
2026-08-23T10:28:56Z,7384,41020,48935
2026-08-23T10:28:58Z,7384,41020,48935
2026-08-23T10:29:00Z,7384,41020,48935
2026-08-23T10:29:02Z,7384,41020,48935
2026-08-23T10:29:04Z,7384,41020,48935
2026-08-23T10:29:06Z,7384,41020,48935
2026-08-23T10:29:08Z,7384,41020,48935
2026-08-23T10:29:10Z,7384,41020,48935
2026-08-23T10:29:12Z,7384,41020,48935
2026-08-23T10:29:14Z,7384,41020,48935
2026-08-23T10:29:16Z,7384,41020,48935
2026-08-23T10:29:18Z,7384,41020,48935
2026-08-23T10:29:20Z,7384,41020,48935
2026-08-23T10:29:22Z,7384,41020,48935
2026-08-23T10:29:24Z,7384,41020,48935
2026-08-23T10:29:26Z,7384,41020,48935
2026-08-23T10:29:28Z,7384,41020,48935
2026-08-23T10:29:30Z,7384,41020,48935
2026-08-23T10:29:32Z,7384,41020,48935
2026-08-23T10:29:34Z,7384,41020,48935
2026-08-23T10:29:36Z,7384,41020,48935
2026-08-23T10:29:38Z,7384,41020,48935
2026-08-23T10:29:40Z,7384,41020,48935
2026-08-23T10:29:42Z,7384,41020,48935
2026-08-23T10:29:44Z,7384,41020,48935
2026-08-23T10:29:46Z,7384,41020,48935
2026-08-23T10:29:48Z,7384,41020,48935
2026-08-23T10:29:50Z,7384,41020,48935
2026-08-23T10:29:52Z,7384,41020,48935
2026-08-23T10:29:55Z,7384,41020,48935
2026-08-23T10:29:57Z,7254,41150,48935
2026-08-23T10:29:59Z,7254,41150,48935
2026-08-23T10:30:01Z,7254,41150,48935
2026-08-23T10:30:03Z,7254,41150,48935
2026-08-23T10:30:05Z,7254,41150,48935
2026-08-23T10:30:07Z,7254,41150,48935
2026-08-23T10:30:09Z,7254,41150,48935
2026-08-23T10:30:11Z,7384,41020,48935
2026-08-23T10:30:13Z,7384,41020,48935
2026-08-23T10:30:15Z,7384,41020,48935
2026-08-23T10:30:17Z,7384,41020,48935
2026-08-23T10:30:19Z,7384,41020,48935
2026-08-23T10:30:21Z,7384,41020,48935
2026-08-23T10:30:23Z,7384,41020,48935
2026-08-23T10:30:25Z,7384,41020,48935
2026-08-23T10:30:27Z,7384,41020,48935
2026-08-23T10:30:29Z,7384,41020,48935
2026-08-23T10:30:31Z,7384,41020,48935
2026-08-23T10:30:33Z,7384,41020,48935
2026-08-23T10:30:35Z,7384,41020,48935
2026-08-23T10:30:37Z,7384,41020,48935
2026-08-23T10:30:39Z,7384,41020,48935
2026-08-23T10:30:41Z,7384,41020,48935
2026-08-23T10:30:43Z,7384,41020,48935
2026-08-23T10:30:45Z,7384,41020,48935
2026-08-23T10:30:47Z,7384,41020,48935
2026-08-23T10:30:49Z,7384,41020,48935
2026-08-23T10:30:51Z,7384,41020,48935
2026-08-23T10:30:53Z,7384,41020,48935
2026-08-23T10:30:55Z,7384,41020,48935
2026-08-23T10:30:57Z,7384,41020,48935
2026-08-23T10:30:59Z,7384,41020,48935
2026-08-23T10:31:01Z,7384,41020,48935
2026-08-23T10:31:03Z,7384,41020,48935
2026-08-23T10:31:05Z,7384,41020,48935
2026-08-23T10:31:07Z,7384,41020,48935
2026-08-23T10:31:09Z,7384,41020,48935
2026-08-23T10:31:11Z,7384,41020,48935
2026-08-23T10:31:13Z,7384,41020,48935
2026-08-23T10:31:15Z,7384,41020,48935
2026-08-23T10:31:17Z,7384,41020,48935
2026-08-23T10:31:19Z,7384,41020,48935
2026-08-23T10:31:21Z,7384,41020,48935
2026-08-23T10:31:24Z,7384,41020,48935
2026-08-23T10:31:26Z,7384,41020,48935
2026-08-23T10:31:28Z,7384,41020,48935
2026-08-23T10:31:30Z,7384,41020,48935
2026-08-23T10:31:32Z,7384,41020,48935
2026-08-23T10:31:34Z,7384,41020,48935
2026-08-23T10:31:36Z,7384,41020,48935
2026-08-23T10:31:38Z,7384,41020,48935
2026-08-23T10:31:40Z,7384,41020,48935
2026-08-23T10:31:42Z,7384,41020,48935
2026-08-23T10:31:44Z,7384,41020,48935
2026-08-23T10:31:46Z,7384,41020,48935
2026-08-23T10:31:48Z,7384,41020,48935
2026-08-23T10:31:50Z,7384,41020,48935
2026-08-23T10:31:52Z,7384,41020,48935
2026-08-23T10:31:54Z,7384,41020,48935
2026-08-23T10:31:56Z,7384,41020,48935
2026-08-23T10:31:58Z,7384,41020,48935
2026-08-23T10:32:00Z,7384,41020,48935
2026-08-23T10:32:02Z,7384,41020,48935
2026-08-23T10:32:04Z,7384,41020,48935
2026-08-23T10:32:06Z,7384,41020,48935
2026-08-23T10:32:08Z,7384,41020,48935
2026-08-23T10:32:10Z,7384,41020,48935
2026-08-23T10:32:12Z,7384,41020,48935
2026-08-23T10:32:14Z,7384,41020,48935
2026-08-23T10:32:16Z,7384,41020,48935
2026-08-23T10:32:18Z,7384,41020,48935
2026-08-23T10:32:20Z,7384,41020,48935
2026-08-23T10:32:22Z,7384,41020,48935
2026-08-23T10:32:24Z,7384,41020,48935
2026-08-23T10:32:26Z,7384,41020,48935
2026-08-23T10:32:28Z,7384,41020,48935
2026-08-23T10:32:30Z,7384,41020,48935
2026-08-23T10:32:32Z,7384,41020,48935
2026-08-23T10:32:34Z,7384,41020,48935
2026-08-23T10:32:36Z,7384,41020,48935
2026-08-23T10:32:38Z,7384,41020,48935
2026-08-23T10:32:40Z,7384,41020,48935
2026-08-23T10:32:42Z,7384,41020,48935
2026-08-23T10:32:44Z,7384,41020,48935
2026-08-23T10:32:46Z,7384,41020,48935
2026-08-23T10:32:48Z,7384,41020,48935
2026-08-23T10:32:50Z,7384,41020,48935
2026-08-23T10:32:53Z,7384,41020,48935
2026-08-23T10:32:55Z,7384,41020,48935
2026-08-23T10:32:57Z,7384,41020,48935
2026-08-23T10:32:59Z,7384,41020,48935
2026-08-23T10:33:01Z,7384,41020,48935
2026-08-23T10:33:03Z,7384,41020,48935
2026-08-23T10:33:05Z,7384,41020,48935
2026-08-23T10:33:07Z,7384,41020,48935
2026-08-23T10:33:09Z,7384,41020,48935
2026-08-23T10:33:11Z,7384,41020,48935
2026-08-23T10:33:13Z,7384,41020,48935
2026-08-23T10:33:15Z,7384,41020,48935
2026-08-23T10:33:17Z,7384,41020,48935
2026-08-23T10:33:19Z,7384,41020,48935
2026-08-23T10:33:21Z,7384,41020,48935
2026-08-23T10:33:23Z,7384,41020,48935
2026-08-23T10:33:25Z,7384,41020,48935
2026-08-23T10:33:27Z,7384,41020,48935
2026-08-23T10:33:29Z,7384,41020,48935
2026-08-23T10:33:31Z,7384,41020,48935
2026-08-23T10:33:33Z,7384,41020,48935
2026-08-23T10:33:35Z,7384,41020,48935
2026-08-23T10:33:37Z,7384,41020,48935
2026-08-23T10:33:39Z,7384,41020,48935
2026-08-23T10:33:41Z,7384,41020,48935
2026-08-23T10:33:43Z,7384,41020,48935
2026-08-23T10:33:45Z,7384,41020,48935
2026-08-23T10:33:47Z,7384,41020,48935
2026-08-23T10:33:49Z,7384,41020,48935
2026-08-23T10:33:51Z,7384,41020,48935
2026-08-23T10:33:53Z,7384,41020,48935
2026-08-23T10:33:55Z,7384,41020,48935
2026-08-23T10:33:57Z,7384,41020,48935
2026-08-23T10:33:59Z,7384,41020,48935
2026-08-23T10:34:01Z,7384,41020,48935
2026-08-23T10:34:03Z,7384,41020,48935
2026-08-23T10:34:05Z,7384,41020,48935
2026-08-23T10:34:07Z,7384,41020,48935
2026-08-23T10:34:09Z,7384,41020,48935
2026-08-23T10:34:11Z,7384,41020,48935
2026-08-23T10:34:13Z,7254,41150,48935
2026-08-23T10:34:15Z,7254,41150,48935
2026-08-23T10:34:17Z,7254,41150,48935
2026-08-23T10:34:19Z,7254,41150,48935
2026-08-23T10:34:22Z,7254,41150,48935
2026-08-23T10:34:24Z,7384,41020,48935
2026-08-23T10:34:26Z,7384,41020,48935
2026-08-23T10:34:28Z,7384,41020,48935
2026-08-23T10:34:30Z,7384,41020,48935
2026-08-23T10:34:32Z,7384,41020,48935
2026-08-23T10:34:34Z,7384,41020,48935
2026-08-23T10:34:36Z,7384,41020,48935
2026-08-23T10:34:38Z,7384,41020,48935
2026-08-23T10:34:40Z,7384,41020,48935
2026-08-23T10:34:42Z,7384,41020,48935
2026-08-23T10:34:44Z,7384,41020,48935
2026-08-23T10:34:46Z,7384,41020,48935
2026-08-23T10:34:48Z,7384,41020,48935
2026-08-23T10:34:50Z,7384,41020,48935
2026-08-23T10:34:52Z,7384,41020,48935
2026-08-23T10:34:54Z,7384,41020,48935
2026-08-23T10:34:56Z,7384,41020,48935
2026-08-23T10:34:58Z,7384,41020,48935
2026-08-23T10:35:00Z,7384,41020,48935
2026-08-23T10:35:02Z,7384,41020,48935
2026-08-23T10:35:04Z,7384,41020,48935
2026-08-23T10:35:06Z,7384,41020,48935
2026-08-23T10:35:08Z,7384,41020,48935
2026-08-23T10:35:10Z,7384,41020,48935
2026-08-23T10:35:12Z,7384,41020,48935
2026-08-23T10:35:14Z,7384,41020,48935
2026-08-23T10:35:16Z,7384,41020,48935
2026-08-23T10:35:18Z,7384,41020,48935
2026-08-23T10:35:20Z,7384,41020,48935
2026-08-23T10:35:22Z,7384,41020,48935
2026-08-23T10:35:24Z,7384,41020,48935
2026-08-23T10:35:26Z,7384,41020,48935
2026-08-23T10:35:28Z,7384,41020,48935
2026-08-23T10:35:30Z,7384,41020,48935
2026-08-23T10:35:32Z,7384,41020,48935
2026-08-23T10:35:34Z,7384,41020,48935
2026-08-23T10:35:36Z,7384,41020,48935
2026-08-23T10:35:38Z,7384,41020,48935
2026-08-23T10:35:40Z,7384,41020,48935
2026-08-23T10:35:42Z,7384,41020,48935
2026-08-23T10:35:44Z,7384,41020,48935
2026-08-23T10:35:46Z,7384,41020,48935
2026-08-23T10:35:48Z,7384,41020,48935
2026-08-23T10:35:51Z,7384,41020,48935
2026-08-23T10:35:53Z,7384,41020,48935
2026-08-23T10:35:55Z,7384,41020,48935
2026-08-23T10:35:57Z,7384,41020,48935
2026-08-23T10:35:59Z,7384,41020,48935
2026-08-23T10:36:01Z,7384,41020,48935
2026-08-23T10:36:03Z,7384,41020,48935
2026-08-23T10:36:05Z,7384,41020,48935
2026-08-23T10:36:07Z,7384,41020,48935
2026-08-23T10:36:09Z,7384,41020,48935
2026-08-23T10:36:11Z,7384,41020,48935
2026-08-23T10:36:13Z,7384,41020,48935
2026-08-23T10:36:15Z,7384,41020,48935
2026-08-23T10:36:17Z,7384,41020,48935
2026-08-23T10:36:19Z,7384,41020,48935
2026-08-23T10:36:21Z,7384,41020,48935
2026-08-23T10:36:23Z,7384,41020,48935
2026-08-23T10:36:25Z,7384,41020,48935
2026-08-23T10:36:27Z,7384,41020,48935
2026-08-23T10:36:29Z,7384,41020,48935
2026-08-23T10:36:31Z,7384,41020,48935
2026-08-23T10:36:33Z,7384,41020,48935
2026-08-23T10:36:35Z,7384,41020,48935
2026-08-23T10:36:37Z,7384,41020,48935
2026-08-23T10:36:39Z,7386,41018,48935
2026-08-23T10:36:41Z,7254,41150,48935
2026-08-23T10:36:43Z,7254,41150,48935
2026-08-23T10:36:45Z,7254,41150,48935
2026-08-23T10:36:47Z,7254,41150,48935
2026-08-23T10:36:49Z,7254,41150,48935
2026-08-23T10:36:51Z,7384,41020,48935
2026-08-23T10:36:53Z,7384,41020,48935
2026-08-23T10:36:55Z,7384,41020,48935
2026-08-23T10:36:57Z,7384,41020,48935
2026-08-23T10:36:59Z,7384,41020,48935
2026-08-23T10:37:01Z,7384,41020,48935
2026-08-23T10:37:03Z,7384,41020,48935
2026-08-23T10:37:05Z,7384,41020,48935
2026-08-23T10:37:07Z,7384,41020,48935
2026-08-23T10:37:09Z,7384,41020,48935
2026-08-23T10:37:11Z,7384,41020,48935
2026-08-23T10:37:13Z,7384,41020,48935
2026-08-23T10:37:15Z,7384,41020,48935
2026-08-23T10:37:17Z,7384,41020,48935
2026-08-23T10:37:20Z,7384,41020,48935
2026-08-23T10:37:22Z,7384,41020,48935
2026-08-23T10:37:24Z,7384,41020,48935
2026-08-23T10:37:26Z,7384,41020,48935
2026-08-23T10:37:28Z,7384,41020,48935
2026-08-23T10:37:30Z,7384,41020,48935
2026-08-23T10:37:32Z,7384,41020,48935
2026-08-23T10:37:34Z,7384,41020,48935
2026-08-23T10:37:36Z,7384,41020,48935
2026-08-23T10:37:38Z,7384,41020,48935
2026-08-23T10:37:40Z,7384,41020,48935
2026-08-23T10:37:42Z,7384,41020,48935
2026-08-23T10:37:44Z,7384,41020,48935
2026-08-23T10:37:46Z,7384,41020,48935
2026-08-23T10:37:48Z,7384,41020,48935
2026-08-23T10:37:50Z,7384,41020,48935
2026-08-23T10:37:52Z,7384,41020,48935
2026-08-23T10:37:54Z,7384,41020,48935
2026-08-23T10:37:56Z,7384,41020,48935
2026-08-23T10:37:58Z,7384,41020,48935
2026-08-23T10:38:00Z,7384,41020,48935
2026-08-23T10:38:02Z,7384,41020,48935
2026-08-23T10:38:04Z,7384,41020,48935
2026-08-23T10:38:06Z,7384,41020,48935
2026-08-23T10:38:08Z,7384,41020,48935
2026-08-23T10:38:10Z,7384,41020,48935
2026-08-23T10:38:12Z,7384,41020,48935
2026-08-23T10:38:14Z,7384,41020,48935
2026-08-23T10:38:16Z,7384,41020,48935
2026-08-23T10:38:18Z,7384,41020,48935
2026-08-23T10:38:20Z,7384,41020,48935
2026-08-23T10:38:22Z,7384,41020,48935
2026-08-23T10:38:24Z,7384,41020,48935
2026-08-23T10:38:26Z,7384,41020,48935
2026-08-23T10:38:28Z,7384,41020,48935
2026-08-23T10:38:30Z,7384,41020,48935
2026-08-23T10:38:32Z,7384,41020,48935
2026-08-23T10:38:34Z,7384,41020,48935
2026-08-23T10:38:36Z,7384,41020,48935
2026-08-23T10:38:38Z,7384,41020,48935
2026-08-23T10:38:40Z,7384,41020,48935
2026-08-23T10:38:42Z,7384,41020,48935
2026-08-23T10:38:44Z,7384,41020,48935
2026-08-23T10:38:46Z,7384,41020,48935
2026-08-23T10:38:49Z,7384,41020,48935
2026-08-23T10:38:51Z,7384,41020,48935
2026-08-23T10:38:53Z,7384,41020,48935
2026-08-23T10:38:55Z,7254,41150,48935
2026-08-23T10:38:57Z,7254,41150,48935
2026-08-23T10:38:59Z,7254,41150,48935
2026-08-23T10:39:01Z,7254,41150,48935
2026-08-23T10:39:03Z,7254,41150,48935
2026-08-23T10:39:05Z,7254,41150,48935
2026-08-23T10:39:07Z,7384,41020,48935
2026-08-23T10:39:09Z,7384,41020,48935
2026-08-23T10:39:11Z,7384,41020,48935
2026-08-23T10:39:13Z,7384,41020,48935
2026-08-23T10:39:15Z,7384,41020,48935
2026-08-23T10:39:17Z,7384,41020,48935
2026-08-23T10:39:19Z,7384,41020,48935
2026-08-23T10:39:21Z,7384,41020,48935
2026-08-23T10:39:23Z,7384,41020,48935
2026-08-23T10:39:25Z,7384,41020,48935
2026-08-23T10:39:27Z,7384,41020,48935
2026-08-23T10:39:29Z,7384,41020,48935
2026-08-23T10:39:31Z,7384,41020,48935
2026-08-23T10:39:33Z,7384,41020,48935
2026-08-23T10:39:35Z,7384,41020,48935
2026-08-23T10:39:37Z,7384,41020,48935
2026-08-23T10:39:39Z,7384,41020,48935
2026-08-23T10:39:41Z,7384,41020,48935
2026-08-23T10:39:43Z,7384,41020,48935
2026-08-23T10:39:45Z,7384,41020,48935
2026-08-23T10:39:47Z,7384,41020,48935
2026-08-23T10:39:49Z,7384,41020,48935
2026-08-23T10:39:51Z,7384,41020,48935
2026-08-23T10:39:53Z,7384,41020,48935
2026-08-23T10:39:55Z,7384,41020,48935
2026-08-23T10:39:57Z,7384,41020,48935
2026-08-23T10:39:59Z,7384,41020,48935
2026-08-23T10:40:01Z,7384,41020,48935
2026-08-23T10:40:03Z,7384,41020,48935
2026-08-23T10:40:05Z,7384,41020,48935
2026-08-23T10:40:07Z,7384,41020,48935
2026-08-23T10:40:09Z,7384,41020,48935
2026-08-23T10:40:11Z,7384,41020,48935
2026-08-23T10:40:13Z,7384,41020,48935
2026-08-23T10:40:15Z,7384,41020,48935
2026-08-23T10:40:17Z,7384,41020,48935
2026-08-23T10:40:20Z,7384,41020,48935
2026-08-23T10:40:22Z,7384,41020,48935
2026-08-23T10:40:24Z,7384,41020,48935
2026-08-23T10:40:26Z,7384,41020,48935
2026-08-23T10:40:28Z,7384,41020,48935
2026-08-23T10:40:30Z,7384,41020,48935
2026-08-23T10:40:32Z,7384,41020,48935
2026-08-23T10:40:34Z,7384,41020,48935
2026-08-23T10:40:36Z,7384,41020,48935
2026-08-23T10:40:38Z,7384,41020,48935
2026-08-23T10:40:40Z,7384,41020,48935
2026-08-23T10:40:42Z,7384,41020,48935
2026-08-23T10:40:44Z,7384,41020,48935
2026-08-23T10:40:46Z,7384,41020,48935
2026-08-23T10:40:48Z,7384,41020,48935
2026-08-23T10:40:50Z,7384,41020,48935
2026-08-23T10:40:52Z,7384,41020,48935
2026-08-23T10:40:54Z,7384,41020,48935
2026-08-23T10:40:56Z,7384,41020,48935
2026-08-23T10:40:58Z,7384,41020,48935
2026-08-23T10:41:00Z,7384,41020,48935
2026-08-23T10:41:02Z,7384,41020,48935
2026-08-23T10:41:04Z,7384,41020,48935
2026-08-23T10:41:06Z,7384,41020,48935
2026-08-23T10:41:08Z,7384,41020,48935
2026-08-23T10:41:10Z,7384,41020,48935
2026-08-23T10:41:12Z,7384,41020,48935
2026-08-23T10:41:14Z,7384,41020,48935
2026-08-23T10:41:16Z,7384,41020,48935
2026-08-23T10:41:18Z,7384,41020,48935
2026-08-23T10:41:20Z,7384,41020,48935
2026-08-23T10:41:22Z,7384,41020,48935
2026-08-23T10:41:24Z,7384,41020,48935
2026-08-23T10:41:26Z,7384,41020,48935
2026-08-23T10:41:28Z,7384,41020,48935
2026-08-23T10:41:30Z,7384,41020,48935
2026-08-23T10:41:32Z,7384,41020,48935
2026-08-23T10:41:34Z,7384,41020,48935
2026-08-23T10:41:36Z,7384,41020,48935
2026-08-23T10:41:38Z,7384,41020,48935
2026-08-23T10:41:40Z,7384,41020,48935
2026-08-23T10:41:42Z,7384,41020,48935
2026-08-23T10:41:44Z,7384,41020,48935
2026-08-23T10:41:46Z,7384,41020,48935
2026-08-23T10:41:49Z,7384,41020,48935
2026-08-23T10:41:51Z,7384,41020,48935
2026-08-23T10:41:53Z,7384,41020,48935
2026-08-23T10:41:55Z,7384,41020,48935
2026-08-23T10:41:57Z,7384,41020,48935
2026-08-23T10:41:59Z,7384,41020,48935
2026-08-23T10:42:01Z,7384,41020,48935
2026-08-23T10:42:03Z,7384,41020,48935
2026-08-23T10:42:05Z,7384,41020,48935
2026-08-23T10:42:07Z,7384,41020,48935
2026-08-23T10:42:09Z,7384,41020,48935
2026-08-23T10:42:11Z,7384,41020,48935
2026-08-23T10:42:13Z,7384,41020,48935
2026-08-23T10:42:15Z,7384,41020,48935
2026-08-23T10:42:17Z,7384,41020,48935
2026-08-23T10:42:19Z,7384,41020,48935
2026-08-23T10:42:21Z,7384,41020,48935
2026-08-23T10:42:23Z,7384,41020,48935
2026-08-23T10:42:25Z,7384,41020,48935
2026-08-23T10:42:27Z,7384,41020,48935
2026-08-23T10:42:29Z,7384,41020,48935
2026-08-23T10:42:31Z,7384,41020,48935
2026-08-23T10:42:33Z,7384,41020,48935
2026-08-23T10:42:35Z,7254,41150,48935
2026-08-23T10:42:37Z,7254,41150,48935
2026-08-23T10:42:39Z,7254,41150,48935
2026-08-23T10:42:41Z,7254,41150,48935
2026-08-23T10:42:43Z,7254,41150,48935
2026-08-23T10:42:45Z,7256,41148,48935
2026-08-23T10:42:47Z,7384,41020,48935
2026-08-23T10:42:49Z,7384,41020,48935
2026-08-23T10:42:51Z,7384,41020,48935
2026-08-23T10:42:53Z,7384,41020,48935
2026-08-23T10:42:55Z,7384,41020,48935
2026-08-23T10:42:57Z,7384,41020,48935
2026-08-23T10:42:59Z,7384,41020,48935
2026-08-23T10:43:01Z,7384,41020,48935
2026-08-23T10:43:03Z,7384,41020,48935
2026-08-23T10:43:05Z,7384,41020,48935
2026-08-23T10:43:07Z,7384,41020,48935
2026-08-23T10:43:09Z,7384,41020,48935
2026-08-23T10:43:11Z,7384,41020,48935
2026-08-23T10:43:13Z,7384,41020,48935
2026-08-23T10:43:15Z,7384,41020,48935
2026-08-23T10:43:18Z,7384,41020,48935
2026-08-23T10:43:20Z,7384,41020,48935
2026-08-23T10:43:22Z,7384,41020,48935
2026-08-23T10:43:24Z,7384,41020,48935
2026-08-23T10:43:26Z,7384,41020,48935
2026-08-23T10:43:28Z,7384,41020,48935
2026-08-23T10:43:30Z,7384,41020,48935
2026-08-23T10:43:32Z,7384,41020,48935
2026-08-23T10:43:34Z,7384,41020,48935
2026-08-23T10:43:36Z,7384,41020,48935
2026-08-23T10:43:38Z,7384,41020,48935
2026-08-23T10:43:40Z,7384,41020,48935
2026-08-23T10:43:42Z,7384,41020,48935
2026-08-23T10:43:44Z,7384,41020,48935
2026-08-23T10:43:46Z,7384,41020,48935
2026-08-23T10:43:48Z,7384,41020,48935
2026-08-23T10:43:50Z,7384,41020,48935
2026-08-23T10:43:52Z,7384,41020,48935
2026-08-23T10:43:54Z,7384,41020,48935
2026-08-23T10:43:56Z,7384,41020,48935
2026-08-23T10:43:58Z,7384,41020,48935
2026-08-23T10:44:00Z,7384,41020,48935
2026-08-23T10:44:02Z,7384,41020,48935
2026-08-23T10:44:04Z,7384,41020,48935
2026-08-23T10:44:06Z,7384,41020,48935
2026-08-23T10:44:08Z,7384,41020,48935
2026-08-23T10:44:10Z,7384,41020,48935
2026-08-23T10:44:12Z,7384,41020,48935
2026-08-23T10:44:14Z,7384,41020,48935
2026-08-23T10:44:16Z,7384,41020,48935
2026-08-23T10:44:18Z,7384,41020,48935
2026-08-23T10:44:20Z,7384,41020,48935
2026-08-23T10:44:22Z,7384,41020,48935
2026-08-23T10:44:24Z,7384,41020,48935
2026-08-23T10:44:26Z,7384,41020,48935
2026-08-23T10:44:28Z,7384,41020,48935
2026-08-23T10:44:30Z,7384,41020,48935
2026-08-23T10:44:32Z,7384,41020,48935
2026-08-23T10:44:34Z,7384,41020,48935
2026-08-23T10:44:36Z,7384,41020,48935
2026-08-23T10:44:38Z,7384,41020,48935
2026-08-23T10:44:40Z,7384,41020,48935
2026-08-23T10:44:42Z,7384,41020,48935
2026-08-23T10:44:44Z,7384,41020,48935
2026-08-23T10:44:47Z,7384,41020,48935
2026-08-23T10:44:49Z,7384,41020,48935
2026-08-23T10:44:51Z,7384,41020,48935
2026-08-23T10:44:53Z,7384,41020,48935
2026-08-23T10:44:55Z,7384,41020,48935
2026-08-23T10:44:57Z,7384,41020,48935
2026-08-23T10:44:59Z,7384,41020,48935
2026-08-23T10:45:01Z,7384,41020,48935
2026-08-23T10:45:03Z,7384,41020,48935
2026-08-23T10:45:05Z,7384,41020,48935
2026-08-23T10:45:07Z,7384,41020,48935
2026-08-23T10:45:09Z,7384,41020,48935
2026-08-23T10:45:11Z,7384,41020,48935
2026-08-23T10:45:13Z,7384,41020,48935
2026-08-23T10:45:15Z,7384,41020,48935
2026-08-23T10:45:17Z,7384,41020,48935
2026-08-23T10:45:19Z,7384,41020,48935
2026-08-23T10:45:21Z,7384,41020,48935
2026-08-23T10:45:23Z,7254,41150,48935
2026-08-23T10:45:25Z,7254,41150,48935
2026-08-23T10:45:27Z,7254,41150,48935
2026-08-23T10:45:29Z,7254,41150,48935
2026-08-23T10:45:31Z,7254,41150,48935
2026-08-23T10:45:33Z,7256,41148,48935
2026-08-23T10:45:35Z,7384,41020,48935
2026-08-23T10:45:37Z,7384,41020,48935
2026-08-23T10:45:39Z,7384,41020,48935
2026-08-23T10:45:41Z,7384,41020,48935
2026-08-23T10:45:43Z,7384,41020,48935
2026-08-23T10:45:45Z,7384,41020,48935
2026-08-23T10:45:47Z,7384,41020,48935
2026-08-23T10:45:49Z,7384,41020,48935
2026-08-23T10:45:51Z,7384,41020,48935
2026-08-23T10:45:53Z,7384,41020,48935
2026-08-23T10:45:55Z,7384,41020,48935
2026-08-23T10:45:57Z,7384,41020,48935
2026-08-23T10:45:59Z,7384,41020,48935
2026-08-23T10:46:01Z,7384,41020,48935
2026-08-23T10:46:03Z,7384,41020,48935
2026-08-23T10:46:05Z,7384,41020,48935
2026-08-23T10:46:07Z,7384,41020,48935
2026-08-23T10:46:09Z,7384,41020,48935
2026-08-23T10:46:11Z,7384,41020,48935
2026-08-23T10:46:13Z,7384,41020,48935
2026-08-23T10:46:16Z,7384,41020,48935
2026-08-23T10:46:18Z,7384,41020,48935
2026-08-23T10:46:20Z,7384,41020,48935
2026-08-23T10:46:22Z,7384,41020,48935
2026-08-23T10:46:24Z,7384,41020,48935
2026-08-23T10:46:26Z,7384,41020,48935
2026-08-23T10:46:28Z,7384,41020,48935
2026-08-23T10:46:30Z,7384,41020,48935
2026-08-23T10:46:32Z,7384,41020,48935
2026-08-23T10:46:34Z,7384,41020,48935
2026-08-23T10:46:36Z,7384,41020,48935
2026-08-23T10:46:38Z,7384,41020,48935
2026-08-23T10:46:40Z,7384,41020,48935
2026-08-23T10:46:42Z,7384,41020,48935
2026-08-23T10:46:44Z,7384,41020,48935
2026-08-23T10:46:46Z,7384,41020,48935
2026-08-23T10:46:48Z,7384,41020,48935
2026-08-23T10:46:50Z,7384,41020,48935
2026-08-23T10:46:52Z,7384,41020,48935
2026-08-23T10:46:54Z,7384,41020,48935
2026-08-23T10:46:56Z,7384,41020,48935
2026-08-23T10:46:58Z,7384,41020,48935
2026-08-23T10:47:00Z,7384,41020,48935
2026-08-23T10:47:02Z,7384,41020,48935
2026-08-23T10:47:04Z,7384,41020,48935
2026-08-23T10:47:06Z,7384,41020,48935
2026-08-23T10:47:08Z,7384,41020,48935
2026-08-23T10:47:10Z,7384,41020,48935
2026-08-23T10:47:12Z,7384,41020,48935
2026-08-23T10:47:14Z,7384,41020,48935
2026-08-23T10:47:16Z,7384,41020,48935
2026-08-23T10:47:18Z,7384,41020,48935
2026-08-23T10:47:20Z,7384,41020,48935
2026-08-23T10:47:22Z,7384,41020,48935
2026-08-23T10:47:24Z,7384,41020,48935
2026-08-23T10:47:26Z,7384,41020,48935
2026-08-23T10:47:28Z,7384,41020,48935
2026-08-23T10:47:30Z,7384,41020,48935
2026-08-23T10:47:32Z,7384,41020,48935
2026-08-23T10:47:34Z,7384,41020,48935
2026-08-23T10:47:36Z,7384,41020,48935
2026-08-23T10:47:38Z,7384,41020,48935
2026-08-23T10:47:40Z,7384,41020,48935
2026-08-23T10:47:42Z,7384,41020,48935
2026-08-23T10:47:45Z,7384,41020,48935
2026-08-23T10:47:47Z,7384,41020,48935
2026-08-23T10:47:49Z,7384,41020,48935
2026-08-23T10:47:51Z,7384,41020,48935
2026-08-23T10:47:53Z,7384,41020,48935
2026-08-23T10:47:55Z,7384,41020,48935
2026-08-23T10:47:57Z,7384,41020,48935
2026-08-23T10:47:59Z,7384,41020,48935
2026-08-23T10:48:01Z,7384,41020,48935
2026-08-23T10:48:03Z,7384,41020,48935
2026-08-23T10:48:05Z,7384,41020,48935
2026-08-23T10:48:07Z,7384,41020,48935
2026-08-23T10:48:09Z,7384,41020,48935
2026-08-23T10:48:11Z,7384,41020,48935
2026-08-23T10:48:13Z,7384,41020,48935
2026-08-23T10:48:15Z,7384,41020,48935
2026-08-23T10:48:17Z,7384,41020,48935
2026-08-23T10:48:19Z,7384,41020,48935
2026-08-23T10:48:21Z,7384,41020,48935
2026-08-23T10:48:23Z,7384,41020,48935
2026-08-23T10:48:25Z,7384,41020,48935
2026-08-23T10:48:27Z,7384,41020,48935
2026-08-23T10:48:29Z,7384,41020,48935
2026-08-23T10:48:31Z,7384,41020,48935
2026-08-23T10:48:33Z,7254,41150,48935
2026-08-23T10:48:35Z,7254,41150,48935
2026-08-23T10:48:37Z,7254,41150,48935
2026-08-23T10:48:39Z,7254,41150,48935
2026-08-23T10:48:41Z,7254,41150,48935
2026-08-23T10:48:43Z,7384,41020,48935
2026-08-23T10:48:45Z,7384,41020,48935
2026-08-23T10:48:47Z,7384,41020,48935
2026-08-23T10:48:49Z,7384,41020,48935
2026-08-23T10:48:51Z,7384,41020,48935
2026-08-23T10:48:53Z,7384,41020,48935
2026-08-23T10:48:55Z,7384,41020,48935
2026-08-23T10:48:57Z,7384,41020,48935
2026-08-23T10:48:59Z,7384,41020,48935
2026-08-23T10:49:01Z,7384,41020,48935
2026-08-23T10:49:03Z,7384,41020,48935
2026-08-23T10:49:05Z,7384,41020,48935
2026-08-23T10:49:07Z,7384,41020,48935
2026-08-23T10:49:09Z,7384,41020,48935
2026-08-23T10:49:11Z,7384,41020,48935
2026-08-23T10:49:14Z,7384,41020,48935
2026-08-23T10:49:16Z,7384,41020,48935
2026-08-23T10:49:18Z,7384,41020,48935
2026-08-23T10:49:20Z,7384,41020,48935
2026-08-23T10:49:22Z,7384,41020,48935
2026-08-23T10:49:24Z,7384,41020,48935
2026-08-23T10:49:26Z,7384,41020,48935
2026-08-23T10:49:28Z,7384,41020,48935
2026-08-23T10:49:30Z,7384,41020,48935
2026-08-23T10:49:32Z,7384,41020,48935
2026-08-23T10:49:34Z,7384,41020,48935
2026-08-23T10:49:36Z,7384,41020,48935
2026-08-23T10:49:38Z,7384,41020,48935
2026-08-23T10:49:40Z,7384,41020,48935
2026-08-23T10:49:42Z,7384,41020,48935
2026-08-23T10:49:44Z,7384,41020,48935
2026-08-23T10:49:46Z,7384,41020,48935
2026-08-23T10:49:48Z,7384,41020,48935
2026-08-23T10:49:50Z,7384,41020,48935
2026-08-23T10:49:52Z,7384,41020,48935
2026-08-23T10:49:54Z,7384,41020,48935
2026-08-23T10:49:56Z,7384,41020,48935
2026-08-23T10:49:58Z,7384,41020,48935
2026-08-23T10:50:00Z,7384,41020,48935
2026-08-23T10:50:02Z,7384,41020,48935
2026-08-23T10:50:04Z,7384,41020,48935
2026-08-23T10:50:06Z,7384,41020,48935
2026-08-23T10:50:08Z,7384,41020,48935
2026-08-23T10:50:10Z,7384,41020,48935
2026-08-23T10:50:12Z,7384,41020,48935
2026-08-23T10:50:14Z,7384,41020,48935
2026-08-23T10:50:16Z,7384,41020,48935
2026-08-23T10:50:18Z,7384,41020,48935
2026-08-23T10:50:20Z,7384,41020,48935
2026-08-23T10:50:22Z,7384,41020,48935
2026-08-23T10:50:24Z,7384,41020,48935
2026-08-23T10:50:26Z,7384,41020,48935
2026-08-23T10:50:28Z,7384,41020,48935
2026-08-23T10:50:30Z,7384,41020,48935
2026-08-23T10:50:32Z,7384,41020,48935
2026-08-23T10:50:34Z,7384,41020,48935
2026-08-23T10:50:36Z,7384,41020,48935
2026-08-23T10:50:38Z,7384,41020,48935
2026-08-23T10:50:40Z,7384,41020,48935
2026-08-23T10:50:43Z,7384,41020,48935
2026-08-23T10:50:45Z,7384,41020,48935
2026-08-23T10:50:47Z,7384,41020,48935
2026-08-23T10:50:49Z,7384,41020,48935
2026-08-23T10:50:51Z,7384,41020,48935
2026-08-23T10:50:53Z,7384,41020,48935
2026-08-23T10:50:55Z,7384,41020,48935
2026-08-23T10:50:57Z,7384,41020,48935
2026-08-23T10:50:59Z,7384,41020,48935
2026-08-23T10:51:01Z,7384,41020,48935
2026-08-23T10:51:03Z,7384,41020,48935
2026-08-23T10:51:05Z,7384,41020,48935
2026-08-23T10:51:07Z,7384,41020,48935
2026-08-23T10:51:09Z,7384,41020,48935
2026-08-23T10:51:11Z,7384,41020,48935
2026-08-23T10:51:13Z,7254,41150,48935
2026-08-23T10:51:15Z,7254,41150,48935
2026-08-23T10:51:17Z,7254,41150,48935
2026-08-23T10:51:19Z,7254,41150,48935
2026-08-23T10:51:21Z,7254,41150,48935
2026-08-23T10:51:23Z,7384,41020,48935
2026-08-23T10:51:25Z,7384,41020,48935
2026-08-23T10:51:27Z,7384,41020,48935
2026-08-23T10:51:29Z,7384,41020,48935
2026-08-23T10:51:31Z,7384,41020,48935
2026-08-23T10:51:33Z,7384,41020,48935
2026-08-23T10:51:35Z,7384,41020,48935
2026-08-23T10:51:37Z,7384,41020,48935
2026-08-23T10:51:39Z,7384,41020,48935
2026-08-23T10:51:41Z,7384,41020,48935
2026-08-23T10:51:43Z,7384,41020,48935
2026-08-23T10:51:45Z,7384,41020,48935
2026-08-23T10:51:47Z,7384,41020,48935
2026-08-23T10:51:49Z,7384,41020,48935
2026-08-23T10:51:51Z,7384,41020,48935
2026-08-23T10:51:53Z,7384,41020,48935
2026-08-23T10:51:55Z,7384,41020,48935
2026-08-23T10:51:57Z,7384,41020,48935
2026-08-23T10:51:59Z,7384,41020,48935
2026-08-23T10:52:01Z,7384,41020,48935
2026-08-23T10:52:03Z,7384,41020,48935
2026-08-23T10:52:05Z,7384,41020,48935
2026-08-23T10:52:07Z,7384,41020,48935
2026-08-23T10:52:09Z,7384,41020,48935
2026-08-23T10:52:12Z,7384,41020,48935
2026-08-23T10:52:14Z,7384,41020,48935
2026-08-23T10:52:16Z,7384,41020,48935
2026-08-23T10:52:18Z,7384,41020,48935
2026-08-23T10:52:20Z,7384,41020,48935
2026-08-23T10:52:22Z,7384,41020,48935
2026-08-23T10:52:24Z,7384,41020,48935
2026-08-23T10:52:26Z,7384,41020,48935
2026-08-23T10:52:28Z,7384,41020,48935
2026-08-23T10:52:30Z,7384,41020,48935
2026-08-23T10:52:32Z,7384,41020,48935
2026-08-23T10:52:34Z,7384,41020,48935
2026-08-23T10:52:36Z,7384,41020,48935
2026-08-23T10:52:38Z,7384,41020,48935
2026-08-23T10:52:40Z,7384,41020,48935
2026-08-23T10:52:42Z,7384,41020,48935
2026-08-23T10:52:44Z,7384,41020,48935
2026-08-23T10:52:46Z,7384,41020,48935
2026-08-23T10:52:48Z,7384,41020,48935
2026-08-23T10:52:50Z,7384,41020,48935
2026-08-23T10:52:52Z,7384,41020,48935
2026-08-23T10:52:54Z,7384,41020,48935
2026-08-23T10:52:56Z,7384,41020,48935
2026-08-23T10:52:58Z,7384,41020,48935
2026-08-23T10:53:00Z,7384,41020,48935
2026-08-23T10:53:02Z,7384,41020,48935
2026-08-23T10:53:04Z,7384,41020,48935
2026-08-23T10:53:06Z,7384,41020,48935
2026-08-23T10:53:08Z,7384,41020,48935
2026-08-23T10:53:10Z,7384,41020,48935
2026-08-23T10:53:12Z,7384,41020,48935
2026-08-23T10:53:14Z,7384,41020,48935
2026-08-23T10:53:16Z,7384,41020,48935
2026-08-23T10:53:18Z,7384,41020,48935
2026-08-23T10:53:20Z,7384,41020,48935
2026-08-23T10:53:22Z,7384,41020,48935
2026-08-23T10:53:24Z,7384,41020,48935
2026-08-23T10:53:26Z,7384,41020,48935
2026-08-23T10:53:28Z,7384,41020,48935
2026-08-23T10:53:30Z,7384,41020,48935
2026-08-23T10:53:32Z,7384,41020,48935
2026-08-23T10:53:34Z,7384,41020,48935
2026-08-23T10:53:36Z,7384,41020,48935
2026-08-23T10:53:38Z,7384,41020,48935
2026-08-23T10:53:41Z,7384,41020,48935
2026-08-23T10:53:43Z,7384,41020,48935
2026-08-23T10:53:45Z,7384,41020,48935
2026-08-23T10:53:47Z,7384,41020,48935
2026-08-23T10:53:49Z,7384,41020,48935
2026-08-23T10:53:51Z,7384,41020,48935
2026-08-23T10:53:53Z,7384,41020,48935
2026-08-23T10:53:55Z,7384,41020,48935
2026-08-23T10:53:57Z,7384,41020,48935
2026-08-23T10:53:59Z,7384,41020,48935
2026-08-23T10:54:01Z,7384,41020,48935
2026-08-23T10:54:03Z,7384,41020,48935
2026-08-23T10:54:05Z,7384,41020,48935
2026-08-23T10:54:07Z,7384,41020,48935
2026-08-23T10:54:09Z,7384,41020,48935
2026-08-23T10:54:11Z,7384,41020,48935
2026-08-23T10:54:13Z,7384,41020,48935
2026-08-23T10:54:15Z,7384,41020,48935
2026-08-23T10:54:17Z,7384,41020,48935
2026-08-23T10:54:19Z,7384,41020,48935
2026-08-23T10:54:21Z,7384,41020,48935
2026-08-23T10:54:23Z,7384,41020,48935
2026-08-23T10:54:25Z,7384,41020,48935
2026-08-23T10:54:27Z,7384,41020,48935
2026-08-23T10:54:29Z,7254,41150,48935
2026-08-23T10:54:31Z,7254,41150,48935
2026-08-23T10:54:33Z,7254,41150,48935
2026-08-23T10:54:35Z,7254,41150,48935
2026-08-23T10:54:37Z,7254,41150,48935
2026-08-23T10:54:39Z,7384,41020,48935
2026-08-23T10:54:41Z,7384,41020,48935
2026-08-23T10:54:43Z,7384,41020,48935
2026-08-23T10:54:45Z,7384,41020,48935
2026-08-23T10:54:47Z,7384,41020,48935
2026-08-23T10:54:49Z,7384,41020,48935
2026-08-23T10:54:51Z,7384,41020,48935
2026-08-23T10:54:53Z,7384,41020,48935
2026-08-23T10:54:55Z,7384,41020,48935
2026-08-23T10:54:57Z,7384,41020,48935
2026-08-23T10:54:59Z,7384,41020,48935
2026-08-23T10:55:01Z,7384,41020,48935
2026-08-23T10:55:03Z,7384,41020,48935
2026-08-23T10:55:05Z,7384,41020,48935
2026-08-23T10:55:07Z,7384,41020,48935
2026-08-23T10:55:10Z,7384,41020,48935
2026-08-23T10:55:12Z,7384,41020,48935
2026-08-23T10:55:14Z,7384,41020,48935
2026-08-23T10:55:16Z,7384,41020,48935
2026-08-23T10:55:18Z,7384,41020,48935
2026-08-23T10:55:20Z,7384,41020,48935
2026-08-23T10:55:22Z,7384,41020,48935
2026-08-23T10:55:24Z,7384,41020,48935
2026-08-23T10:55:26Z,7384,41020,48935
2026-08-23T10:55:28Z,7384,41020,48935
2026-08-23T10:55:30Z,7384,41020,48935
2026-08-23T10:55:32Z,7384,41020,48935
2026-08-23T10:55:34Z,7384,41020,48935
2026-08-23T10:55:36Z,7384,41020,48935
2026-08-23T10:55:38Z,7384,41020,48935
2026-08-23T10:55:40Z,7384,41020,48935
2026-08-23T10:55:42Z,7384,41020,48935
2026-08-23T10:55:44Z,7384,41020,48935
2026-08-23T10:55:46Z,7384,41020,48935
2026-08-23T10:55:48Z,7384,41020,48935
2026-08-23T10:55:50Z,7384,41020,48935
2026-08-23T10:55:52Z,7384,41020,48935
2026-08-23T10:55:54Z,7384,41020,48935
2026-08-23T10:55:56Z,7384,41020,48935
2026-08-23T10:55:58Z,7384,41020,48935
2026-08-23T10:56:00Z,7384,41020,48935
2026-08-23T10:56:02Z,7384,41020,48935
2026-08-23T10:56:04Z,7384,41020,48935
2026-08-23T10:56:06Z,7384,41020,48935
2026-08-23T10:56:08Z,7384,41020,48935
2026-08-23T10:56:10Z,7384,41020,48935
2026-08-23T10:56:12Z,7384,41020,48935
2026-08-23T10:56:14Z,7384,41020,48935
2026-08-23T10:56:16Z,7384,41020,48935
2026-08-23T10:56:18Z,7384,41020,48935
2026-08-23T10:56:20Z,7384,41020,48935
2026-08-23T10:56:22Z,7384,41020,48935
2026-08-23T10:56:24Z,7384,41020,48935
2026-08-23T10:56:26Z,7384,41020,48935
2026-08-23T10:56:28Z,7384,41020,48935
2026-08-23T10:56:30Z,7384,41020,48935
2026-08-23T10:56:32Z,7384,41020,48935
2026-08-23T10:56:34Z,7384,41020,48935
2026-08-23T10:56:36Z,7384,41020,48935
2026-08-23T10:56:39Z,7384,41020,48935
2026-08-23T10:56:41Z,7384,41020,48935
2026-08-23T10:56:43Z,7384,41020,48935
2026-08-23T10:56:45Z,7384,41020,48935
2026-08-23T10:56:47Z,7384,41020,48935
2026-08-23T10:56:49Z,7384,41020,48935
2026-08-23T10:56:51Z,7384,41020,48935
2026-08-23T10:56:53Z,7384,41020,48935
2026-08-23T10:56:55Z,7384,41020,48935
2026-08-23T10:56:57Z,7384,41020,48935
2026-08-23T10:56:59Z,7384,41020,48935
2026-08-23T10:57:01Z,7384,41020,48935
2026-08-23T10:57:03Z,7384,41020,48935
2026-08-23T10:57:05Z,7384,41020,48935
2026-08-23T10:57:07Z,7384,41020,48935
2026-08-23T10:57:09Z,7384,41020,48935
2026-08-23T10:57:11Z,7384,41020,48935
2026-08-23T10:57:13Z,7384,41020,48935
2026-08-23T10:57:15Z,7384,41020,48935
2026-08-23T10:57:17Z,7384,41020,48935
2026-08-23T10:57:19Z,7384,41020,48935
2026-08-23T10:57:21Z,7384,41020,48935
2026-08-23T10:57:23Z,7384,41020,48935
2026-08-23T10:57:25Z,7384,41020,48935
2026-08-23T10:57:27Z,7384,41020,48935
2026-08-23T10:57:29Z,7384,41020,48935
2026-08-23T10:57:31Z,7384,41020,48935
2026-08-23T10:57:33Z,7384,41020,48935
2026-08-23T10:57:35Z,7384,41020,48935
2026-08-23T10:57:37Z,7384,41020,48935
2026-08-23T10:57:39Z,7384,41020,48935
2026-08-23T10:57:41Z,7384,41020,48935
2026-08-23T10:57:43Z,7384,41020,48935
2026-08-23T10:57:45Z,7384,41020,48935
2026-08-23T10:57:47Z,7384,41020,48935
2026-08-23T10:57:49Z,7384,41020,48935
2026-08-23T10:57:51Z,7384,41020,48935
2026-08-23T10:57:53Z,7384,41020,48935
2026-08-23T10:57:55Z,7384,41020,48935
2026-08-23T10:57:57Z,7384,41020,48935
2026-08-23T10:57:59Z,7384,41020,48935
2026-08-23T10:58:01Z,7254,41150,48935
2026-08-23T10:58:03Z,7254,41150,48935
2026-08-23T10:58:05Z,7254,41150,48935
2026-08-23T10:58:08Z,7254,41150,48935
2026-08-23T10:58:10Z,7254,41150,48935
2026-08-23T10:58:12Z,7256,41148,48935
2026-08-23T10:58:14Z,7384,41020,48935
2026-08-23T10:58:16Z,7384,41020,48935
2026-08-23T10:58:18Z,7384,41020,48935
2026-08-23T10:58:20Z,7384,41020,48935
2026-08-23T10:58:22Z,7384,41020,48935
2026-08-23T10:58:24Z,7384,41020,48935
2026-08-23T10:58:26Z,7384,41020,48935
2026-08-23T10:58:28Z,7384,41020,48935
2026-08-23T10:58:30Z,7384,41020,48935
2026-08-23T10:58:32Z,7384,41020,48935
2026-08-23T10:58:34Z,7384,41020,48935
2026-08-23T10:58:36Z,7384,41020,48935
2026-08-23T10:58:38Z,7384,41020,48935
2026-08-23T10:58:40Z,7384,41020,48935
2026-08-23T10:58:42Z,7384,41020,48935
2026-08-23T10:58:44Z,7384,41020,48935
2026-08-23T10:58:46Z,7384,41020,48935
2026-08-23T10:58:48Z,7384,41020,48935
2026-08-23T10:58:50Z,7384,41020,48935
2026-08-23T10:58:52Z,7384,41020,48935
2026-08-23T10:58:54Z,7384,41020,48935
2026-08-23T10:58:56Z,7384,41020,48935
2026-08-23T10:58:58Z,7384,41020,48935
2026-08-23T10:59:00Z,7384,41020,48935
2026-08-23T10:59:02Z,7384,41020,48935
2026-08-23T10:59:04Z,7384,41020,48935
2026-08-23T10:59:06Z,7384,41020,48935
2026-08-23T10:59:08Z,7384,41020,48935
2026-08-23T10:59:10Z,7384,41020,48935
2026-08-23T10:59:12Z,7384,41020,48935
2026-08-23T10:59:14Z,7384,41020,48935
2026-08-23T10:59:16Z,7384,41020,48935
2026-08-23T10:59:18Z,7384,41020,48935
2026-08-23T10:59:20Z,7384,41020,48935
2026-08-23T10:59:22Z,7384,41020,48935
2026-08-23T10:59:24Z,7384,41020,48935
2026-08-23T10:59:26Z,7384,41020,48935
2026-08-23T10:59:28Z,7384,41020,48935
2026-08-23T10:59:30Z,7384,41020,48935
2026-08-23T10:59:32Z,7384,41020,48935
2026-08-23T10:59:34Z,7384,41020,48935
2026-08-23T10:59:37Z,7384,41020,48935
2026-08-23T10:59:39Z,7384,41020,48935
2026-08-23T10:59:41Z,7384,41020,48935
2026-08-23T10:59:43Z,7384,41020,48935
2026-08-23T10:59:45Z,7384,41020,48935
2026-08-23T10:59:47Z,7384,41020,48935
2026-08-23T10:59:49Z,7384,41020,48935
2026-08-23T10:59:51Z,7384,41020,48935
2026-08-23T10:59:53Z,7384,41020,48935
2026-08-23T10:59:55Z,7384,41020,48935
2026-08-23T10:59:57Z,7384,41020,48935
2026-08-23T10:59:59Z,7384,41020,48935
2026-08-23T11:00:01Z,7384,41020,48935
2026-08-23T11:00:03Z,7384,41020,48935
2026-08-23T11:00:05Z,7384,41020,48935
2026-08-23T11:00:07Z,7384,41020,48935
2026-08-23T11:00:09Z,7384,41020,48935
2026-08-23T11:00:11Z,7384,41020,48935
2026-08-23T11:00:13Z,7384,41020,48935
2026-08-23T11:00:15Z,7384,41020,48935
2026-08-23T11:00:17Z,7384,41020,48935
2026-08-23T11:00:19Z,7384,41020,48935
2026-08-23T11:00:21Z,7384,41020,48935
2026-08-23T11:00:23Z,7384,41020,48935
2026-08-23T11:00:25Z,7384,41020,48935
2026-08-23T11:00:27Z,7384,41020,48935
2026-08-23T11:00:29Z,7384,41020,48935
2026-08-23T11:00:31Z,7384,41020,48935
2026-08-23T11:00:33Z,7384,41020,48935
2026-08-23T11:00:35Z,7384,41020,48935
2026-08-23T11:00:37Z,7384,41020,48935
2026-08-23T11:00:39Z,7384,41020,48935
2026-08-23T11:00:41Z,7254,41150,48935
2026-08-23T11:00:43Z,7254,41150,48935
2026-08-23T11:00:45Z,7254,41150,48935
2026-08-23T11:00:47Z,7254,41150,48935
2026-08-23T11:00:49Z,7254,41150,48935
2026-08-23T11:00:51Z,7384,41020,48935
2026-08-23T11:00:53Z,7384,41020,48935
2026-08-23T11:00:55Z,7384,41020,48935
2026-08-23T11:00:57Z,7384,41020,48935
2026-08-23T11:00:59Z,7384,41020,48935
2026-08-23T11:01:01Z,7384,41020,48935
2026-08-23T11:01:03Z,7384,41020,48935
2026-08-23T11:01:06Z,7384,41020,48935
2026-08-23T11:01:08Z,7384,41020,48935
2026-08-23T11:01:10Z,7384,41020,48935
2026-08-23T11:01:12Z,7384,41020,48935
2026-08-23T11:01:14Z,7384,41020,48935
2026-08-23T11:01:16Z,7384,41020,48935
2026-08-23T11:01:18Z,7384,41020,48935
2026-08-23T11:01:20Z,7384,41020,48935
2026-08-23T11:01:22Z,7384,41020,48935
2026-08-23T11:01:24Z,7384,41020,48935
2026-08-23T11:01:26Z,7384,41020,48935
2026-08-23T11:01:28Z,7384,41020,48935
2026-08-23T11:01:30Z,7384,41020,48935
2026-08-23T11:01:32Z,7384,41020,48935
2026-08-23T11:01:34Z,7384,41020,48935
2026-08-23T11:01:36Z,7384,41020,48935
2026-08-23T11:01:38Z,7384,41020,48935
2026-08-23T11:01:40Z,7384,41020,48935
2026-08-23T11:01:42Z,7384,41020,48935
2026-08-23T11:01:44Z,7384,41020,48935
2026-08-23T11:01:46Z,7384,41020,48935
2026-08-23T11:01:48Z,7384,41020,48935
2026-08-23T11:01:50Z,7384,41020,48935
2026-08-23T11:01:52Z,7384,41020,48935
2026-08-23T11:01:54Z,7384,41020,48935
2026-08-23T11:01:56Z,7384,41020,48935
2026-08-23T11:01:58Z,7384,41020,48935
2026-08-23T11:02:00Z,7384,41020,48935
2026-08-23T11:02:02Z,7384,41020,48935
2026-08-23T11:02:04Z,7384,41020,48935
2026-08-23T11:02:06Z,7384,41020,48935
2026-08-23T11:02:08Z,7384,41020,48935
2026-08-23T11:02:10Z,7384,41020,48935
2026-08-23T11:02:12Z,7384,41020,48935
2026-08-23T11:02:14Z,7384,41020,48935
2026-08-23T11:02:16Z,7384,41020,48935
2026-08-23T11:02:18Z,7384,41020,48935
2026-08-23T11:02:20Z,7384,41020,48935
2026-08-23T11:02:22Z,7384,41020,48935
2026-08-23T11:02:24Z,7384,41020,48935
2026-08-23T11:02:26Z,7384,41020,48935
2026-08-23T11:02:28Z,7384,41020,48935
2026-08-23T11:02:30Z,7384,41020,48935
2026-08-23T11:02:33Z,7384,41020,48935
2026-08-23T11:02:35Z,7384,41020,48935
2026-08-23T11:02:37Z,7384,41020,48935
2026-08-23T11:02:39Z,7384,41020,48935
2026-08-23T11:02:41Z,7384,41020,48935
2026-08-23T11:02:43Z,7384,41020,48935
2026-08-23T11:02:45Z,7384,41020,48935
2026-08-23T11:02:47Z,7384,41020,48935
2026-08-23T11:02:49Z,7384,41020,48935
2026-08-23T11:02:51Z,7384,41020,48935
2026-08-23T11:02:53Z,7384,41020,48935
2026-08-23T11:02:55Z,7384,41020,48935
2026-08-23T11:02:57Z,7384,41020,48935
2026-08-23T11:02:59Z,7384,41020,48935
2026-08-23T11:03:01Z,7384,41020,48935
2026-08-23T11:03:03Z,7384,41020,48935
2026-08-23T11:03:05Z,7384,41020,48935
2026-08-23T11:03:07Z,7384,41020,48935
2026-08-23T11:03:09Z,7384,41020,48935
2026-08-23T11:03:11Z,7384,41020,48935
2026-08-23T11:03:13Z,7384,41020,48935
2026-08-23T11:03:15Z,7384,41020,48935
2026-08-23T11:03:17Z,7384,41020,48935
2026-08-23T11:03:19Z,7384,41020,48935
2026-08-23T11:03:21Z,7384,41020,48935
2026-08-23T11:03:23Z,7384,41020,48935
2026-08-23T11:03:25Z,7384,41020,48935
2026-08-23T11:03:27Z,7384,41020,48935
2026-08-23T11:03:29Z,7384,41020,48935
2026-08-23T11:03:31Z,7384,41020,48935
2026-08-23T11:03:33Z,7384,41020,48935
2026-08-23T11:03:35Z,7384,41020,48935
2026-08-23T11:03:37Z,7384,41020,48935
2026-08-23T11:03:39Z,7384,41020,48935
2026-08-23T11:03:41Z,7384,41020,48935
2026-08-23T11:03:43Z,7384,41020,48935
2026-08-23T11:03:45Z,7384,41020,48935
2026-08-23T11:03:47Z,7384,41020,48935
2026-08-23T11:03:49Z,7384,41020,48935
2026-08-23T11:03:51Z,7384,41020,48935
2026-08-23T11:03:53Z,7384,41020,48935
2026-08-23T11:03:55Z,7384,41020,48935
2026-08-23T11:03:57Z,7384,41020,48935
2026-08-23T11:03:59Z,7384,41020,48935
2026-08-23T11:04:02Z,7384,41020,48935
2026-08-23T11:04:04Z,7384,41020,48935
2026-08-23T11:04:06Z,7384,41020,48935
2026-08-23T11:04:08Z,7384,41020,48935
2026-08-23T11:04:10Z,7384,41020,48935
2026-08-23T11:04:12Z,7384,41020,48935
2026-08-23T11:04:14Z,7384,41020,48935
2026-08-23T11:04:16Z,7254,41150,48935
2026-08-23T11:04:18Z,7254,41150,48935
2026-08-23T11:04:20Z,7254,41150,48935
2026-08-23T11:04:22Z,7254,41150,48935
2026-08-23T11:04:24Z,7254,41150,48935
2026-08-23T11:04:26Z,7384,41020,48935
2026-08-23T11:04:28Z,7384,41020,48935
2026-08-23T11:04:30Z,7384,41020,48935
2026-08-23T11:04:32Z,7384,41020,48935
2026-08-23T11:04:34Z,7384,41020,48935
2026-08-23T11:04:36Z,7384,41020,48935
2026-08-23T11:04:38Z,7384,41020,48935
2026-08-23T11:04:40Z,7384,41020,48935
2026-08-23T11:04:42Z,7384,41020,48935
2026-08-23T11:04:44Z,7384,41020,48935
2026-08-23T11:04:46Z,7384,41020,48935
2026-08-23T11:04:48Z,7384,41020,48935
2026-08-23T11:04:50Z,7384,41020,48935
2026-08-23T11:04:52Z,7384,41020,48935
2026-08-23T11:04:54Z,7384,41020,48935
2026-08-23T11:04:56Z,7384,41020,48935
2026-08-23T11:04:58Z,7384,41020,48935
2026-08-23T11:05:00Z,7384,41020,48935
2026-08-23T11:05:02Z,7384,41020,48935
2026-08-23T11:05:04Z,7384,41020,48935
2026-08-23T11:05:06Z,7384,41020,48935
2026-08-23T11:05:08Z,7384,41020,48935
2026-08-23T11:05:10Z,7384,41020,48935
2026-08-23T11:05:12Z,7384,41020,48935
2026-08-23T11:05:14Z,7384,41020,48935
2026-08-23T11:05:16Z,7384,41020,48935
2026-08-23T11:05:18Z,7384,41020,48935
2026-08-23T11:05:20Z,7384,41020,48935
2026-08-23T11:05:22Z,7384,41020,48935
2026-08-23T11:05:24Z,7384,41020,48935
2026-08-23T11:05:26Z,7384,41020,48935
2026-08-23T11:05:28Z,7384,41020,48935
2026-08-23T11:05:31Z,7384,41020,48935
2026-08-23T11:05:33Z,7384,41020,48935
2026-08-23T11:05:35Z,7384,41020,48935
2026-08-23T11:05:37Z,7384,41020,48935
2026-08-23T11:05:39Z,7384,41020,48935
2026-08-23T11:05:41Z,7384,41020,48935
2026-08-23T11:05:43Z,7384,41020,48935
2026-08-23T11:05:45Z,7384,41020,48935
2026-08-23T11:05:47Z,7384,41020,48935
2026-08-23T11:05:49Z,7384,41020,48935
2026-08-23T11:05:51Z,7384,41020,48935
2026-08-23T11:05:53Z,7384,41020,48935
2026-08-23T11:05:55Z,7384,41020,48935
2026-08-23T11:05:57Z,7384,41020,48935
2026-08-23T11:05:59Z,7384,41020,48935
2026-08-23T11:06:01Z,7384,41020,48935
2026-08-23T11:06:03Z,7384,41020,48935
2026-08-23T11:06:05Z,7384,41020,48935
2026-08-23T11:06:07Z,7384,41020,48935
2026-08-23T11:06:09Z,7384,41020,48935
2026-08-23T11:06:11Z,7384,41020,48935
2026-08-23T11:06:13Z,7384,41020,48935
2026-08-23T11:06:15Z,7384,41020,48935
2026-08-23T11:06:17Z,7384,41020,48935
2026-08-23T11:06:19Z,7384,41020,48935
2026-08-23T11:06:21Z,7384,41020,48935
2026-08-23T11:06:23Z,7384,41020,48935
2026-08-23T11:06:25Z,7384,41020,48935
2026-08-23T11:06:27Z,7384,41020,48935
2026-08-23T11:06:29Z,7384,41020,48935
2026-08-23T11:06:31Z,7384,41020,48935
2026-08-23T11:06:33Z,7384,41020,48935
2026-08-23T11:06:35Z,7384,41020,48935
2026-08-23T11:06:37Z,7384,41020,48935
2026-08-23T11:06:39Z,7384,41020,48935
2026-08-23T11:06:41Z,7384,41020,48935
2026-08-23T11:06:43Z,7384,41020,48935
2026-08-23T11:06:45Z,7384,41020,48935
2026-08-23T11:06:47Z,7384,41020,48935
2026-08-23T11:06:49Z,7384,41020,48935
2026-08-23T11:06:51Z,7384,41020,48935
2026-08-23T11:06:53Z,7384,41020,48935
2026-08-23T11:06:55Z,7384,41020,48935
2026-08-23T11:06:58Z,7254,41150,48935
2026-08-23T11:07:00Z,7254,41150,48935
2026-08-23T11:07:02Z,7254,41150,48935
2026-08-23T11:07:04Z,7254,41150,48935
2026-08-23T11:07:06Z,7254,41150,48935
2026-08-23T11:07:08Z,7384,41020,48935
2026-08-23T11:07:10Z,7384,41020,48935
2026-08-23T11:07:12Z,7384,41020,48935
2026-08-23T11:07:14Z,7384,41020,48935
2026-08-23T11:07:16Z,7384,41020,48935
2026-08-23T11:07:18Z,7384,41020,48935
2026-08-23T11:07:20Z,7384,41020,48935
2026-08-23T11:07:22Z,7384,41020,48935
2026-08-23T11:07:24Z,7384,41020,48935
2026-08-23T11:07:26Z,7384,41020,48935
2026-08-23T11:07:28Z,7384,41020,48935
2026-08-23T11:07:30Z,7384,41020,48935
2026-08-23T11:07:32Z,7384,41020,48935
2026-08-23T11:07:34Z,7384,41020,48935
2026-08-23T11:07:36Z,7384,41020,48935
2026-08-23T11:07:38Z,7384,41020,48935
2026-08-23T11:07:40Z,7384,41020,48935
2026-08-23T11:07:42Z,7384,41020,48935
2026-08-23T11:07:44Z,7384,41020,48935
2026-08-23T11:07:46Z,7384,41020,48935
2026-08-23T11:07:48Z,7384,41020,48935
2026-08-23T11:07:50Z,7384,41020,48935
2026-08-23T11:07:52Z,7384,41020,48935
2026-08-23T11:07:54Z,7384,41020,48935
2026-08-23T11:07:56Z,7384,41020,48935
2026-08-23T11:07:58Z,7384,41020,48935
2026-08-23T11:08:00Z,7384,41020,48935
2026-08-23T11:08:02Z,7384,41020,48935
2026-08-23T11:08:04Z,7384,41020,48935
2026-08-23T11:08:06Z,7384,41020,48935
2026-08-23T11:08:08Z,7384,41020,48935
2026-08-23T11:08:10Z,7384,41020,48935
2026-08-23T11:08:12Z,7384,41020,48935
2026-08-23T11:08:14Z,7384,41020,48935
2026-08-23T11:08:16Z,7384,41020,48935
2026-08-23T11:08:18Z,7384,41020,48935
2026-08-23T11:08:20Z,7384,41020,48935
2026-08-23T11:08:22Z,7384,41020,48935
2026-08-23T11:08:24Z,7384,41020,48935
2026-08-23T11:08:27Z,7384,41020,48935
2026-08-23T11:08:29Z,7384,41020,48935
2026-08-23T11:08:31Z,7384,41020,48935
2026-08-23T11:08:33Z,7384,41020,48935
2026-08-23T11:08:35Z,7384,41020,48935
2026-08-23T11:08:37Z,7384,41020,48935
2026-08-23T11:08:39Z,7384,41020,48935
2026-08-23T11:08:41Z,7384,41020,48935
2026-08-23T11:08:43Z,7384,41020,48935
2026-08-23T11:08:45Z,7384,41020,48935
2026-08-23T11:08:47Z,7384,41020,48935
2026-08-23T11:08:49Z,7384,41020,48935
2026-08-23T11:08:51Z,7384,41020,48935
2026-08-23T11:08:53Z,7384,41020,48935
2026-08-23T11:08:55Z,7384,41020,48935
2026-08-23T11:08:57Z,7384,41020,48935
2026-08-23T11:08:59Z,7384,41020,48935
2026-08-23T11:09:01Z,7384,41020,48935
2026-08-23T11:09:03Z,7384,41020,48935
2026-08-23T11:09:05Z,7384,41020,48935
2026-08-23T11:09:07Z,7384,41020,48935
2026-08-23T11:09:09Z,7384,41020,48935
2026-08-23T11:09:11Z,7384,41020,48935
2026-08-23T11:09:13Z,7384,41020,48935
2026-08-23T11:09:15Z,7384,41020,48935
2026-08-23T11:09:17Z,7384,41020,48935
2026-08-23T11:09:19Z,7384,41020,48935
2026-08-23T11:09:21Z,7384,41020,48935
2026-08-23T11:09:23Z,7384,41020,48935
2026-08-23T11:09:25Z,7384,41020,48935
2026-08-23T11:09:27Z,7384,41020,48935
2026-08-23T11:09:29Z,7384,41020,48935
2026-08-23T11:09:31Z,7384,41020,48935
2026-08-23T11:09:33Z,7384,41020,48935
2026-08-23T11:09:35Z,7384,41020,48935
2026-08-23T11:09:37Z,7384,41020,48935
2026-08-23T11:09:39Z,7384,41020,48935
2026-08-23T11:09:41Z,7384,41020,48935
2026-08-23T11:09:43Z,7384,41020,48935
2026-08-23T11:09:45Z,7384,41020,48935
2026-08-23T11:09:47Z,7384,41020,48935
2026-08-23T11:09:49Z,7384,41020,48935
2026-08-23T11:09:51Z,7384,41020,48935
2026-08-23T11:09:53Z,7384,41020,48935
2026-08-23T11:09:56Z,7384,41020,48935
2026-08-23T11:09:58Z,7384,41020,48935
2026-08-23T11:10:00Z,7384,41020,48935
2026-08-23T11:10:02Z,7384,41020,48935
2026-08-23T11:10:04Z,7384,41020,48935
2026-08-23T11:10:06Z,7384,41020,48935
2026-08-23T11:10:08Z,7254,41150,48935
2026-08-23T11:10:10Z,7254,41150,48935
2026-08-23T11:10:12Z,7254,41150,48935
2026-08-23T11:10:14Z,7254,41150,48935
2026-08-23T11:10:16Z,7254,41150,48935
2026-08-23T11:10:18Z,7384,41020,48935
2026-08-23T11:10:20Z,7384,41020,48935
2026-08-23T11:10:22Z,7384,41020,48935
2026-08-23T11:10:24Z,7384,41020,48935
2026-08-23T11:10:26Z,7384,41020,48935
2026-08-23T11:10:28Z,7384,41020,48935
2026-08-23T11:10:30Z,7384,41020,48935
2026-08-23T11:10:32Z,7384,41020,48935
2026-08-23T11:10:34Z,7384,41020,48935
2026-08-23T11:10:36Z,7384,41020,48935
2026-08-23T11:10:38Z,7384,41020,48935
2026-08-23T11:10:40Z,7384,41020,48935
2026-08-23T11:10:42Z,7384,41020,48935
2026-08-23T11:10:44Z,7384,41020,48935
2026-08-23T11:10:46Z,7384,41020,48935
2026-08-23T11:10:48Z,7384,41020,48935
2026-08-23T11:10:50Z,7384,41020,48935
2026-08-23T11:10:52Z,7384,41020,48935
2026-08-23T11:10:54Z,7384,41020,48935
2026-08-23T11:10:56Z,7384,41020,48935
2026-08-23T11:10:58Z,7384,41020,48935
2026-08-23T11:11:00Z,7384,41020,48935
2026-08-23T11:11:02Z,7384,41020,48935
2026-08-23T11:11:04Z,7384,41020,48935
2026-08-23T11:11:06Z,7384,41020,48935
2026-08-23T11:11:08Z,7384,41020,48935
2026-08-23T11:11:10Z,7384,41020,48935
2026-08-23T11:11:12Z,7384,41020,48935
2026-08-23T11:11:14Z,7384,41020,48935
2026-08-23T11:11:16Z,7384,41020,48935
2026-08-23T11:11:18Z,7384,41020,48935
2026-08-23T11:11:20Z,7384,41020,48935
2026-08-23T11:11:22Z,7384,41020,48935
2026-08-23T11:11:25Z,7384,41020,48935
2026-08-23T11:11:27Z,7384,41020,48935
2026-08-23T11:11:29Z,7384,41020,48935
2026-08-23T11:11:31Z,7384,41020,48935
2026-08-23T11:11:33Z,7384,41020,48935
2026-08-23T11:11:35Z,7384,41020,48935
2026-08-23T11:11:37Z,7384,41020,48935
2026-08-23T11:11:39Z,7384,41020,48935
2026-08-23T11:11:41Z,7384,41020,48935
2026-08-23T11:11:43Z,7384,41020,48935
2026-08-23T11:11:45Z,7384,41020,48935
2026-08-23T11:11:47Z,7384,41020,48935
2026-08-23T11:11:49Z,7384,41020,48935
2026-08-23T11:11:51Z,7384,41020,48935
2026-08-23T11:11:53Z,7384,41020,48935
2026-08-23T11:11:55Z,7384,41020,48935
2026-08-23T11:11:57Z,7384,41020,48935
2026-08-23T11:11:59Z,7384,41020,48935
2026-08-23T11:12:01Z,7384,41020,48935
2026-08-23T11:12:03Z,7384,41020,48935
2026-08-23T11:12:05Z,7384,41020,48935
2026-08-23T11:12:07Z,7384,41020,48935
2026-08-23T11:12:09Z,7384,41020,48935
2026-08-23T11:12:11Z,7384,41020,48935
2026-08-23T11:12:13Z,7384,41020,48935
2026-08-23T11:12:15Z,7384,41020,48935
2026-08-23T11:12:17Z,7386,41018,48935
2026-08-23T11:12:19Z,7386,41018,48935
2026-08-23T11:12:21Z,7386,41018,48935
2026-08-23T11:12:23Z,7254,41150,48935
2026-08-23T11:12:25Z,7254,41150,48935
2026-08-23T11:12:27Z,7254,41150,48935
2026-08-23T11:12:29Z,7254,41150,48935
2026-08-23T11:12:31Z,7254,41150,48935
2026-08-23T11:12:33Z,7384,41020,48935
2026-08-23T11:12:35Z,7384,41020,48935
2026-08-23T11:12:37Z,7384,41020,48935
2026-08-23T11:12:39Z,7384,41020,48935
2026-08-23T11:12:41Z,7384,41020,48935
2026-08-23T11:12:43Z,7384,41020,48935
2026-08-23T11:12:45Z,7384,41020,48935
2026-08-23T11:12:47Z,7384,41020,48935
2026-08-23T11:12:49Z,7384,41020,48935
2026-08-23T11:12:51Z,7384,41020,48935
2026-08-23T11:12:54Z,7384,41020,48935
2026-08-23T11:12:56Z,7384,41020,48935
2026-08-23T11:12:58Z,7384,41020,48935
2026-08-23T11:13:00Z,7384,41020,48935
2026-08-23T11:13:02Z,7384,41020,48935
2026-08-23T11:13:04Z,7384,41020,48935
2026-08-23T11:13:06Z,7384,41020,48935
2026-08-23T11:13:08Z,7384,41020,48935
2026-08-23T11:13:10Z,7384,41020,48935
2026-08-23T11:13:12Z,7384,41020,48935
2026-08-23T11:13:14Z,7384,41020,48935
2026-08-23T11:13:16Z,7384,41020,48935
2026-08-23T11:13:18Z,7384,41020,48935
2026-08-23T11:13:20Z,7384,41020,48935
2026-08-23T11:13:22Z,7384,41020,48935
2026-08-23T11:13:24Z,7384,41020,48935
2026-08-23T11:13:26Z,7384,41020,48935
2026-08-23T11:13:28Z,7384,41020,48935
2026-08-23T11:13:30Z,7384,41020,48935
2026-08-23T11:13:32Z,7384,41020,48935
2026-08-23T11:13:34Z,7384,41020,48935
2026-08-23T11:13:36Z,7384,41020,48935
2026-08-23T11:13:38Z,7384,41020,48935
2026-08-23T11:13:40Z,7384,41020,48935
2026-08-23T11:13:42Z,7384,41020,48935
2026-08-23T11:13:44Z,7384,41020,48935
2026-08-23T11:13:46Z,7384,41020,48935
2026-08-23T11:13:48Z,7384,41020,48935
2026-08-23T11:13:50Z,7384,41020,48935
2026-08-23T11:13:52Z,7384,41020,48935
2026-08-23T11:13:54Z,7384,41020,48935
2026-08-23T11:13:56Z,7384,41020,48935
2026-08-23T11:13:58Z,7384,41020,48935
2026-08-23T11:14:00Z,7384,41020,48935
2026-08-23T11:14:02Z,7384,41020,48935
2026-08-23T11:14:04Z,7384,41020,48935
2026-08-23T11:14:06Z,7384,41020,48935
2026-08-23T11:14:08Z,7384,41020,48935
2026-08-23T11:14:10Z,7384,41020,48935
2026-08-23T11:14:12Z,7384,41020,48935
2026-08-23T11:14:14Z,7384,41020,48935
2026-08-23T11:14:16Z,7384,41020,48935
2026-08-23T11:14:18Z,7384,41020,48935
2026-08-23T11:14:20Z,7384,41020,48935
2026-08-23T11:14:23Z,7384,41020,48935
2026-08-23T11:14:25Z,7384,41020,48935
2026-08-23T11:14:27Z,7384,41020,48935
2026-08-23T11:14:29Z,7384,41020,48935
2026-08-23T11:14:31Z,7384,41020,48935
2026-08-23T11:14:33Z,7384,41020,48935
2026-08-23T11:14:35Z,7384,41020,48935
2026-08-23T11:14:37Z,7384,41020,48935
2026-08-23T11:14:39Z,7384,41020,48935
2026-08-23T11:14:41Z,7384,41020,48935
2026-08-23T11:14:43Z,7384,41020,48935
2026-08-23T11:14:45Z,7384,41020,48935
2026-08-23T11:14:47Z,7384,41020,48935
2026-08-23T11:14:49Z,7386,41018,48935
2026-08-23T11:14:51Z,7254,41150,48935
2026-08-23T11:14:53Z,7254,41150,48935
2026-08-23T11:14:55Z,7254,41150,48935
2026-08-23T11:14:57Z,7254,41150,48935
2026-08-23T11:14:59Z,7254,41150,48935
2026-08-23T11:15:01Z,7256,41148,48935
2026-08-23T11:15:03Z,7384,41020,48935
2026-08-23T11:15:05Z,7384,41020,48935
2026-08-23T11:15:07Z,7384,41020,48935
2026-08-23T11:15:09Z,7384,41020,48935
2026-08-23T11:15:11Z,7384,41020,48935
2026-08-23T11:15:13Z,7384,41020,48935
2026-08-23T11:15:15Z,7384,41020,48935
2026-08-23T11:15:17Z,7384,41020,48935
2026-08-23T11:15:19Z,7384,41020,48935
2026-08-23T11:15:21Z,7384,41020,48935
2026-08-23T11:15:23Z,7384,41020,48935
2026-08-23T11:15:25Z,7384,41020,48935
2026-08-23T11:15:27Z,7384,41020,48935
2026-08-23T11:15:29Z,7384,41020,48935
2026-08-23T11:15:31Z,7384,41020,48935
2026-08-23T11:15:33Z,7384,41020,48935
2026-08-23T11:15:35Z,7384,41020,48935
2026-08-23T11:15:37Z,7384,41020,48935
2026-08-23T11:15:39Z,7384,41020,48935
2026-08-23T11:15:41Z,7384,41020,48935
2026-08-23T11:15:43Z,7384,41020,48935
2026-08-23T11:15:45Z,7384,41020,48935
2026-08-23T11:15:47Z,7384,41020,48935
2026-08-23T11:15:49Z,7384,41020,48935
2026-08-23T11:15:52Z,7384,41020,48935
2026-08-23T11:15:54Z,7384,41020,48935
2026-08-23T11:15:56Z,7384,41020,48935
2026-08-23T11:15:58Z,7384,41020,48935
2026-08-23T11:16:00Z,7384,41020,48935
2026-08-23T11:16:02Z,7384,41020,48935
2026-08-23T11:16:04Z,7384,41020,48935
2026-08-23T11:16:06Z,7384,41020,48935
2026-08-23T11:16:08Z,7384,41020,48935
2026-08-23T11:16:10Z,7384,41020,48935
2026-08-23T11:16:12Z,7384,41020,48935
2026-08-23T11:16:14Z,7384,41020,48935
2026-08-23T11:16:16Z,7384,41020,48935
2026-08-23T11:16:18Z,7384,41020,48935
2026-08-23T11:16:20Z,7384,41020,48935
2026-08-23T11:16:22Z,7384,41020,48935
2026-08-23T11:16:24Z,7384,41020,48935
2026-08-23T11:16:26Z,7384,41020,48935
2026-08-23T11:16:28Z,7384,41020,48935
2026-08-23T11:16:30Z,7384,41020,48935
2026-08-23T11:16:32Z,7384,41020,48935
2026-08-23T11:16:34Z,7384,41020,48935
2026-08-23T11:16:36Z,7384,41020,48935
2026-08-23T11:16:38Z,7384,41020,48935
2026-08-23T11:16:40Z,7384,41020,48935
2026-08-23T11:16:42Z,7384,41020,48935
2026-08-23T11:16:44Z,7384,41020,48935
2026-08-23T11:16:46Z,7384,41020,48935
2026-08-23T11:16:48Z,7384,41020,48935
2026-08-23T11:16:50Z,7384,41020,48935
2026-08-23T11:16:52Z,7384,41020,48935
2026-08-23T11:16:54Z,7384,41020,48935
2026-08-23T11:16:56Z,7384,41020,48935
2026-08-23T11:16:58Z,7384,41020,48935
2026-08-23T11:17:00Z,7384,41020,48935
2026-08-23T11:17:02Z,7384,41020,48935
2026-08-23T11:17:04Z,7384,41020,48935
2026-08-23T11:17:06Z,7384,41020,48935
2026-08-23T11:17:08Z,7384,41020,48935
2026-08-23T11:17:10Z,7254,41150,48935
2026-08-23T11:17:12Z,7254,41150,48935
2026-08-23T11:17:14Z,7254,41150,48935
2026-08-23T11:17:16Z,7254,41150,48935
2026-08-23T11:17:18Z,7254,41150,48935
2026-08-23T11:17:21Z,7254,41150,48935
2026-08-23T11:17:23Z,7384,41020,48935
2026-08-23T11:17:25Z,7384,41020,48935
2026-08-23T11:17:27Z,7384,41020,48935
2026-08-23T11:17:29Z,7384,41020,48935
2026-08-23T11:17:31Z,7384,41020,48935
2026-08-23T11:17:33Z,7384,41020,48935
2026-08-23T11:17:35Z,7384,41020,48935
2026-08-23T11:17:37Z,7384,41020,48935
2026-08-23T11:17:39Z,7384,41020,48935
2026-08-23T11:17:41Z,7384,41020,48935
2026-08-23T11:17:43Z,7384,41020,48935
2026-08-23T11:17:45Z,7384,41020,48935
2026-08-23T11:17:47Z,7384,41020,48935
2026-08-23T11:17:49Z,7384,41020,48935
2026-08-23T11:17:51Z,7384,41020,48935
2026-08-23T11:17:53Z,7384,41020,48935
2026-08-23T11:17:55Z,7384,41020,48935
2026-08-23T11:17:57Z,7384,41020,48935
2026-08-23T11:17:59Z,7384,41020,48935
2026-08-23T11:18:01Z,7384,41020,48935
2026-08-23T11:18:03Z,7384,41020,48935
2026-08-23T11:18:05Z,7384,41020,48935
2026-08-23T11:18:07Z,7384,41020,48935
2026-08-23T11:18:09Z,7384,41020,48935
2026-08-23T11:18:11Z,7384,41020,48935
2026-08-23T11:18:13Z,7384,41020,48935
2026-08-23T11:18:15Z,7384,41020,48935
2026-08-23T11:18:17Z,7384,41020,48935
2026-08-23T11:18:19Z,7384,41020,48935
2026-08-23T11:18:21Z,7384,41020,48935
2026-08-23T11:18:23Z,7384,41020,48935
2026-08-23T11:18:25Z,7384,41020,48935
2026-08-23T11:18:27Z,7384,41020,48935
2026-08-23T11:18:29Z,7384,41020,48935
2026-08-23T11:18:31Z,7384,41020,48935
2026-08-23T11:18:33Z,7384,41020,48935
2026-08-23T11:18:35Z,7384,41020,48935
2026-08-23T11:18:37Z,7384,41020,48935
2026-08-23T11:18:39Z,7384,41020,48935
2026-08-23T11:18:41Z,7384,41020,48935
2026-08-23T11:18:43Z,7384,41020,48935
2026-08-23T11:18:45Z,7384,41020,48935
2026-08-23T11:18:47Z,7384,41020,48935
2026-08-23T11:18:50Z,7384,41020,48935
2026-08-23T11:18:52Z,7384,41020,48935
2026-08-23T11:18:54Z,7384,41020,48935
2026-08-23T11:18:56Z,7384,41020,48935
2026-08-23T11:18:58Z,7384,41020,48935
2026-08-23T11:19:00Z,7384,41020,48935
2026-08-23T11:19:02Z,7384,41020,48935
2026-08-23T11:19:04Z,7384,41020,48935
2026-08-23T11:19:06Z,7384,41020,48935
2026-08-23T11:19:08Z,7384,41020,48935
2026-08-23T11:19:10Z,7384,41020,48935
2026-08-23T11:19:12Z,7384,41020,48935
2026-08-23T11:19:14Z,7384,41020,48935
2026-08-23T11:19:16Z,7384,41020,48935
2026-08-23T11:19:18Z,7384,41020,48935
2026-08-23T11:19:20Z,7384,41020,48935
2026-08-23T11:19:22Z,7384,41020,48935
2026-08-23T11:19:24Z,7384,41020,48935
2026-08-23T11:19:26Z,7384,41020,48935
2026-08-23T11:19:28Z,7384,41020,48935
2026-08-23T11:19:30Z,7384,41020,48935
2026-08-23T11:19:32Z,7384,41020,48935
2026-08-23T11:19:34Z,7384,41020,48935
2026-08-23T11:19:36Z,7384,41020,48935
2026-08-23T11:19:38Z,7384,41020,48935
2026-08-23T11:19:40Z,7384,41020,48935
2026-08-23T11:19:42Z,7384,41020,48935
2026-08-23T11:19:44Z,7384,41020,48935
2026-08-23T11:19:46Z,7384,41020,48935
2026-08-23T11:19:48Z,7384,41020,48935
2026-08-23T11:19:50Z,7384,41020,48935
2026-08-23T11:19:52Z,7384,41020,48935
2026-08-23T11:19:54Z,7384,41020,48935
2026-08-23T11:19:56Z,7384,41020,48935
2026-08-23T11:19:58Z,7384,41020,48935
2026-08-23T11:20:00Z,7384,41020,48935
2026-08-23T11:20:02Z,7384,41020,48935
2026-08-23T11:20:04Z,7384,41020,48935
2026-08-23T11:20:06Z,7384,41020,48935
2026-08-23T11:20:08Z,7384,41020,48935
2026-08-23T11:20:10Z,7384,41020,48935
2026-08-23T11:20:12Z,7384,41020,48935
2026-08-23T11:20:14Z,7384,41020,48935
2026-08-23T11:20:16Z,7384,41020,48935
2026-08-23T11:20:18Z,7384,41020,48935
2026-08-23T11:20:21Z,7384,41020,48935
2026-08-23T11:20:23Z,7384,41020,48935
2026-08-23T11:20:25Z,7384,41020,48935
2026-08-23T11:20:27Z,7384,41020,48935
2026-08-23T11:20:29Z,7384,41020,48935
2026-08-23T11:20:31Z,7384,41020,48935
2026-08-23T11:20:33Z,7384,41020,48935
2026-08-23T11:20:35Z,7384,41020,48935
2026-08-23T11:20:37Z,7384,41020,48935
2026-08-23T11:20:39Z,7384,41020,48935
2026-08-23T11:20:41Z,7384,41020,48935
2026-08-23T11:20:43Z,7384,41020,48935
2026-08-23T11:20:45Z,7384,41020,48935
2026-08-23T11:20:47Z,7254,41150,48935
2026-08-23T11:20:49Z,7254,41150,48935
2026-08-23T11:20:51Z,7254,41150,48935
2026-08-23T11:20:53Z,7254,41150,48935
2026-08-23T11:20:55Z,7254,41150,48935
2026-08-23T11:20:57Z,7254,41150,48935
2026-08-23T11:20:59Z,7384,41020,48935
2026-08-23T11:21:01Z,7384,41020,48935
2026-08-23T11:21:03Z,7384,41020,48935
2026-08-23T11:21:05Z,7384,41020,48935
2026-08-23T11:21:07Z,7384,41020,48935
2026-08-23T11:21:09Z,7384,41020,48935
2026-08-23T11:21:11Z,7384,41020,48935
2026-08-23T11:21:13Z,7384,41020,48935
2026-08-23T11:21:15Z,7384,41020,48935
2026-08-23T11:21:17Z,7384,41020,48935
2026-08-23T11:21:19Z,7384,41020,48935
2026-08-23T11:21:21Z,7384,41020,48935
2026-08-23T11:21:23Z,7384,41020,48935
2026-08-23T11:21:25Z,7384,41020,48935
2026-08-23T11:21:27Z,7384,41020,48935
2026-08-23T11:21:29Z,7384,41020,48935
2026-08-23T11:21:31Z,7384,41020,48935
2026-08-23T11:21:33Z,7384,41020,48935
2026-08-23T11:21:35Z,7384,41020,48935
2026-08-23T11:21:37Z,7384,41020,48935
2026-08-23T11:21:39Z,7384,41020,48935
2026-08-23T11:21:41Z,7384,41020,48935
2026-08-23T11:21:43Z,7384,41020,48935
2026-08-23T11:21:45Z,7384,41020,48935
2026-08-23T11:21:48Z,7384,41020,48935
2026-08-23T11:21:50Z,7384,41020,48935
2026-08-23T11:21:52Z,7384,41020,48935
2026-08-23T11:21:54Z,7384,41020,48935
2026-08-23T11:21:56Z,7384,41020,48935
2026-08-23T11:21:58Z,7384,41020,48935
2026-08-23T11:22:00Z,7384,41020,48935
2026-08-23T11:22:02Z,7384,41020,48935
2026-08-23T11:22:04Z,7384,41020,48935
2026-08-23T11:22:06Z,7384,41020,48935
2026-08-23T11:22:08Z,7384,41020,48935
2026-08-23T11:22:10Z,7384,41020,48935
2026-08-23T11:22:12Z,7384,41020,48935
2026-08-23T11:22:14Z,7384,41020,48935
2026-08-23T11:22:16Z,7384,41020,48935
2026-08-23T11:22:18Z,7384,41020,48935
2026-08-23T11:22:20Z,7384,41020,48935
2026-08-23T11:22:22Z,7384,41020,48935
2026-08-23T11:22:24Z,7384,41020,48935
2026-08-23T11:22:26Z,7384,41020,48935
2026-08-23T11:22:28Z,7384,41020,48935
2026-08-23T11:22:30Z,7384,41020,48935
2026-08-23T11:22:32Z,7384,41020,48935
2026-08-23T11:22:34Z,7384,41020,48935
2026-08-23T11:22:36Z,7254,41150,48935
2026-08-23T11:22:38Z,7254,41150,48935
2026-08-23T11:22:40Z,7254,41150,48935
2026-08-23T11:22:42Z,7254,41150,48935
2026-08-23T11:22:44Z,7254,41150,48935
2026-08-23T11:22:46Z,7254,41150,48935
2026-08-23T11:22:48Z,7384,41020,48935
2026-08-23T11:22:50Z,7384,41020,48935
2026-08-23T11:22:52Z,7384,41020,48935
2026-08-23T11:22:54Z,7384,41020,48935
2026-08-23T11:22:56Z,7384,41020,48935
2026-08-23T11:22:58Z,7384,41020,48935
2026-08-23T11:23:00Z,7384,41020,48935
2026-08-23T11:23:02Z,7384,41020,48935
2026-08-23T11:23:04Z,7384,41020,48935
2026-08-23T11:23:06Z,7384,41020,48935
2026-08-23T11:23:08Z,7384,41020,48935
2026-08-23T11:23:10Z,7384,41020,48935
2026-08-23T11:23:12Z,7384,41020,48935
2026-08-23T11:23:14Z,7384,41020,48935
2026-08-23T11:23:17Z,7384,41020,48935
2026-08-23T11:23:19Z,7384,41020,48935
2026-08-23T11:23:21Z,7384,41020,48935
2026-08-23T11:23:23Z,7384,41020,48935
2026-08-23T11:23:25Z,7384,41020,48935
2026-08-23T11:23:27Z,7384,41020,48935
2026-08-23T11:23:29Z,7384,41020,48935
2026-08-23T11:23:31Z,7384,41020,48935
2026-08-23T11:23:33Z,7384,41020,48935
2026-08-23T11:23:35Z,7384,41020,48935
2026-08-23T11:23:37Z,7384,41020,48935
2026-08-23T11:23:39Z,7384,41020,48935
2026-08-23T11:23:41Z,7384,41020,48935
2026-08-23T11:23:43Z,7384,41020,48935
2026-08-23T11:23:45Z,7384,41020,48935
2026-08-23T11:23:47Z,7384,41020,48935
2026-08-23T11:23:49Z,7384,41020,48935
2026-08-23T11:23:51Z,7384,41020,48935
2026-08-23T11:23:53Z,7384,41020,48935
2026-08-23T11:23:55Z,7384,41020,48935
2026-08-23T11:23:57Z,7384,41020,48935
2026-08-23T11:23:59Z,7384,41020,48935
2026-08-23T11:24:01Z,7384,41020,48935
2026-08-23T11:24:03Z,7384,41020,48935
2026-08-23T11:24:05Z,7384,41020,48935
2026-08-23T11:24:07Z,7384,41020,48935
2026-08-23T11:24:09Z,7384,41020,48935
2026-08-23T11:24:11Z,7384,41020,48935
2026-08-23T11:24:13Z,7384,41020,48935
2026-08-23T11:24:15Z,7384,41020,48935
2026-08-23T11:24:17Z,7384,41020,48935
2026-08-23T11:24:19Z,7384,41020,48935
2026-08-23T11:24:21Z,7384,41020,48935
2026-08-23T11:24:23Z,7384,41020,48935
2026-08-23T11:24:25Z,7384,41020,48935
2026-08-23T11:24:27Z,7384,41020,48935
2026-08-23T11:24:29Z,7384,41020,48935
2026-08-23T11:24:31Z,7384,41020,48935
2026-08-23T11:24:33Z,7384,41020,48935
2026-08-23T11:24:35Z,7384,41020,48935
2026-08-23T11:24:37Z,7384,41020,48935
2026-08-23T11:24:39Z,7384,41020,48935
2026-08-23T11:24:41Z,7384,41020,48935
2026-08-23T11:24:43Z,7384,41020,48935
2026-08-23T11:24:46Z,7384,41020,48935
2026-08-23T11:24:48Z,7384,41020,48935
2026-08-23T11:24:50Z,7384,41020,48935
2026-08-23T11:24:52Z,7384,41020,48935
2026-08-23T11:24:54Z,7384,41020,48935
2026-08-23T11:24:56Z,7384,41020,48935
2026-08-23T11:24:58Z,7384,41020,48935
2026-08-23T11:25:00Z,7384,41020,48935
2026-08-23T11:25:02Z,7254,41150,48935
2026-08-23T11:25:04Z,7254,41150,48935
2026-08-23T11:25:06Z,7254,41150,48935
2026-08-23T11:25:08Z,7254,41150,48935
2026-08-23T11:25:10Z,7254,41150,48935
2026-08-23T11:25:12Z,7254,41150,48935
2026-08-23T11:25:14Z,7384,41020,48935
2026-08-23T11:25:16Z,7384,41020,48935
2026-08-23T11:25:18Z,7384,41020,48935
2026-08-23T11:25:20Z,7384,41020,48935
2026-08-23T11:25:22Z,7384,41020,48935
2026-08-23T11:25:24Z,7384,41020,48935
2026-08-23T11:25:26Z,7384,41020,48935
2026-08-23T11:25:28Z,7384,41020,48935
2026-08-23T11:25:30Z,7384,41020,48935
2026-08-23T11:25:32Z,7384,41020,48935
2026-08-23T11:25:34Z,7384,41020,48935
2026-08-23T11:25:36Z,7384,41020,48935
2026-08-23T11:25:38Z,7384,41020,48935
2026-08-23T11:25:40Z,7384,41020,48935
2026-08-23T11:25:42Z,7384,41020,48935
2026-08-23T11:25:44Z,7384,41020,48935
2026-08-23T11:25:46Z,7384,41020,48935
2026-08-23T11:25:48Z,7384,41020,48935
2026-08-23T11:25:50Z,7384,41020,48935
2026-08-23T11:25:52Z,7384,41020,48935
2026-08-23T11:25:54Z,7384,41020,48935
2026-08-23T11:25:56Z,7384,41020,48935
2026-08-23T11:25:58Z,7384,41020,48935
2026-08-23T11:26:00Z,7384,41020,48935
2026-08-23T11:26:02Z,7384,41020,48935
2026-08-23T11:26:04Z,7384,41020,48935
2026-08-23T11:26:06Z,7384,41020,48935
2026-08-23T11:26:08Z,7384,41020,48935
2026-08-23T11:26:10Z,7384,41020,48935
2026-08-23T11:26:12Z,7384,41020,48935
2026-08-23T11:26:15Z,7384,41020,48935
2026-08-23T11:26:17Z,7384,41020,48935
2026-08-23T11:26:19Z,7384,41020,48935
2026-08-23T11:26:21Z,7384,41020,48935
2026-08-23T11:26:23Z,7384,41020,48935
2026-08-23T11:26:25Z,7384,41020,48935
2026-08-23T11:26:27Z,7384,41020,48935
2026-08-23T11:26:29Z,7384,41020,48935
2026-08-23T11:26:31Z,7384,41020,48935
2026-08-23T11:26:33Z,7384,41020,48935
2026-08-23T11:26:35Z,7384,41020,48935
2026-08-23T11:26:37Z,7384,41020,48935
2026-08-23T11:26:39Z,7384,41020,48935
2026-08-23T11:26:41Z,7384,41020,48935
2026-08-23T11:26:43Z,7384,41020,48935
2026-08-23T11:26:45Z,7384,41020,48935
2026-08-23T11:26:47Z,7384,41020,48935
2026-08-23T11:26:49Z,7384,41020,48935
2026-08-23T11:26:51Z,7384,41020,48935
2026-08-23T11:26:53Z,7384,41020,48935
2026-08-23T11:26:55Z,7384,41020,48935
2026-08-23T11:26:57Z,7384,41020,48935
2026-08-23T11:26:59Z,7384,41020,48935
2026-08-23T11:27:01Z,7384,41020,48935
2026-08-23T11:27:03Z,7384,41020,48935
2026-08-23T11:27:05Z,7384,41020,48935
2026-08-23T11:27:07Z,7384,41020,48935
2026-08-23T11:27:09Z,7384,41020,48935
2026-08-23T11:27:11Z,7384,41020,48935
2026-08-23T11:27:13Z,7384,41020,48935
2026-08-23T11:27:15Z,7384,41020,48935
2026-08-23T11:27:17Z,7384,41020,48935
2026-08-23T11:27:19Z,7384,41020,48935
2026-08-23T11:27:21Z,7384,41020,48935
2026-08-23T11:27:23Z,7384,41020,48935
2026-08-23T11:27:25Z,7384,41020,48935
2026-08-23T11:27:27Z,7384,41020,48935
2026-08-23T11:27:29Z,7384,41020,48935
2026-08-23T11:27:31Z,7384,41020,48935
2026-08-23T11:27:33Z,7384,41020,48935
2026-08-23T11:27:35Z,7384,41020,48935
2026-08-23T11:27:37Z,7384,41020,48935
2026-08-23T11:27:39Z,7384,41020,48935
2026-08-23T11:27:41Z,7386,41018,48935
2026-08-23T11:27:44Z,7386,41018,48935
2026-08-23T11:27:46Z,7386,41018,48935
2026-08-23T11:27:48Z,7254,41150,48935
2026-08-23T11:27:50Z,7254,41150,48935
2026-08-23T11:27:52Z,7254,41150,48935
2026-08-23T11:27:54Z,7254,41150,48935
2026-08-23T11:27:56Z,7254,41150,48935
2026-08-23T11:27:58Z,7254,41150,48935
2026-08-23T11:28:00Z,7384,41020,48935
2026-08-23T11:28:02Z,7384,41020,48935
2026-08-23T11:28:04Z,7384,41020,48935
2026-08-23T11:28:06Z,7384,41020,48935
2026-08-23T11:28:08Z,7384,41020,48935
2026-08-23T11:28:10Z,7384,41020,48935
2026-08-23T11:28:12Z,7384,41020,48935
2026-08-23T11:28:14Z,7384,41020,48935
2026-08-23T11:28:16Z,7384,41020,48935
2026-08-23T11:28:18Z,7384,41020,48935
2026-08-23T11:28:20Z,7384,41020,48935
2026-08-23T11:28:22Z,7384,41020,48935
2026-08-23T11:28:24Z,7384,41020,48935
2026-08-23T11:28:26Z,7384,41020,48935
2026-08-23T11:28:28Z,7384,41020,48935
2026-08-23T11:28:30Z,7384,41020,48935
2026-08-23T11:28:32Z,7384,41020,48935
2026-08-23T11:28:34Z,7384,41020,48935
2026-08-23T11:28:36Z,7384,41020,48935
2026-08-23T11:28:38Z,7384,41020,48935
2026-08-23T11:28:40Z,7384,41020,48935
2026-08-23T11:28:42Z,7384,41020,48935
2026-08-23T11:28:44Z,7384,41020,48935
2026-08-23T11:28:46Z,7384,41020,48935
2026-08-23T11:28:48Z,7384,41020,48935
2026-08-23T11:28:50Z,7384,41020,48935
2026-08-23T11:28:52Z,7384,41020,48935
2026-08-23T11:28:54Z,7384,41020,48935
2026-08-23T11:28:56Z,7384,41020,48935
2026-08-23T11:28:58Z,7384,41020,48935
2026-08-23T11:29:00Z,7384,41020,48935
2026-08-23T11:29:02Z,7384,41020,48935
2026-08-23T11:29:04Z,7384,41020,48935
2026-08-23T11:29:06Z,7384,41020,48935
2026-08-23T11:29:08Z,7384,41020,48935
2026-08-23T11:29:10Z,7384,41020,48935
2026-08-23T11:29:13Z,7384,41020,48935
2026-08-23T11:29:15Z,7384,41020,48935
2026-08-23T11:29:17Z,7384,41020,48935
2026-08-23T11:29:19Z,7384,41020,48935
2026-08-23T11:29:21Z,7384,41020,48935
2026-08-23T11:29:23Z,7384,41020,48935
2026-08-23T11:29:25Z,7384,41020,48935
2026-08-23T11:29:27Z,7384,41020,48935
2026-08-23T11:29:29Z,7384,41020,48935
2026-08-23T11:29:31Z,7384,41020,48935
2026-08-23T11:29:33Z,7384,41020,48935
2026-08-23T11:29:35Z,7384,41020,48935
2026-08-23T11:29:37Z,7384,41020,48935
2026-08-23T11:29:39Z,7384,41020,48935
2026-08-23T11:29:41Z,7384,41020,48935
2026-08-23T11:29:43Z,7384,41020,48935
2026-08-23T11:29:45Z,7384,41020,48935
2026-08-23T11:29:47Z,7384,41020,48935
2026-08-23T11:29:49Z,7384,41020,48935
2026-08-23T11:29:51Z,7384,41020,48935
2026-08-23T11:29:53Z,7384,41020,48935
2026-08-23T11:29:55Z,7384,41020,48935
2026-08-23T11:29:57Z,7384,41020,48935
2026-08-23T11:29:59Z,7384,41020,48935
2026-08-23T11:30:01Z,7384,41020,48935
2026-08-23T11:30:03Z,7384,41020,48935
2026-08-23T11:30:05Z,7384,41020,48935
2026-08-23T11:30:07Z,7384,41020,48935
2026-08-23T11:30:09Z,7384,41020,48935
2026-08-23T11:30:11Z,7384,41020,48935
2026-08-23T11:30:13Z,7384,41020,48935
2026-08-23T11:30:15Z,7384,41020,48935
2026-08-23T11:30:17Z,7384,41020,48935
2026-08-23T11:30:19Z,7384,41020,48935
2026-08-23T11:30:21Z,7384,41020,48935
2026-08-23T11:30:23Z,7254,41150,48935
2026-08-23T11:30:25Z,7254,41150,48935
2026-08-23T11:30:27Z,7254,41150,48935
2026-08-23T11:30:29Z,7254,41150,48935
2026-08-23T11:30:31Z,7254,41150,48935
2026-08-23T11:30:33Z,7254,41150,48935
2026-08-23T11:30:35Z,7384,41020,48935
2026-08-23T11:30:37Z,7384,41020,48935
2026-08-23T11:30:40Z,7384,41020,48935
2026-08-23T11:30:42Z,7384,41020,48935
2026-08-23T11:30:44Z,7384,41020,48935
2026-08-23T11:30:46Z,7384,41020,48935
2026-08-23T11:30:48Z,7384,41020,48935
2026-08-23T11:30:50Z,7384,41020,48935
2026-08-23T11:30:52Z,7384,41020,48935
2026-08-23T11:30:54Z,7384,41020,48935
2026-08-23T11:30:56Z,7384,41020,48935
2026-08-23T11:30:58Z,7384,41020,48935
2026-08-23T11:31:00Z,7384,41020,48935
2026-08-23T11:31:02Z,7384,41020,48935
2026-08-23T11:31:04Z,7384,41020,48935
2026-08-23T11:31:06Z,7384,41020,48935
2026-08-23T11:31:08Z,7384,41020,48935
2026-08-23T11:31:10Z,7384,41020,48935
2026-08-23T11:31:12Z,7384,41020,48935
2026-08-23T11:31:14Z,7384,41020,48935
2026-08-23T11:31:16Z,7384,41020,48935
2026-08-23T11:31:18Z,7384,41020,48935
2026-08-23T11:31:20Z,7384,41020,48935
2026-08-23T11:31:22Z,7384,41020,48935
2026-08-23T11:31:24Z,7384,41020,48935
2026-08-23T11:31:26Z,7384,41020,48935
2026-08-23T11:31:28Z,7384,41020,48935
2026-08-23T11:31:30Z,7384,41020,48935
2026-08-23T11:31:32Z,7384,41020,48935
2026-08-23T11:31:34Z,7384,41020,48935
2026-08-23T11:31:36Z,7384,41020,48935
2026-08-23T11:31:38Z,7384,41020,48935
2026-08-23T11:31:40Z,7384,41020,48935
2026-08-23T11:31:42Z,7384,41020,48935
2026-08-23T11:31:44Z,7384,41020,48935
2026-08-23T11:31:46Z,7384,41020,48935
2026-08-23T11:31:48Z,7384,41020,48935
2026-08-23T11:31:50Z,7384,41020,48935
2026-08-23T11:31:52Z,7384,41020,48935
2026-08-23T11:31:54Z,7384,41020,48935
2026-08-23T11:31:56Z,7384,41020,48935
2026-08-23T11:31:58Z,7384,41020,48935
2026-08-23T11:32:00Z,7384,41020,48935
2026-08-23T11:32:02Z,7384,41020,48935
2026-08-23T11:32:04Z,7254,41150,48935
2026-08-23T11:32:06Z,7254,41150,48935
2026-08-23T11:32:09Z,7254,41150,48935
2026-08-23T11:32:11Z,7254,41150,48935
2026-08-23T11:32:13Z,7254,41150,48935
2026-08-23T11:32:15Z,7254,41150,48935
2026-08-23T11:32:17Z,7384,41020,48935
2026-08-23T11:32:19Z,7384,41020,48935
2026-08-23T11:32:21Z,7384,41020,48935
2026-08-23T11:32:23Z,7384,41020,48935
2026-08-23T11:32:25Z,7384,41020,48935
2026-08-23T11:32:27Z,7384,41020,48935
2026-08-23T11:32:29Z,7384,41020,48935
2026-08-23T11:32:31Z,7384,41020,48935
2026-08-23T11:32:33Z,7384,41020,48935
2026-08-23T11:32:35Z,7384,41020,48935
2026-08-23T11:32:37Z,7384,41020,48935
2026-08-23T11:32:39Z,7384,41020,48935
2026-08-23T11:32:41Z,7384,41020,48935
2026-08-23T11:32:43Z,7384,41020,48935
2026-08-23T11:32:45Z,7384,41020,48935
2026-08-23T11:32:47Z,7384,41020,48935
2026-08-23T11:32:49Z,7384,41020,48935
2026-08-23T11:32:51Z,7384,41020,48935
2026-08-23T11:32:53Z,7384,41020,48935
2026-08-23T11:32:55Z,7384,41020,48935
2026-08-23T11:32:57Z,7384,41020,48935
2026-08-23T11:32:59Z,7384,41020,48935
2026-08-23T11:33:01Z,7384,41020,48935
2026-08-23T11:33:03Z,7384,41020,48935
2026-08-23T11:33:05Z,7384,41020,48935
2026-08-23T11:33:07Z,7384,41020,48935
2026-08-23T11:33:09Z,7384,41020,48935
2026-08-23T11:33:11Z,7384,41020,48935
2026-08-23T11:33:13Z,7384,41020,48935
2026-08-23T11:33:15Z,7384,41020,48935
2026-08-23T11:33:17Z,7384,41020,48935
2026-08-23T11:33:19Z,7384,41020,48935
2026-08-23T11:33:21Z,7384,41020,48935
2026-08-23T11:33:23Z,7384,41020,48935
2026-08-23T11:33:25Z,7384,41020,48935
2026-08-23T11:33:27Z,7384,41020,48935
2026-08-23T11:33:29Z,7384,41020,48935
2026-08-23T11:33:31Z,7384,41020,48935
2026-08-23T11:33:33Z,7384,41020,48935
2026-08-23T11:33:35Z,7384,41020,48935
2026-08-23T11:33:38Z,7384,41020,48935
2026-08-23T11:33:40Z,7384,41020,48935
2026-08-23T11:33:42Z,7384,41020,48935
2026-08-23T11:33:44Z,7384,41020,48935
2026-08-23T11:33:46Z,7384,41020,48935
2026-08-23T11:33:48Z,7384,41020,48935
2026-08-23T11:33:50Z,7384,41020,48935
2026-08-23T11:33:52Z,7384,41020,48935
2026-08-23T11:33:54Z,7384,41020,48935
2026-08-23T11:33:56Z,7384,41020,48935
2026-08-23T11:33:58Z,7384,41020,48935
2026-08-23T11:34:00Z,7384,41020,48935
2026-08-23T11:34:02Z,7384,41020,48935
2026-08-23T11:34:04Z,7384,41020,48935
2026-08-23T11:34:06Z,7384,41020,48935
2026-08-23T11:34:08Z,7384,41020,48935
2026-08-23T11:34:10Z,7384,41020,48935
2026-08-23T11:34:12Z,7384,41020,48935
2026-08-23T11:34:14Z,7384,41020,48935
2026-08-23T11:34:16Z,7384,41020,48935
2026-08-23T11:34:18Z,7384,41020,48935
2026-08-23T11:34:20Z,7384,41020,48935
2026-08-23T11:34:22Z,7384,41020,48935
2026-08-23T11:34:24Z,7384,41020,48935
2026-08-23T11:34:26Z,7384,41020,48935
2026-08-23T11:34:28Z,7384,41020,48935
2026-08-23T11:34:30Z,7384,41020,48935
2026-08-23T11:34:32Z,7384,41020,48935
2026-08-23T11:34:34Z,7384,41020,48935
2026-08-23T11:34:36Z,7384,41020,48935
2026-08-23T11:34:38Z,7384,41020,48935
2026-08-23T11:34:40Z,7384,41020,48935
2026-08-23T11:34:42Z,7384,41020,48935
2026-08-23T11:34:44Z,7384,41020,48935
2026-08-23T11:34:46Z,7384,41020,48935
2026-08-23T11:34:48Z,7384,41020,48935
2026-08-23T11:34:50Z,7384,41020,48935
2026-08-23T11:34:52Z,7384,41020,48935
2026-08-23T11:34:54Z,7384,41020,48935
2026-08-23T11:34:56Z,7384,41020,48935
2026-08-23T11:34:58Z,7384,41020,48935
2026-08-23T11:35:00Z,7384,41020,48935
2026-08-23T11:35:02Z,7384,41020,48935
2026-08-23T11:35:04Z,7384,41020,48935
2026-08-23T11:35:07Z,7384,41020,48935
2026-08-23T11:35:09Z,7384,41020,48935
2026-08-23T11:35:11Z,7384,41020,48935
2026-08-23T11:35:13Z,7384,41020,48935
2026-08-23T11:35:15Z,7384,41020,48935
2026-08-23T11:35:17Z,7384,41020,48935
2026-08-23T11:35:19Z,7384,41020,48935
2026-08-23T11:35:21Z,7254,41150,48935
2026-08-23T11:35:23Z,7254,41150,48935
2026-08-23T11:35:25Z,7254,41150,48935
2026-08-23T11:35:27Z,7254,41150,48935
2026-08-23T11:35:29Z,7254,41150,48935
2026-08-23T11:35:31Z,7256,41148,48935
2026-08-23T11:35:33Z,7384,41020,48935
2026-08-23T11:35:35Z,7384,41020,48935
2026-08-23T11:35:37Z,7384,41020,48935
2026-08-23T11:35:39Z,7384,41020,48935
2026-08-23T11:35:41Z,7384,41020,48935
2026-08-23T11:35:43Z,7384,41020,48935
2026-08-23T11:35:45Z,7384,41020,48935
2026-08-23T11:35:47Z,7384,41020,48935
2026-08-23T11:35:49Z,7384,41020,48935
2026-08-23T11:35:51Z,7384,41020,48935
2026-08-23T11:35:53Z,7384,41020,48935
2026-08-23T11:35:55Z,7384,41020,48935
2026-08-23T11:35:57Z,7384,41020,48935
2026-08-23T11:35:59Z,7384,41020,48935
2026-08-23T11:36:01Z,7384,41020,48935
2026-08-23T11:36:03Z,7384,41020,48935
2026-08-23T11:36:05Z,7384,41020,48935
2026-08-23T11:36:07Z,7384,41020,48935
2026-08-23T11:36:09Z,7384,41020,48935
2026-08-23T11:36:11Z,7384,41020,48935
2026-08-23T11:36:13Z,7384,41020,48935
2026-08-23T11:36:15Z,7384,41020,48935
2026-08-23T11:36:17Z,7384,41020,48935
2026-08-23T11:36:19Z,7384,41020,48935
2026-08-23T11:36:21Z,7384,41020,48935
2026-08-23T11:36:23Z,7384,41020,48935
2026-08-23T11:36:25Z,7384,41020,48935
2026-08-23T11:36:27Z,7384,41020,48935
2026-08-23T11:36:29Z,7384,41020,48935
2026-08-23T11:36:31Z,7384,41020,48935
2026-08-23T11:36:33Z,7384,41020,48935
2026-08-23T11:36:36Z,7384,41020,48935
2026-08-23T11:36:38Z,7384,41020,48935
2026-08-23T11:36:40Z,7384,41020,48935
2026-08-23T11:36:42Z,7384,41020,48935
2026-08-23T11:36:44Z,7384,41020,48935
2026-08-23T11:36:46Z,7384,41020,48935
2026-08-23T11:36:48Z,7384,41020,48935
2026-08-23T11:36:50Z,7384,41020,48935
2026-08-23T11:36:52Z,7384,41020,48935
2026-08-23T11:36:54Z,7384,41020,48935
2026-08-23T11:36:56Z,7384,41020,48935
2026-08-23T11:36:58Z,7384,41020,48935
2026-08-23T11:37:00Z,7384,41020,48935
2026-08-23T11:37:02Z,7384,41020,48935
2026-08-23T11:37:04Z,7384,41020,48935
2026-08-23T11:37:06Z,7384,41020,48935
2026-08-23T11:37:08Z,7384,41020,48935
2026-08-23T11:37:10Z,7384,41020,48935
2026-08-23T11:37:12Z,7384,41020,48935
2026-08-23T11:37:14Z,7384,41020,48935
2026-08-23T11:37:16Z,7384,41020,48935
2026-08-23T11:37:18Z,7384,41020,48935
2026-08-23T11:37:20Z,7384,41020,48935
2026-08-23T11:37:22Z,7384,41020,48935
2026-08-23T11:37:24Z,7384,41020,48935
2026-08-23T11:37:26Z,7384,41020,48935
2026-08-23T11:37:28Z,7384,41020,48935
2026-08-23T11:37:30Z,7384,41020,48935
2026-08-23T11:37:32Z,7384,41020,48935
2026-08-23T11:37:34Z,7384,41020,48935
2026-08-23T11:37:36Z,7384,41020,48935
2026-08-23T11:37:38Z,7384,41020,48935
2026-08-23T11:37:40Z,7384,41020,48935
2026-08-23T11:37:42Z,7384,41020,48935
2026-08-23T11:37:44Z,7384,41020,48935
2026-08-23T11:37:46Z,7384,41020,48935
2026-08-23T11:37:48Z,7384,41020,48935
2026-08-23T11:37:50Z,7384,41020,48935
2026-08-23T11:37:52Z,7384,41020,48935
2026-08-23T11:37:54Z,7254,41150,48935
2026-08-23T11:37:56Z,7254,41150,48935
2026-08-23T11:37:58Z,7254,41150,48935
2026-08-23T11:38:00Z,7254,41150,48935
2026-08-23T11:38:02Z,7254,41150,48935
2026-08-23T11:38:05Z,7254,41150,48935
2026-08-23T11:38:07Z,7384,41020,48935
2026-08-23T11:38:09Z,7384,41020,48935
2026-08-23T11:38:11Z,7384,41020,48935
2026-08-23T11:38:13Z,7384,41020,48935
2026-08-23T11:38:15Z,7384,41020,48935
2026-08-23T11:38:17Z,7384,41020,48935
2026-08-23T11:38:19Z,7384,41020,48935
2026-08-23T11:38:21Z,7384,41020,48935
2026-08-23T11:38:23Z,7384,41020,48935
2026-08-23T11:38:25Z,7384,41020,48935
2026-08-23T11:38:27Z,7384,41020,48935
2026-08-23T11:38:29Z,7384,41020,48935
2026-08-23T11:38:31Z,7384,41020,48935
2026-08-23T11:38:33Z,7384,41020,48935
2026-08-23T11:38:35Z,7384,41020,48935
2026-08-23T11:38:37Z,7384,41020,48935
2026-08-23T11:38:39Z,7384,41020,48935
2026-08-23T11:38:41Z,7384,41020,48935
2026-08-23T11:38:43Z,7384,41020,48935
2026-08-23T11:38:45Z,7384,41020,48935
2026-08-23T11:38:47Z,7384,41020,48935
2026-08-23T11:38:49Z,7384,41020,48935
2026-08-23T11:38:51Z,7384,41020,48935
2026-08-23T11:38:53Z,7384,41020,48935
2026-08-23T11:38:55Z,7384,41020,48935
2026-08-23T11:38:57Z,7384,41020,48935
2026-08-23T11:38:59Z,7384,41020,48935
2026-08-23T11:39:01Z,7384,41020,48935
2026-08-23T11:39:03Z,7384,41020,48935
2026-08-23T11:39:05Z,7384,41020,48935
2026-08-23T11:39:07Z,7384,41020,48935
2026-08-23T11:39:09Z,7384,41020,48935
2026-08-23T11:39:11Z,7384,41020,48935
2026-08-23T11:39:13Z,7384,41020,48935
2026-08-23T11:39:15Z,7384,41020,48935
2026-08-23T11:39:17Z,7384,41020,48935
2026-08-23T11:39:19Z,7384,41020,48935
2026-08-23T11:39:21Z,7384,41020,48935
2026-08-23T11:39:23Z,7384,41020,48935
2026-08-23T11:39:25Z,7384,41020,48935
2026-08-23T11:39:27Z,7384,41020,48935
2026-08-23T11:39:29Z,7384,41020,48935
2026-08-23T11:39:31Z,7384,41020,48935
2026-08-23T11:39:34Z,7384,41020,48935
2026-08-23T11:39:36Z,7384,41020,48935
2026-08-23T11:39:38Z,7384,41020,48935
2026-08-23T11:39:40Z,7384,41020,48935
2026-08-23T11:39:42Z,7384,41020,48935
2026-08-23T11:39:44Z,7384,41020,48935
2026-08-23T11:39:46Z,7384,41020,48935
2026-08-23T11:39:48Z,7384,41020,48935
2026-08-23T11:39:50Z,7384,41020,48935
2026-08-23T11:39:52Z,7384,41020,48935
2026-08-23T11:39:54Z,7384,41020,48935
2026-08-23T11:39:56Z,7384,41020,48935
2026-08-23T11:39:58Z,7384,41020,48935
2026-08-23T11:40:00Z,7384,41020,48935
2026-08-23T11:40:02Z,7384,41020,48935
2026-08-23T11:40:04Z,7384,41020,48935
2026-08-23T11:40:06Z,7384,41020,48935
2026-08-23T11:40:08Z,7384,41020,48935
2026-08-23T11:40:10Z,7384,41020,48935
2026-08-23T11:40:12Z,7384,41020,48935
2026-08-23T11:40:14Z,7384,41020,48935
2026-08-23T11:40:16Z,7384,41020,48935
2026-08-23T11:40:18Z,7384,41020,48935
2026-08-23T11:40:20Z,7384,41020,48935
2026-08-23T11:40:22Z,7384,41020,48935
2026-08-23T11:40:24Z,7384,41020,48935
2026-08-23T11:40:26Z,7384,41020,48935
2026-08-23T11:40:28Z,7384,41020,48935
2026-08-23T11:40:30Z,7384,41020,48935
2026-08-23T11:40:32Z,7384,41020,48935
2026-08-23T11:40:34Z,7384,41020,48935
2026-08-23T11:40:36Z,7254,41150,48935
2026-08-23T11:40:38Z,7254,41150,48935
2026-08-23T11:40:40Z,7254,41150,48935
2026-08-23T11:40:42Z,7254,41150,48935
2026-08-23T11:40:44Z,7254,41150,48935
2026-08-23T11:40:46Z,7254,41150,48935
2026-08-23T11:40:48Z,7384,41020,48935
2026-08-23T11:40:50Z,7384,41020,48935
2026-08-23T11:40:52Z,7384,41020,48935
2026-08-23T11:40:54Z,7384,41020,48935
2026-08-23T11:40:56Z,7384,41020,48935
2026-08-23T11:40:58Z,7384,41020,48935
2026-08-23T11:41:00Z,7384,41020,48935
2026-08-23T11:41:03Z,7384,41020,48935
2026-08-23T11:41:05Z,7384,41020,48935
2026-08-23T11:41:07Z,7384,41020,48935
2026-08-23T11:41:09Z,7384,41020,48935
2026-08-23T11:41:11Z,7384,41020,48935
2026-08-23T11:41:13Z,7384,41020,48935
2026-08-23T11:41:15Z,7384,41020,48935
2026-08-23T11:41:17Z,7384,41020,48935
2026-08-23T11:41:19Z,7384,41020,48935
2026-08-23T11:41:21Z,7384,41020,48935
2026-08-23T11:41:23Z,7384,41020,48935
2026-08-23T11:41:25Z,7384,41020,48935
2026-08-23T11:41:27Z,7384,41020,48935
2026-08-23T11:41:29Z,7384,41020,48935
2026-08-23T11:41:31Z,7384,41020,48935
2026-08-23T11:41:33Z,7384,41020,48935
2026-08-23T11:41:35Z,7384,41020,48935
2026-08-23T11:41:37Z,7384,41020,48935
2026-08-23T11:41:39Z,7384,41020,48935
2026-08-23T11:41:41Z,7384,41020,48935
2026-08-23T11:41:43Z,7384,41020,48935
2026-08-23T11:41:45Z,7384,41020,48935
2026-08-23T11:41:47Z,7384,41020,48935
2026-08-23T11:41:49Z,7384,41020,48935
2026-08-23T11:41:51Z,7384,41020,48935
2026-08-23T11:41:53Z,7384,41020,48935
2026-08-23T11:41:55Z,7384,41020,48935
2026-08-23T11:41:57Z,7384,41020,48935
2026-08-23T11:41:59Z,7384,41020,48935
2026-08-23T11:42:01Z,7384,41020,48935
2026-08-23T11:42:03Z,7384,41020,48935
2026-08-23T11:42:05Z,7384,41020,48935
2026-08-23T11:42:07Z,7384,41020,48935
2026-08-23T11:42:09Z,7384,41020,48935
2026-08-23T11:42:11Z,7384,41020,48935
2026-08-23T11:42:13Z,7384,41020,48935
2026-08-23T11:42:15Z,7384,41020,48935
2026-08-23T11:42:17Z,7384,41020,48935
2026-08-23T11:42:19Z,7384,41020,48935
2026-08-23T11:42:21Z,7384,41020,48935
2026-08-23T11:42:23Z,7384,41020,48935
2026-08-23T11:42:25Z,7384,41020,48935
2026-08-23T11:42:27Z,7384,41020,48935
2026-08-23T11:42:30Z,7384,41020,48935
2026-08-23T11:42:32Z,7384,41020,48935
2026-08-23T11:42:34Z,7384,41020,48935
2026-08-23T11:42:36Z,7384,41020,48935
2026-08-23T11:42:38Z,7384,41020,48935
2026-08-23T11:42:40Z,7384,41020,48935
2026-08-23T11:42:42Z,7384,41020,48935
2026-08-23T11:42:44Z,7384,41020,48935
2026-08-23T11:42:46Z,7384,41020,48935
2026-08-23T11:42:48Z,7254,41150,48935
2026-08-23T11:42:50Z,7254,41150,48935
2026-08-23T11:42:52Z,7254,41150,48935
2026-08-23T11:42:54Z,7254,41150,48935
2026-08-23T11:42:56Z,7254,41150,48935
2026-08-23T11:42:58Z,7384,41020,48935
2026-08-23T11:43:00Z,7384,41020,48935
2026-08-23T11:43:02Z,7384,41020,48935
2026-08-23T11:43:04Z,7384,41020,48935
2026-08-23T11:43:06Z,7384,41020,48935
2026-08-23T11:43:08Z,7384,41020,48935
2026-08-23T11:43:10Z,7384,41020,48935
2026-08-23T11:43:12Z,7384,41020,48935
2026-08-23T11:43:14Z,7384,41020,48935
2026-08-23T11:43:16Z,7384,41020,48935
2026-08-23T11:43:18Z,7384,41020,48935
2026-08-23T11:43:20Z,7384,41020,48935
2026-08-23T11:43:22Z,7384,41020,48935
2026-08-23T11:43:24Z,7384,41020,48935
2026-08-23T11:43:26Z,7384,41020,48935
2026-08-23T11:43:28Z,7384,41020,48935
2026-08-23T11:43:30Z,7384,41020,48935
2026-08-23T11:43:32Z,7384,41020,48935
2026-08-23T11:43:34Z,7384,41020,48935
2026-08-23T11:43:36Z,7384,41020,48935
2026-08-23T11:43:38Z,7384,41020,48935
2026-08-23T11:43:40Z,7384,41020,48935
2026-08-23T11:43:42Z,7384,41020,48935
2026-08-23T11:43:44Z,7384,41020,48935
2026-08-23T11:43:46Z,7384,41020,48935
2026-08-23T11:43:48Z,7384,41020,48935
2026-08-23T11:43:50Z,7384,41020,48935
2026-08-23T11:43:52Z,7384,41020,48935
2026-08-23T11:43:54Z,7384,41020,48935
2026-08-23T11:43:56Z,7384,41020,48935
2026-08-23T11:43:59Z,7384,41020,48935
2026-08-23T11:44:01Z,7384,41020,48935
2026-08-23T11:44:03Z,7384,41020,48935
2026-08-23T11:44:05Z,7384,41020,48935
2026-08-23T11:44:07Z,7384,41020,48935
2026-08-23T11:44:09Z,7384,41020,48935
2026-08-23T11:44:11Z,7384,41020,48935
2026-08-23T11:44:13Z,7384,41020,48935
2026-08-23T11:44:15Z,7384,41020,48935
2026-08-23T11:44:17Z,7384,41020,48935
2026-08-23T11:44:19Z,7384,41020,48935
2026-08-23T11:44:21Z,7384,41020,48935
2026-08-23T11:44:23Z,7384,41020,48935
2026-08-23T11:44:25Z,7384,41020,48935
2026-08-23T11:44:27Z,7384,41020,48935
2026-08-23T11:44:29Z,7384,41020,48935
2026-08-23T11:44:31Z,7384,41020,48935
2026-08-23T11:44:33Z,7384,41020,48935
2026-08-23T11:44:35Z,7384,41020,48935
2026-08-23T11:44:37Z,7384,41020,48935
2026-08-23T11:44:39Z,7384,41020,48935
2026-08-23T11:44:41Z,7384,41020,48935
2026-08-23T11:44:43Z,7384,41020,48935
2026-08-23T11:44:45Z,7384,41020,48935
2026-08-23T11:44:47Z,7384,41020,48935
2026-08-23T11:44:49Z,7384,41020,48935
2026-08-23T11:44:51Z,7384,41020,48935
2026-08-23T11:44:53Z,7384,41020,48935
2026-08-23T11:44:55Z,7384,41020,48935
2026-08-23T11:44:57Z,7384,41020,48935
2026-08-23T11:44:59Z,7384,41020,48935
2026-08-23T11:45:01Z,7384,41020,48935
2026-08-23T11:45:03Z,7384,41020,48935
2026-08-23T11:45:05Z,7384,41020,48935
2026-08-23T11:45:07Z,7384,41020,48935
2026-08-23T11:45:09Z,7384,41020,48935
2026-08-23T11:45:11Z,7384,41020,48935
2026-08-23T11:45:13Z,7384,41020,48935
2026-08-23T11:45:15Z,7384,41020,48935
2026-08-23T11:45:17Z,7384,41020,48935
2026-08-23T11:45:19Z,7384,41020,48935
2026-08-23T11:45:21Z,7384,41020,48935
2026-08-23T11:45:23Z,7384,41020,48935
2026-08-23T11:45:25Z,7384,41020,48935
2026-08-23T11:45:28Z,7384,41020,48935
2026-08-23T11:45:30Z,7384,41020,48935
2026-08-23T11:45:32Z,7384,41020,48935
2026-08-23T11:45:34Z,7384,41020,48935
2026-08-23T11:45:36Z,7384,41020,48935
2026-08-23T11:45:38Z,7384,41020,48935
2026-08-23T11:45:40Z,7384,41020,48935
2026-08-23T11:45:42Z,7384,41020,48935
2026-08-23T11:45:44Z,7254,41150,48935
2026-08-23T11:45:46Z,7254,41150,48935
2026-08-23T11:45:48Z,7254,41150,48935
2026-08-23T11:45:50Z,7254,41150,48935
2026-08-23T11:45:52Z,7254,41150,48935
2026-08-23T11:45:54Z,7384,41020,48935
2026-08-23T11:45:56Z,7384,41020,48935
2026-08-23T11:45:58Z,7384,41020,48935
2026-08-23T11:46:00Z,7384,41020,48935
2026-08-23T11:46:02Z,7384,41020,48935
2026-08-23T11:46:04Z,7384,41020,48935
2026-08-23T11:46:06Z,7384,41020,48935
2026-08-23T11:46:08Z,7384,41020,48935
2026-08-23T11:46:10Z,7384,41020,48935
2026-08-23T11:46:12Z,7384,41020,48935
2026-08-23T11:46:14Z,7384,41020,48935
2026-08-23T11:46:16Z,7384,41020,48935
2026-08-23T11:46:18Z,7384,41020,48935
2026-08-23T11:46:20Z,7384,41020,48935
2026-08-23T11:46:22Z,7384,41020,48935
2026-08-23T11:46:24Z,7384,41020,48935
2026-08-23T11:46:26Z,7384,41020,48935
2026-08-23T11:46:28Z,7384,41020,48935
2026-08-23T11:46:30Z,7384,41020,48935
2026-08-23T11:46:32Z,7384,41020,48935
2026-08-23T11:46:34Z,7384,41020,48935
2026-08-23T11:46:36Z,7384,41020,48935
2026-08-23T11:46:38Z,7384,41020,48935
2026-08-23T11:46:40Z,7384,41020,48935
2026-08-23T11:46:42Z,7384,41020,48935
2026-08-23T11:46:44Z,7384,41020,48935
2026-08-23T11:46:46Z,7384,41020,48935
2026-08-23T11:46:48Z,7384,41020,48935
2026-08-23T11:46:50Z,7384,41020,48935
2026-08-23T11:46:52Z,7384,41020,48935
2026-08-23T11:46:54Z,7384,41020,48935
2026-08-23T11:46:57Z,7384,41020,48935
2026-08-23T11:46:59Z,7384,41020,48935
2026-08-23T11:47:01Z,7384,41020,48935
2026-08-23T11:47:03Z,7384,41020,48935
2026-08-23T11:47:05Z,7384,41020,48935
2026-08-23T11:47:07Z,7384,41020,48935
2026-08-23T11:47:09Z,7384,41020,48935
2026-08-23T11:47:11Z,7384,41020,48935
2026-08-23T11:47:13Z,7384,41020,48935
2026-08-23T11:47:15Z,7384,41020,48935
2026-08-23T11:47:17Z,7384,41020,48935
2026-08-23T11:47:19Z,7384,41020,48935
2026-08-23T11:47:21Z,7384,41020,48935
2026-08-23T11:47:23Z,7384,41020,48935
2026-08-23T11:47:25Z,7384,41020,48935
2026-08-23T11:47:27Z,7384,41020,48935
2026-08-23T11:47:29Z,7384,41020,48935
2026-08-23T11:47:31Z,7384,41020,48935
2026-08-23T11:47:33Z,7384,41020,48935
2026-08-23T11:47:35Z,7384,41020,48935
2026-08-23T11:47:37Z,7384,41020,48935
2026-08-23T11:47:39Z,7384,41020,48935
2026-08-23T11:47:41Z,7384,41020,48935
2026-08-23T11:47:43Z,7384,41020,48935
2026-08-23T11:47:45Z,7384,41020,48935
2026-08-23T11:47:47Z,7384,41020,48935
2026-08-23T11:47:49Z,7384,41020,48935
2026-08-23T11:47:51Z,7384,41020,48935
2026-08-23T11:47:53Z,7384,41020,48935
2026-08-23T11:47:55Z,7384,41020,48935
2026-08-23T11:47:57Z,7384,41020,48935
2026-08-23T11:47:59Z,7384,41020,48935
2026-08-23T11:48:01Z,7384,41020,48935
2026-08-23T11:48:03Z,7384,41020,48935
2026-08-23T11:48:05Z,7384,41020,48935
2026-08-23T11:48:07Z,7384,41020,48935
2026-08-23T11:48:09Z,7384,41020,48935
2026-08-23T11:48:11Z,7384,41020,48935
2026-08-23T11:48:13Z,7384,41020,48935
2026-08-23T11:48:15Z,7384,41020,48935
2026-08-23T11:48:17Z,7384,41020,48935
2026-08-23T11:48:19Z,7384,41020,48935
2026-08-23T11:48:21Z,7384,41020,48935
2026-08-23T11:48:24Z,7384,41020,48935
2026-08-23T11:48:26Z,7384,41020,48935
2026-08-23T11:48:28Z,7384,41020,48935
2026-08-23T11:48:30Z,7384,41020,48935
2026-08-23T11:48:32Z,7384,41020,48935
2026-08-23T11:48:34Z,7384,41020,48935
2026-08-23T11:48:36Z,7384,41020,48935
2026-08-23T11:48:38Z,7384,41020,48935
2026-08-23T11:48:40Z,7254,41150,48935
2026-08-23T11:48:42Z,7254,41150,48935
2026-08-23T11:48:44Z,7254,41150,48935
2026-08-23T11:48:46Z,7254,41150,48935
2026-08-23T11:48:48Z,7254,41150,48935
2026-08-23T11:48:50Z,7256,41148,48935
2026-08-23T11:48:52Z,7384,41020,48935
2026-08-23T11:48:54Z,7384,41020,48935
2026-08-23T11:48:56Z,7384,41020,48935
2026-08-23T11:48:58Z,7384,41020,48935
2026-08-23T11:49:00Z,7384,41020,48935
2026-08-23T11:49:02Z,7384,41020,48935
2026-08-23T11:49:04Z,7384,41020,48935
2026-08-23T11:49:06Z,7384,41020,48935
2026-08-23T11:49:08Z,7384,41020,48935
2026-08-23T11:49:10Z,7384,41020,48935
2026-08-23T11:49:12Z,7384,41020,48935
2026-08-23T11:49:14Z,7384,41020,48935
2026-08-23T11:49:16Z,7384,41020,48935
2026-08-23T11:49:18Z,7384,41020,48935
2026-08-23T11:49:20Z,7384,41020,48935
2026-08-23T11:49:22Z,7384,41020,48935
2026-08-23T11:49:24Z,7384,41020,48935
2026-08-23T11:49:26Z,7384,41020,48935
2026-08-23T11:49:28Z,7384,41020,48935
2026-08-23T11:49:30Z,7384,41020,48935
2026-08-23T11:49:32Z,7384,41020,48935
2026-08-23T11:49:34Z,7384,41020,48935
2026-08-23T11:49:36Z,7384,41020,48935
2026-08-23T11:49:38Z,7384,41020,48935
2026-08-23T11:49:40Z,7384,41020,48935
2026-08-23T11:49:42Z,7384,41020,48935
2026-08-23T11:49:44Z,7384,41020,48935
2026-08-23T11:49:46Z,7384,41020,48935
2026-08-23T11:49:48Z,7384,41020,48935
2026-08-23T11:49:50Z,7384,41020,48935
2026-08-23T11:49:53Z,7384,41020,48935
2026-08-23T11:49:55Z,7384,41020,48935
2026-08-23T11:49:57Z,7384,41020,48935
2026-08-23T11:49:59Z,7384,41020,48935
2026-08-23T11:50:01Z,7384,41020,48935
2026-08-23T11:50:03Z,7384,41020,48935
2026-08-23T11:50:05Z,7384,41020,48935
2026-08-23T11:50:07Z,7384,41020,48935
2026-08-23T11:50:09Z,7384,41020,48935
2026-08-23T11:50:11Z,7384,41020,48935
2026-08-23T11:50:13Z,7384,41020,48935
2026-08-23T11:50:15Z,7384,41020,48935
2026-08-23T11:50:17Z,7384,41020,48935
2026-08-23T11:50:19Z,7384,41020,48935
2026-08-23T11:50:21Z,7384,41020,48935
2026-08-23T11:50:23Z,7384,41020,48935
2026-08-23T11:50:25Z,7384,41020,48935
2026-08-23T11:50:27Z,7384,41020,48935
2026-08-23T11:50:29Z,7384,41020,48935
2026-08-23T11:50:31Z,7384,41020,48935
2026-08-23T11:50:33Z,7384,41020,48935
2026-08-23T11:50:35Z,7384,41020,48935
2026-08-23T11:50:37Z,7384,41020,48935
2026-08-23T11:50:39Z,7384,41020,48935
2026-08-23T11:50:41Z,7384,41020,48935
2026-08-23T11:50:43Z,7384,41020,48935
2026-08-23T11:50:45Z,7384,41020,48935
2026-08-23T11:50:47Z,7384,41020,48935
2026-08-23T11:50:49Z,7384,41020,48935
2026-08-23T11:50:51Z,7384,41020,48935
2026-08-23T11:50:53Z,7384,41020,48935
2026-08-23T11:50:55Z,7384,41020,48935
2026-08-23T11:50:57Z,7384,41020,48935
2026-08-23T11:50:59Z,7384,41020,48935
2026-08-23T11:51:01Z,7254,41150,48935
2026-08-23T11:51:03Z,7254,41150,48935
2026-08-23T11:51:05Z,7254,41150,48935
2026-08-23T11:51:07Z,7254,41150,48935
2026-08-23T11:51:09Z,7254,41150,48935
2026-08-23T11:51:11Z,7254,41150,48935
2026-08-23T11:51:13Z,7384,41020,48935
2026-08-23T11:51:15Z,7384,41020,48935
2026-08-23T11:51:17Z,7384,41020,48935
2026-08-23T11:51:20Z,7384,41020,48935
2026-08-23T11:51:22Z,7384,41020,48935
2026-08-23T11:51:24Z,7384,41020,48935
2026-08-23T11:51:26Z,7384,41020,48935
2026-08-23T11:51:28Z,7384,41020,48935
2026-08-23T11:51:30Z,7384,41020,48935
2026-08-23T11:51:32Z,7384,41020,48935
2026-08-23T11:51:34Z,7384,41020,48935
2026-08-23T11:51:36Z,7384,41020,48935
2026-08-23T11:51:38Z,7384,41020,48935
2026-08-23T11:51:40Z,7384,41020,48935
2026-08-23T11:51:42Z,7384,41020,48935
2026-08-23T11:51:44Z,7384,41020,48935
2026-08-23T11:51:46Z,7384,41020,48935
2026-08-23T11:51:48Z,7384,41020,48935
2026-08-23T11:51:50Z,7384,41020,48935
2026-08-23T11:51:52Z,7384,41020,48935
2026-08-23T11:51:54Z,7384,41020,48935
2026-08-23T11:51:56Z,7384,41020,48935
2026-08-23T11:51:58Z,7384,41020,48935
2026-08-23T11:52:00Z,7384,41020,48935
2026-08-23T11:52:02Z,7384,41020,48935
2026-08-23T11:52:04Z,7384,41020,48935
2026-08-23T11:52:06Z,7384,41020,48935
2026-08-23T11:52:08Z,7384,41020,48935
2026-08-23T11:52:10Z,7384,41020,48935
2026-08-23T11:52:12Z,7384,41020,48935
2026-08-23T11:52:14Z,7384,41020,48935
2026-08-23T11:52:16Z,7384,41020,48935
2026-08-23T11:52:18Z,7384,41020,48935
2026-08-23T11:52:20Z,7384,41020,48935
2026-08-23T11:52:22Z,7254,41150,48935
2026-08-23T11:52:24Z,7254,41150,48935
2026-08-23T11:52:26Z,7254,41150,48935
2026-08-23T11:52:28Z,7254,41150,48935
2026-08-23T11:52:30Z,7254,41150,48935
2026-08-23T11:52:32Z,7384,41020,48935
2026-08-23T11:52:34Z,7384,41020,48935
2026-08-23T11:52:36Z,7384,41020,48935
2026-08-23T11:52:38Z,7384,41020,48935
2026-08-23T11:52:40Z,7384,41020,48935
2026-08-23T11:52:42Z,7384,41020,48935
2026-08-23T11:52:44Z,7384,41020,48935
2026-08-23T11:52:46Z,7384,41020,48935
2026-08-23T11:52:49Z,7384,41020,48935
2026-08-23T11:52:51Z,7384,41020,48935
2026-08-23T11:52:53Z,7384,41020,48935
2026-08-23T11:52:55Z,7384,41020,48935
2026-08-23T11:52:57Z,7384,41020,48935
2026-08-23T11:52:59Z,7384,41020,48935
2026-08-23T11:53:01Z,7384,41020,48935
2026-08-23T11:53:03Z,7384,41020,48935
2026-08-23T11:53:05Z,7384,41020,48935
2026-08-23T11:53:07Z,7384,41020,48935
2026-08-23T11:53:09Z,7384,41020,48935
2026-08-23T11:53:11Z,7384,41020,48935
2026-08-23T11:53:13Z,7384,41020,48935
2026-08-23T11:53:15Z,7384,41020,48935
2026-08-23T11:53:17Z,7384,41020,48935
2026-08-23T11:53:19Z,7384,41020,48935
2026-08-23T11:53:21Z,7384,41020,48935
2026-08-23T11:53:23Z,7384,41020,48935
2026-08-23T11:53:25Z,7384,41020,48935
2026-08-23T11:53:27Z,7384,41020,48935
2026-08-23T11:53:29Z,7384,41020,48935
2026-08-23T11:53:31Z,7384,41020,48935
2026-08-23T11:53:33Z,7384,41020,48935
2026-08-23T11:53:35Z,7384,41020,48935
2026-08-23T11:53:37Z,7384,41020,48935
2026-08-23T11:53:39Z,7384,41020,48935
2026-08-23T11:53:41Z,7384,41020,48935
2026-08-23T11:53:43Z,7384,41020,48935
2026-08-23T11:53:45Z,7384,41020,48935
2026-08-23T11:53:47Z,7384,41020,48935
2026-08-23T11:53:49Z,7384,41020,48935
2026-08-23T11:53:51Z,7384,41020,48935
2026-08-23T11:53:53Z,7384,41020,48935
2026-08-23T11:53:55Z,7384,41020,48935
2026-08-23T11:53:57Z,7384,41020,48935
2026-08-23T11:53:59Z,7384,41020,48935
2026-08-23T11:54:01Z,7384,41020,48935
2026-08-23T11:54:03Z,7384,41020,48935
2026-08-23T11:54:05Z,7384,41020,48935
2026-08-23T11:54:07Z,7384,41020,48935
2026-08-23T11:54:09Z,7384,41020,48935
2026-08-23T11:54:11Z,7384,41020,48935
2026-08-23T11:54:13Z,7384,41020,48935
2026-08-23T11:54:16Z,7384,41020,48935
2026-08-23T11:54:18Z,7384,41020,48935
2026-08-23T11:54:20Z,7384,41020,48935
2026-08-23T11:54:22Z,7384,41020,48935
2026-08-23T11:54:24Z,7384,41020,48935
2026-08-23T11:54:26Z,7384,41020,48935
2026-08-23T11:54:28Z,7384,41020,48935
2026-08-23T11:54:30Z,7384,41020,48935
2026-08-23T11:54:32Z,7384,41020,48935
2026-08-23T11:54:34Z,7384,41020,48935
2026-08-23T11:54:36Z,7384,41020,48935
2026-08-23T11:54:38Z,7384,41020,48935
2026-08-23T11:54:40Z,7384,41020,48935
2026-08-23T11:54:42Z,7384,41020,48935
2026-08-23T11:54:44Z,7384,41020,48935
2026-08-23T11:54:46Z,7384,41020,48935
2026-08-23T11:54:48Z,7384,41020,48935
2026-08-23T11:54:50Z,7384,41020,48935
2026-08-23T11:54:52Z,7384,41020,48935
2026-08-23T11:54:54Z,7384,41020,48935
2026-08-23T11:54:56Z,7254,41150,48935
2026-08-23T11:54:58Z,7254,41150,48935
2026-08-23T11:55:00Z,7254,41150,48935
2026-08-23T11:55:02Z,7254,41150,48935
2026-08-23T11:55:04Z,7254,41150,48935
2026-08-23T11:55:06Z,7256,41148,48935
2026-08-23T11:55:08Z,7384,41020,48935
2026-08-23T11:55:10Z,7384,41020,48935
2026-08-23T11:55:12Z,7384,41020,48935
2026-08-23T11:55:14Z,7384,41020,48935
2026-08-23T11:55:16Z,7384,41020,48935
2026-08-23T11:55:18Z,7384,41020,48935
2026-08-23T11:55:20Z,7384,41020,48935
2026-08-23T11:55:22Z,7384,41020,48935
2026-08-23T11:55:24Z,7384,41020,48935
2026-08-23T11:55:26Z,7384,41020,48935
2026-08-23T11:55:28Z,7384,41020,48935
2026-08-23T11:55:30Z,7384,41020,48935
2026-08-23T11:55:32Z,7384,41020,48935
2026-08-23T11:55:34Z,7384,41020,48935
2026-08-23T11:55:36Z,7384,41020,48935
2026-08-23T11:55:38Z,7384,41020,48935
2026-08-23T11:55:40Z,7384,41020,48935
2026-08-23T11:55:42Z,7384,41020,48935
2026-08-23T11:55:45Z,7384,41020,48935
2026-08-23T11:55:47Z,7384,41020,48935
2026-08-23T11:55:49Z,7384,41020,48935
2026-08-23T11:55:51Z,7384,41020,48935
2026-08-23T11:55:53Z,7384,41020,48935
2026-08-23T11:55:55Z,7384,41020,48935
2026-08-23T11:55:57Z,7384,41020,48935
2026-08-23T11:55:59Z,7384,41020,48935
2026-08-23T11:56:01Z,7384,41020,48935
2026-08-23T11:56:03Z,7384,41020,48935
2026-08-23T11:56:05Z,7384,41020,48935
2026-08-23T11:56:07Z,7384,41020,48935
2026-08-23T11:56:09Z,7384,41020,48935
2026-08-23T11:56:11Z,7384,41020,48935
2026-08-23T11:56:13Z,7384,41020,48935
2026-08-23T11:56:15Z,7384,41020,48935
2026-08-23T11:56:17Z,7384,41020,48935
2026-08-23T11:56:19Z,7384,41020,48935
2026-08-23T11:56:21Z,7384,41020,48935
2026-08-23T11:56:23Z,7384,41020,48935
2026-08-23T11:56:25Z,7384,41020,48935
2026-08-23T11:56:27Z,7384,41020,48935
2026-08-23T11:56:29Z,7384,41020,48935
2026-08-23T11:56:31Z,7384,41020,48935
2026-08-23T11:56:33Z,7384,41020,48935
2026-08-23T11:56:35Z,7384,41020,48935
2026-08-23T11:56:37Z,7384,41020,48935
2026-08-23T11:56:39Z,7384,41020,48935
2026-08-23T11:56:41Z,7384,41020,48935
2026-08-23T11:56:43Z,7384,41020,48935
2026-08-23T11:56:45Z,7384,41020,48935
2026-08-23T11:56:47Z,7384,41020,48935
2026-08-23T11:56:49Z,7384,41020,48935
2026-08-23T11:56:51Z,7384,41020,48935
2026-08-23T11:56:53Z,7384,41020,48935
2026-08-23T11:56:55Z,7384,41020,48935
2026-08-23T11:56:57Z,7384,41020,48935
2026-08-23T11:56:59Z,7254,41150,48935
2026-08-23T11:57:01Z,7254,41150,48935
2026-08-23T11:57:03Z,7254,41150,48935
2026-08-23T11:57:05Z,7254,41150,48935
2026-08-23T11:57:07Z,7254,41150,48935
2026-08-23T11:57:09Z,7254,41150,48935
2026-08-23T11:57:11Z,7256,41148,48935
2026-08-23T11:57:14Z,7384,41020,48935
2026-08-23T11:57:16Z,7384,41020,48935
2026-08-23T11:57:18Z,7384,41020,48935
2026-08-23T11:57:20Z,7384,41020,48935
2026-08-23T11:57:22Z,7384,41020,48935
2026-08-23T11:57:24Z,7384,41020,48935
2026-08-23T11:57:26Z,7384,41020,48935
2026-08-23T11:57:28Z,7384,41020,48935
2026-08-23T11:57:30Z,7384,41020,48935
2026-08-23T11:57:32Z,7384,41020,48935
2026-08-23T11:57:34Z,7384,41020,48935
2026-08-23T11:57:36Z,7384,41020,48935
2026-08-23T11:57:38Z,7384,41020,48935
2026-08-23T11:57:40Z,7384,41020,48935
2026-08-23T11:57:42Z,7384,41020,48935
2026-08-23T11:57:44Z,7384,41020,48935
2026-08-23T11:57:46Z,7384,41020,48935
2026-08-23T11:57:48Z,7384,41020,48935
2026-08-23T11:57:50Z,7384,41020,48935
2026-08-23T11:57:52Z,7384,41020,48935
2026-08-23T11:57:54Z,7384,41020,48935
2026-08-23T11:57:56Z,7384,41020,48935
2026-08-23T11:57:58Z,7384,41020,48935
2026-08-23T11:58:00Z,7384,41020,48935
2026-08-23T11:58:02Z,7384,41020,48935
2026-08-23T11:58:04Z,7384,41020,48935
2026-08-23T11:58:06Z,7384,41020,48935
2026-08-23T11:58:08Z,7384,41020,48935
2026-08-23T11:58:10Z,7384,41020,48935
2026-08-23T11:58:12Z,7384,41020,48935
2026-08-23T11:58:14Z,7384,41020,48935
2026-08-23T11:58:16Z,7384,41020,48935
2026-08-23T11:58:18Z,7384,41020,48935
2026-08-23T11:58:20Z,7384,41020,48935
2026-08-23T11:58:22Z,7384,41020,48935
2026-08-23T11:58:24Z,7384,41020,48935
2026-08-23T11:58:26Z,7384,41020,48935
2026-08-23T11:58:28Z,7384,41020,48935
2026-08-23T11:58:30Z,7384,41020,48935
2026-08-23T11:58:32Z,7384,41020,48935
2026-08-23T11:58:34Z,7384,41020,48935
2026-08-23T11:58:36Z,7384,41020,48935
2026-08-23T11:58:38Z,7384,41020,48935
2026-08-23T11:58:41Z,7384,41020,48935
2026-08-23T11:58:43Z,7384,41020,48935
2026-08-23T11:58:45Z,7384,41020,48935
2026-08-23T11:58:47Z,7384,41020,48935
2026-08-23T11:58:49Z,7254,41150,48935
2026-08-23T11:58:51Z,7254,41150,48935
2026-08-23T11:58:53Z,7254,41150,48935
2026-08-23T11:58:55Z,7254,41150,48935
2026-08-23T11:58:57Z,7254,41150,48935
2026-08-23T11:58:59Z,7254,41150,48935
2026-08-23T11:59:01Z,7384,41020,48935
2026-08-23T11:59:03Z,7384,41020,48935
2026-08-23T11:59:05Z,7384,41020,48935
2026-08-23T11:59:07Z,7384,41020,48935
2026-08-23T11:59:09Z,7384,41020,48935
2026-08-23T11:59:11Z,7384,41020,48935
2026-08-23T11:59:13Z,7384,41020,48935
2026-08-23T11:59:15Z,7384,41020,48935
2026-08-23T11:59:17Z,7384,41020,48935
2026-08-23T11:59:19Z,7384,41020,48935
2026-08-23T11:59:21Z,7384,41020,48935
2026-08-23T11:59:23Z,7384,41020,48935
2026-08-23T11:59:25Z,7384,41020,48935
2026-08-23T11:59:27Z,7384,41020,48935
2026-08-23T11:59:29Z,7384,41020,48935
2026-08-23T11:59:31Z,7384,41020,48935
2026-08-23T11:59:33Z,7384,41020,48935
2026-08-23T11:59:35Z,7384,41020,48935
2026-08-23T11:59:37Z,7384,41020,48935
2026-08-23T11:59:39Z,7384,41020,48935
2026-08-23T11:59:41Z,7384,41020,48935
2026-08-23T11:59:43Z,7384,41020,48935
2026-08-23T11:59:45Z,7384,41020,48935
2026-08-23T11:59:47Z,7384,41020,48935
2026-08-23T11:59:49Z,7384,41020,48935
2026-08-23T11:59:51Z,7384,41020,48935
2026-08-23T11:59:53Z,7384,41020,48935
2026-08-23T11:59:55Z,7384,41020,48935
2026-08-23T11:59:57Z,7384,41020,48935
2026-08-23T11:59:59Z,7384,41020,48935
2026-08-23T12:00:01Z,7384,41020,48935
2026-08-23T12:00:03Z,7384,41020,48935
2026-08-23T12:00:05Z,7384,41020,48935
2026-08-23T12:00:07Z,7384,41020,48935
2026-08-23T12:00:10Z,7384,41020,48935
2026-08-23T12:00:12Z,7384,41020,48935
2026-08-23T12:00:14Z,7384,41020,48935
2026-08-23T12:00:16Z,7384,41020,48935
2026-08-23T12:00:18Z,7384,41020,48935
2026-08-23T12:00:20Z,7384,41020,48935
2026-08-23T12:00:22Z,7384,41020,48935
2026-08-23T12:00:24Z,7384,41020,48935
2026-08-23T12:00:26Z,7384,41020,48935
2026-08-23T12:00:28Z,7384,41020,48935
2026-08-23T12:00:30Z,7384,41020,48935
2026-08-23T12:00:32Z,7384,41020,48935
2026-08-23T12:00:34Z,7384,41020,48935
2026-08-23T12:00:36Z,7384,41020,48935
2026-08-23T12:00:38Z,7384,41020,48935
2026-08-23T12:00:40Z,7384,41020,48935
2026-08-23T12:00:42Z,7384,41020,48935
2026-08-23T12:00:44Z,7384,41020,48935
2026-08-23T12:00:46Z,7384,41020,48935
2026-08-23T12:00:48Z,7384,41020,48935
2026-08-23T12:00:50Z,7384,41020,48935
2026-08-23T12:00:52Z,7384,41020,48935
2026-08-23T12:00:54Z,7384,41020,48935
2026-08-23T12:00:56Z,7384,41020,48935
2026-08-23T12:00:58Z,7384,41020,48935
2026-08-23T12:01:00Z,7384,41020,48935
2026-08-23T12:01:02Z,7384,41020,48935
2026-08-23T12:01:04Z,7384,41020,48935
2026-08-23T12:01:06Z,7384,41020,48935
2026-08-23T12:01:08Z,7384,41020,48935
2026-08-23T12:01:10Z,7384,41020,48935
2026-08-23T12:01:12Z,7384,41020,48935
2026-08-23T12:01:14Z,7384,41020,48935
2026-08-23T12:01:16Z,7384,41020,48935
2026-08-23T12:01:18Z,7384,41020,48935
2026-08-23T12:01:20Z,7384,41020,48935
2026-08-23T12:01:22Z,7384,41020,48935
2026-08-23T12:01:24Z,7384,41020,48935
2026-08-23T12:01:26Z,7384,41020,48935
2026-08-23T12:01:28Z,7384,41020,48935
2026-08-23T12:01:30Z,7384,41020,48935
2026-08-23T12:01:32Z,7384,41020,48935
2026-08-23T12:01:34Z,7384,41020,48935
2026-08-23T12:01:36Z,7384,41020,48935
2026-08-23T12:01:39Z,7384,41020,48935
2026-08-23T12:01:41Z,7384,41020,48935
2026-08-23T12:01:43Z,7384,41020,48935
2026-08-23T12:01:45Z,7384,41020,48935
2026-08-23T12:01:47Z,7384,41020,48935
2026-08-23T12:01:49Z,7384,41020,48935
2026-08-23T12:01:51Z,7384,41020,48935
2026-08-23T12:01:53Z,7384,41020,48935
2026-08-23T12:01:55Z,7384,41020,48935
2026-08-23T12:01:57Z,7384,41020,48935
2026-08-23T12:01:59Z,7384,41020,48935
2026-08-23T12:02:01Z,7384,41020,48935
2026-08-23T12:02:03Z,7384,41020,48935
2026-08-23T12:02:05Z,7384,41020,48935
2026-08-23T12:02:07Z,7384,41020,48935
2026-08-23T12:02:09Z,7384,41020,48935
2026-08-23T12:02:11Z,7254,41150,48935
2026-08-23T12:02:13Z,7254,41150,48935
2026-08-23T12:02:15Z,7254,41150,48935
2026-08-23T12:02:17Z,7254,41150,48935
2026-08-23T12:02:19Z,7254,41150,48935
2026-08-23T12:02:21Z,7254,41150,48935
2026-08-23T12:02:23Z,7384,41020,48935
2026-08-23T12:02:25Z,7384,41020,48935
2026-08-23T12:02:27Z,7384,41020,48935
2026-08-23T12:02:29Z,7384,41020,48935
2026-08-23T12:02:31Z,7384,41020,48935
2026-08-23T12:02:33Z,7384,41020,48935
2026-08-23T12:02:35Z,7384,41020,48935
2026-08-23T12:02:37Z,7384,41020,48935
2026-08-23T12:02:39Z,7384,41020,48935
2026-08-23T12:02:41Z,7384,41020,48935
2026-08-23T12:02:43Z,7384,41020,48935
2026-08-23T12:02:45Z,7384,41020,48935
2026-08-23T12:02:47Z,7384,41020,48935
2026-08-23T12:02:49Z,7384,41020,48935
2026-08-23T12:02:51Z,7384,41020,48935
2026-08-23T12:02:53Z,7384,41020,48935
2026-08-23T12:02:55Z,7384,41020,48935
2026-08-23T12:02:57Z,7384,41020,48935
2026-08-23T12:02:59Z,7384,41020,48935
2026-08-23T12:03:01Z,7384,41020,48935
2026-08-23T12:03:03Z,7384,41020,48935
2026-08-23T12:03:05Z,7384,41020,48935
2026-08-23T12:03:08Z,7384,41020,48935
2026-08-23T12:03:10Z,7384,41020,48935
2026-08-23T12:03:12Z,7384,41020,48935
2026-08-23T12:03:14Z,7384,41020,48935
2026-08-23T12:03:16Z,7384,41020,48935
2026-08-23T12:03:18Z,7384,41020,48935
2026-08-23T12:03:20Z,7384,41020,48935
2026-08-23T12:03:22Z,7384,41020,48935
2026-08-23T12:03:24Z,7384,41020,48935
2026-08-23T12:03:26Z,7384,41020,48935
2026-08-23T12:03:28Z,7384,41020,48935
2026-08-23T12:03:30Z,7384,41020,48935
2026-08-23T12:03:32Z,7384,41020,48935
2026-08-23T12:03:34Z,7384,41020,48935
2026-08-23T12:03:36Z,7384,41020,48935
2026-08-23T12:03:38Z,7384,41020,48935
2026-08-23T12:03:40Z,7384,41020,48935
2026-08-23T12:03:42Z,7384,41020,48935
2026-08-23T12:03:44Z,7384,41020,48935
2026-08-23T12:03:46Z,7384,41020,48935
2026-08-23T12:03:48Z,7384,41020,48935
2026-08-23T12:03:50Z,7384,41020,48935
2026-08-23T12:03:52Z,7384,41020,48935
2026-08-23T12:03:54Z,7384,41020,48935
2026-08-23T12:03:56Z,7384,41020,48935
2026-08-23T12:03:58Z,7384,41020,48935
2026-08-23T12:04:00Z,7384,41020,48935
2026-08-23T12:04:02Z,7384,41020,48935
2026-08-23T12:04:04Z,7384,41020,48935
2026-08-23T12:04:06Z,7384,41020,48935
2026-08-23T12:04:08Z,7384,41020,48935
2026-08-23T12:04:10Z,7384,41020,48935
2026-08-23T12:04:12Z,7384,41020,48935
2026-08-23T12:04:14Z,7384,41020,48935
2026-08-23T12:04:16Z,7384,41020,48935
2026-08-23T12:04:18Z,7384,41020,48935
2026-08-23T12:04:20Z,7384,41020,48935
2026-08-23T12:04:22Z,7384,41020,48935
2026-08-23T12:04:24Z,7384,41020,48935
2026-08-23T12:04:26Z,7384,41020,48935
2026-08-23T12:04:28Z,7384,41020,48935
2026-08-23T12:04:30Z,7384,41020,48935
2026-08-23T12:04:32Z,7384,41020,48935
2026-08-23T12:04:34Z,7384,41020,48935
2026-08-23T12:04:37Z,7384,41020,48935
2026-08-23T12:04:39Z,7384,41020,48935
2026-08-23T12:04:41Z,7384,41020,48935
2026-08-23T12:04:43Z,7384,41020,48935
2026-08-23T12:04:45Z,7384,41020,48935
2026-08-23T12:04:47Z,7384,41020,48935
2026-08-23T12:04:49Z,7384,41020,48935
2026-08-23T12:04:51Z,7384,41020,48935
2026-08-23T12:04:53Z,7384,41020,48935
2026-08-23T12:04:55Z,7384,41020,48935
2026-08-23T12:04:57Z,7384,41020,48935
2026-08-23T12:04:59Z,7384,41020,48935
2026-08-23T12:05:01Z,7384,41020,48935
2026-08-23T12:05:03Z,7384,41020,48935
2026-08-23T12:05:05Z,7384,41020,48935
2026-08-23T12:05:07Z,7384,41020,48935
2026-08-23T12:05:09Z,7384,41020,48935
2026-08-23T12:05:11Z,7384,41020,48935
2026-08-23T12:05:13Z,7384,41020,48935
2026-08-23T12:05:15Z,7384,41020,48935
2026-08-23T12:05:17Z,7384,41020,48935
2026-08-23T12:05:19Z,7384,41020,48935
2026-08-23T12:05:21Z,7384,41020,48935
2026-08-23T12:05:23Z,7384,41020,48935
2026-08-23T12:05:25Z,7384,41020,48935
2026-08-23T12:05:27Z,7384,41020,48935
2026-08-23T12:05:29Z,7384,41020,48935
2026-08-23T12:05:31Z,7384,41020,48935
2026-08-23T12:05:33Z,7384,41020,48935
2026-08-23T12:05:35Z,7384,41020,48935
2026-08-23T12:05:37Z,7384,41020,48935
2026-08-23T12:05:39Z,7384,41020,48935
2026-08-23T12:05:41Z,7384,41020,48935
2026-08-23T12:05:43Z,7386,41018,48935
2026-08-23T12:05:45Z,7386,41018,48935
2026-08-23T12:05:47Z,7386,41018,48935
2026-08-23T12:05:49Z,7254,41150,48935
2026-08-23T12:05:51Z,7254,41150,48935
2026-08-23T12:05:53Z,7254,41150,48935
2026-08-23T12:05:55Z,7254,41150,48935
2026-08-23T12:05:57Z,7254,41150,48935
2026-08-23T12:05:59Z,7384,41020,48935
2026-08-23T12:06:01Z,7384,41020,48935
2026-08-23T12:06:04Z,7384,41020,48935
2026-08-23T12:06:06Z,7384,41020,48935
2026-08-23T12:06:08Z,7384,41020,48935
2026-08-23T12:06:10Z,7384,41020,48935
2026-08-23T12:06:12Z,7384,41020,48935
2026-08-23T12:06:14Z,7384,41020,48935
2026-08-23T12:06:16Z,7384,41020,48935
2026-08-23T12:06:18Z,7384,41020,48935
2026-08-23T12:06:20Z,7384,41020,48935
2026-08-23T12:06:22Z,7384,41020,48935
2026-08-23T12:06:24Z,7384,41020,48935
2026-08-23T12:06:26Z,7384,41020,48935
2026-08-23T12:06:28Z,7384,41020,48935
2026-08-23T12:06:30Z,7384,41020,48935
2026-08-23T12:06:32Z,7384,41020,48935
2026-08-23T12:06:34Z,7384,41020,48935
2026-08-23T12:06:36Z,7384,41020,48935
2026-08-23T12:06:38Z,7384,41020,48935
2026-08-23T12:06:40Z,7384,41020,48935
2026-08-23T12:06:42Z,7384,41020,48935
2026-08-23T12:06:44Z,7384,41020,48935
2026-08-23T12:06:46Z,7384,41020,48935
2026-08-23T12:06:48Z,7384,41020,48935
2026-08-23T12:06:50Z,7384,41020,48935
2026-08-23T12:06:52Z,7384,41020,48935
2026-08-23T12:06:54Z,7384,41020,48935
2026-08-23T12:06:56Z,7384,41020,48935
2026-08-23T12:06:58Z,7384,41020,48935
2026-08-23T12:07:00Z,7384,41020,48935
2026-08-23T12:07:02Z,7384,41020,48935
2026-08-23T12:07:04Z,7384,41020,48935
2026-08-23T12:07:06Z,7384,41020,48935
2026-08-23T12:07:08Z,7384,41020,48935
2026-08-23T12:07:10Z,7384,41020,48935
2026-08-23T12:07:12Z,7384,41020,48935
2026-08-23T12:07:14Z,7384,41020,48935
2026-08-23T12:07:16Z,7384,41020,48935
2026-08-23T12:07:18Z,7384,41020,48935
2026-08-23T12:07:20Z,7384,41020,48935
2026-08-23T12:07:22Z,7384,41020,48935
2026-08-23T12:07:24Z,7384,41020,48935
2026-08-23T12:07:26Z,7384,41020,48935
2026-08-23T12:07:28Z,7384,41020,48935
2026-08-23T12:07:30Z,7384,41020,48935
2026-08-23T12:07:33Z,7384,41020,48935
2026-08-23T12:07:35Z,7384,41020,48935
2026-08-23T12:07:37Z,7384,41020,48935
2026-08-23T12:07:39Z,7384,41020,48935
2026-08-23T12:07:41Z,7384,41020,48935
2026-08-23T12:07:43Z,7384,41020,48935
2026-08-23T12:07:45Z,7384,41020,48935
2026-08-23T12:07:47Z,7384,41020,48935
2026-08-23T12:07:49Z,7384,41020,48935
2026-08-23T12:07:51Z,7384,41020,48935
2026-08-23T12:07:53Z,7384,41020,48935
2026-08-23T12:07:55Z,7384,41020,48935
2026-08-23T12:07:57Z,7384,41020,48935
2026-08-23T12:07:59Z,7384,41020,48935
2026-08-23T12:08:01Z,7384,41020,48935
2026-08-23T12:08:03Z,7384,41020,48935
2026-08-23T12:08:05Z,7384,41020,48935
2026-08-23T12:08:07Z,7384,41020,48935
2026-08-23T12:08:09Z,7384,41020,48935
2026-08-23T12:08:11Z,7384,41020,48935
2026-08-23T12:08:13Z,7384,41020,48935
2026-08-23T12:08:15Z,7384,41020,48935
2026-08-23T12:08:17Z,7384,41020,48935
2026-08-23T12:08:19Z,7384,41020,48935
2026-08-23T12:08:21Z,7384,41020,48935
2026-08-23T12:08:23Z,7384,41020,48935
2026-08-23T12:08:25Z,7384,41020,48935
2026-08-23T12:08:27Z,7384,41020,48935
2026-08-23T12:08:29Z,7384,41020,48935
2026-08-23T12:08:31Z,7254,41150,48935
2026-08-23T12:08:33Z,7254,41150,48935
2026-08-23T12:08:35Z,7254,41150,48935
2026-08-23T12:08:37Z,7254,41150,48935
2026-08-23T12:08:39Z,7254,41150,48935
2026-08-23T12:08:41Z,7384,41020,48935
2026-08-23T12:08:43Z,7384,41020,48935
2026-08-23T12:08:45Z,7384,41020,48935
2026-08-23T12:08:47Z,7384,41020,48935
2026-08-23T12:08:49Z,7384,41020,48935
2026-08-23T12:08:51Z,7384,41020,48935
2026-08-23T12:08:53Z,7384,41020,48935
2026-08-23T12:08:55Z,7384,41020,48935
2026-08-23T12:08:57Z,7384,41020,48935
2026-08-23T12:09:00Z,7384,41020,48935
2026-08-23T12:09:02Z,7384,41020,48935
2026-08-23T12:09:04Z,7384,41020,48935
2026-08-23T12:09:06Z,7384,41020,48935
2026-08-23T12:09:08Z,7384,41020,48935
2026-08-23T12:09:10Z,7384,41020,48935
2026-08-23T12:09:12Z,7384,41020,48935
2026-08-23T12:09:14Z,7384,41020,48935
2026-08-23T12:09:16Z,7384,41020,48935
2026-08-23T12:09:18Z,7384,41020,48935
2026-08-23T12:09:20Z,7384,41020,48935
2026-08-23T12:09:22Z,7384,41020,48935
2026-08-23T12:09:24Z,7384,41020,48935
2026-08-23T12:09:26Z,7384,41020,48935
2026-08-23T12:09:28Z,7384,41020,48935
2026-08-23T12:09:30Z,7384,41020,48935
2026-08-23T12:09:32Z,7384,41020,48935
2026-08-23T12:09:34Z,7384,41020,48935
2026-08-23T12:09:36Z,7384,41020,48935
2026-08-23T12:09:38Z,7384,41020,48935
2026-08-23T12:09:40Z,7384,41020,48935
2026-08-23T12:09:42Z,7384,41020,48935
2026-08-23T12:09:44Z,7384,41020,48935
2026-08-23T12:09:46Z,7384,41020,48935
2026-08-23T12:09:48Z,7384,41020,48935
2026-08-23T12:09:50Z,7384,41020,48935
2026-08-23T12:09:52Z,7384,41020,48935
2026-08-23T12:09:54Z,7384,41020,48935
2026-08-23T12:09:56Z,7384,41020,48935
2026-08-23T12:09:58Z,7384,41020,48935
2026-08-23T12:10:00Z,7384,41020,48935
2026-08-23T12:10:02Z,7384,41020,48935
2026-08-23T12:10:04Z,7384,41020,48935
2026-08-23T12:10:06Z,7384,41020,48935
2026-08-23T12:10:08Z,7384,41020,48935
2026-08-23T12:10:10Z,7384,41020,48935
2026-08-23T12:10:12Z,7384,41020,48935
2026-08-23T12:10:14Z,7384,41020,48935
2026-08-23T12:10:16Z,7384,41020,48935
2026-08-23T12:10:18Z,7384,41020,48935
2026-08-23T12:10:20Z,7384,41020,48935
2026-08-23T12:10:22Z,7384,41020,48935
2026-08-23T12:10:24Z,7384,41020,48935
2026-08-23T12:10:26Z,7384,41020,48935
2026-08-23T12:10:29Z,7384,41020,48935
2026-08-23T12:10:31Z,7384,41020,48935
2026-08-23T12:10:33Z,7384,41020,48935
2026-08-23T12:10:35Z,7384,41020,48935
2026-08-23T12:10:37Z,7384,41020,48935
2026-08-23T12:10:39Z,7384,41020,48935
2026-08-23T12:10:41Z,7384,41020,48935
2026-08-23T12:10:43Z,7384,41020,48935
2026-08-23T12:10:45Z,7384,41020,48935
2026-08-23T12:10:47Z,7384,41020,48935
2026-08-23T12:10:49Z,7384,41020,48935
2026-08-23T12:10:51Z,7384,41020,48935
2026-08-23T12:10:53Z,7384,41020,48935
2026-08-23T12:10:55Z,7384,41020,48935
2026-08-23T12:10:57Z,7384,41020,48935
2026-08-23T12:10:59Z,7384,41020,48935
2026-08-23T12:11:01Z,7384,41020,48935
2026-08-23T12:11:03Z,7384,41020,48935
2026-08-23T12:11:05Z,7384,41020,48935
2026-08-23T12:11:07Z,7384,41020,48935
2026-08-23T12:11:09Z,7384,41020,48935
2026-08-23T12:11:11Z,7384,41020,48935
2026-08-23T12:11:13Z,7254,41150,48935
2026-08-23T12:11:15Z,7254,41150,48935
2026-08-23T12:11:17Z,7254,41150,48935
2026-08-23T12:11:19Z,7254,41150,48935
2026-08-23T12:11:21Z,7254,41150,48935
2026-08-23T12:11:23Z,7384,41020,48935
2026-08-23T12:11:25Z,7384,41020,48935
2026-08-23T12:11:27Z,7384,41020,48935
2026-08-23T12:11:29Z,7384,41020,48935
2026-08-23T12:11:31Z,7384,41020,48935
2026-08-23T12:11:33Z,7384,41020,48935
2026-08-23T12:11:35Z,7384,41020,48935
2026-08-23T12:11:37Z,7384,41020,48935
2026-08-23T12:11:39Z,7384,41020,48935
2026-08-23T12:11:41Z,7384,41020,48935
2026-08-23T12:11:43Z,7384,41020,48935
2026-08-23T12:11:45Z,7384,41020,48935
2026-08-23T12:11:47Z,7384,41020,48935
2026-08-23T12:11:49Z,7384,41020,48935
2026-08-23T12:11:51Z,7384,41020,48935
2026-08-23T12:11:53Z,7384,41020,48935
2026-08-23T12:11:55Z,7384,41020,48935
2026-08-23T12:11:58Z,7384,41020,48935
2026-08-23T12:12:00Z,7384,41020,48935
2026-08-23T12:12:02Z,7384,41020,48935
2026-08-23T12:12:04Z,7384,41020,48935
2026-08-23T12:12:06Z,7384,41020,48935
2026-08-23T12:12:08Z,7384,41020,48935
2026-08-23T12:12:10Z,7384,41020,48935
2026-08-23T12:12:12Z,7384,41020,48935
2026-08-23T12:12:14Z,7384,41020,48935
2026-08-23T12:12:16Z,7384,41020,48935
2026-08-23T12:12:18Z,7384,41020,48935
2026-08-23T12:12:20Z,7384,41020,48935
2026-08-23T12:12:22Z,7384,41020,48935
2026-08-23T12:12:24Z,7384,41020,48935
2026-08-23T12:12:26Z,7384,41020,48935
2026-08-23T12:12:28Z,7384,41020,48935
2026-08-23T12:12:30Z,7384,41020,48935
2026-08-23T12:12:32Z,7384,41020,48935
2026-08-23T12:12:34Z,7384,41020,48935
2026-08-23T12:12:36Z,7384,41020,48935
2026-08-23T12:12:38Z,7384,41020,48935
2026-08-23T12:12:40Z,7384,41020,48935
2026-08-23T12:12:42Z,7384,41020,48935
2026-08-23T12:12:44Z,7384,41020,48935
2026-08-23T12:12:46Z,7384,41020,48935
2026-08-23T12:12:48Z,7384,41020,48935
2026-08-23T12:12:50Z,7384,41020,48935
2026-08-23T12:12:52Z,7384,41020,48935
2026-08-23T12:12:54Z,7384,41020,48935
2026-08-23T12:12:56Z,7384,41020,48935
2026-08-23T12:12:58Z,7384,41020,48935
2026-08-23T12:13:00Z,7254,41150,48935
2026-08-23T12:13:02Z,7254,41150,48935
2026-08-23T12:13:04Z,7254,41150,48935
2026-08-23T12:13:06Z,7254,41150,48935
2026-08-23T12:13:08Z,7254,41150,48935
2026-08-23T12:13:10Z,7384,41020,48935
2026-08-23T12:13:12Z,7384,41020,48935
2026-08-23T12:13:14Z,7384,41020,48935
2026-08-23T12:13:16Z,7384,41020,48935
2026-08-23T12:13:18Z,7384,41020,48935
2026-08-23T12:13:20Z,7384,41020,48935
2026-08-23T12:13:22Z,7384,41020,48935
2026-08-23T12:13:25Z,7384,41020,48935
2026-08-23T12:13:27Z,7384,41020,48935
2026-08-23T12:13:29Z,7384,41020,48935
2026-08-23T12:13:31Z,7384,41020,48935
2026-08-23T12:13:33Z,7384,41020,48935
2026-08-23T12:13:35Z,7384,41020,48935
2026-08-23T12:13:37Z,7384,41020,48935
2026-08-23T12:13:39Z,7384,41020,48935
2026-08-23T12:13:41Z,7384,41020,48935
2026-08-23T12:13:43Z,7384,41020,48935
2026-08-23T12:13:45Z,7384,41020,48935
2026-08-23T12:13:47Z,7384,41020,48935
2026-08-23T12:13:49Z,7384,41020,48935
2026-08-23T12:13:51Z,7384,41020,48935
2026-08-23T12:13:53Z,7384,41020,48935
2026-08-23T12:13:55Z,7384,41020,48935
2026-08-23T12:13:57Z,7384,41020,48935
2026-08-23T12:13:59Z,7384,41020,48935
2026-08-23T12:14:01Z,7384,41020,48935
2026-08-23T12:14:03Z,7384,41020,48935
2026-08-23T12:14:05Z,7384,41020,48935
2026-08-23T12:14:07Z,7384,41020,48935
2026-08-23T12:14:09Z,7384,41020,48935
2026-08-23T12:14:11Z,7384,41020,48935
2026-08-23T12:14:13Z,7384,41020,48935
2026-08-23T12:14:15Z,7384,41020,48935
2026-08-23T12:14:17Z,7384,41020,48935
2026-08-23T12:14:19Z,7384,41020,48935
2026-08-23T12:14:21Z,7384,41020,48935
2026-08-23T12:14:23Z,7384,41020,48935
2026-08-23T12:14:25Z,7384,41020,48935
2026-08-23T12:14:27Z,7384,41020,48935
2026-08-23T12:14:29Z,7384,41020,48935
2026-08-23T12:14:31Z,7384,41020,48935
2026-08-23T12:14:33Z,7384,41020,48935
2026-08-23T12:14:35Z,7384,41020,48935
2026-08-23T12:14:37Z,7384,41020,48935
2026-08-23T12:14:39Z,7384,41020,48935
2026-08-23T12:14:41Z,7384,41020,48935
2026-08-23T12:14:43Z,7384,41020,48935
2026-08-23T12:14:45Z,7384,41020,48935
2026-08-23T12:14:47Z,7384,41020,48935
2026-08-23T12:14:49Z,7384,41020,48935
2026-08-23T12:14:51Z,7384,41020,48935
2026-08-23T12:14:54Z,7384,41020,48935
2026-08-23T12:14:56Z,7254,41150,48935
2026-08-23T12:14:58Z,7254,41150,48935
2026-08-23T12:15:00Z,7254,41150,48935
2026-08-23T12:15:02Z,7254,41150,48935
2026-08-23T12:15:04Z,7254,41150,48935
2026-08-23T12:15:06Z,7384,41020,48935
2026-08-23T12:15:08Z,7384,41020,48935
2026-08-23T12:15:10Z,7384,41020,48935
2026-08-23T12:15:12Z,7384,41020,48935
2026-08-23T12:15:14Z,7384,41020,48935
2026-08-23T12:15:16Z,7384,41020,48935
2026-08-23T12:15:18Z,7384,41020,48935
2026-08-23T12:15:20Z,7384,41020,48935
2026-08-23T12:15:22Z,7384,41020,48935
2026-08-23T12:15:24Z,7384,41020,48935
2026-08-23T12:15:26Z,7384,41020,48935
2026-08-23T12:15:28Z,7384,41020,48935
2026-08-23T12:15:30Z,7384,41020,48935
2026-08-23T12:15:32Z,7384,41020,48935
2026-08-23T12:15:34Z,7384,41020,48935
2026-08-23T12:15:36Z,7384,41020,48935
2026-08-23T12:15:38Z,7384,41020,48935
2026-08-23T12:15:40Z,7384,41020,48935
2026-08-23T12:15:42Z,7384,41020,48935
2026-08-23T12:15:44Z,7384,41020,48935
2026-08-23T12:15:46Z,7384,41020,48935
2026-08-23T12:15:48Z,7384,41020,48935
2026-08-23T12:15:50Z,7384,41020,48935
2026-08-23T12:15:52Z,7384,41020,48935
2026-08-23T12:15:54Z,7384,41020,48935
2026-08-23T12:15:56Z,7384,41020,48935
2026-08-23T12:15:58Z,7384,41020,48935
2026-08-23T12:16:00Z,7384,41020,48935
2026-08-23T12:16:02Z,7384,41020,48935
2026-08-23T12:16:04Z,7384,41020,48935
2026-08-23T12:16:06Z,7384,41020,48935
2026-08-23T12:16:08Z,7384,41020,48935
2026-08-23T12:16:10Z,7384,41020,48935
2026-08-23T12:16:12Z,7384,41020,48935
2026-08-23T12:16:14Z,7384,41020,48935
2026-08-23T12:16:16Z,7384,41020,48935
2026-08-23T12:16:18Z,7384,41020,48935
2026-08-23T12:16:20Z,7384,41020,48935
2026-08-23T12:16:23Z,7384,41020,48935
2026-08-23T12:16:25Z,7384,41020,48935
2026-08-23T12:16:27Z,7384,41020,48935
2026-08-23T12:16:29Z,7384,41020,48935
2026-08-23T12:16:31Z,7384,41020,48935
2026-08-23T12:16:33Z,7384,41020,48935
2026-08-23T12:16:35Z,7384,41020,48935
2026-08-23T12:16:37Z,7384,41020,48935
2026-08-23T12:16:39Z,7384,41020,48935
2026-08-23T12:16:41Z,7384,41020,48935
2026-08-23T12:16:43Z,7384,41020,48935
2026-08-23T12:16:45Z,7384,41020,48935
2026-08-23T12:16:47Z,7384,41020,48935
2026-08-23T12:16:49Z,7384,41020,48935
2026-08-23T12:16:51Z,7384,41020,48935
2026-08-23T12:16:53Z,7384,41020,48935
2026-08-23T12:16:55Z,7384,41020,48935
2026-08-23T12:16:57Z,7384,41020,48935
2026-08-23T12:16:59Z,7384,41020,48935
2026-08-23T12:17:01Z,7384,41020,48935
2026-08-23T12:17:03Z,7384,41020,48935
2026-08-23T12:17:05Z,7384,41020,48935
2026-08-23T12:17:07Z,7384,41020,48935
2026-08-23T12:17:09Z,7384,41020,48935
2026-08-23T12:17:11Z,7384,41020,48935
2026-08-23T12:17:13Z,7384,41020,48935
2026-08-23T12:17:15Z,7384,41020,48935
2026-08-23T12:17:17Z,7384,41020,48935
2026-08-23T12:17:19Z,7384,41020,48935
2026-08-23T12:17:21Z,7384,41020,48935
2026-08-23T12:17:23Z,7384,41020,48935
2026-08-23T12:17:25Z,7384,41020,48935
2026-08-23T12:17:27Z,7254,41150,48935
2026-08-23T12:17:29Z,7254,41150,48935
2026-08-23T12:17:31Z,7254,41150,48935
2026-08-23T12:17:33Z,7254,41150,48935
2026-08-23T12:17:35Z,7254,41150,48935
2026-08-23T12:17:37Z,7384,41020,48935
2026-08-23T12:17:39Z,7384,41020,48935
2026-08-23T12:17:41Z,7384,41020,48935
2026-08-23T12:17:43Z,7384,41020,48935
2026-08-23T12:17:45Z,7384,41020,48935
2026-08-23T12:17:47Z,7384,41020,48935
2026-08-23T12:17:49Z,7384,41020,48935
2026-08-23T12:17:52Z,7384,41020,48935
2026-08-23T12:17:54Z,7384,41020,48935
2026-08-23T12:17:56Z,7384,41020,48935
2026-08-23T12:17:58Z,7384,41020,48935
2026-08-23T12:18:00Z,7384,41020,48935
2026-08-23T12:18:02Z,7384,41020,48935
2026-08-23T12:18:04Z,7384,41020,48935
2026-08-23T12:18:06Z,7384,41020,48935
2026-08-23T12:18:08Z,7384,41020,48935
2026-08-23T12:18:10Z,7384,41020,48935
2026-08-23T12:18:12Z,7384,41020,48935
2026-08-23T12:18:14Z,7384,41020,48935
2026-08-23T12:18:16Z,7384,41020,48935
2026-08-23T12:18:18Z,7384,41020,48935
2026-08-23T12:18:20Z,7384,41020,48935
2026-08-23T12:18:22Z,7384,41020,48935
2026-08-23T12:18:24Z,7384,41020,48935
2026-08-23T12:18:26Z,7384,41020,48935
2026-08-23T12:18:28Z,7384,41020,48935
2026-08-23T12:18:30Z,7384,41020,48935
2026-08-23T12:18:32Z,7384,41020,48935
2026-08-23T12:18:34Z,7384,41020,48935
2026-08-23T12:18:36Z,7384,41020,48935
2026-08-23T12:18:38Z,7384,41020,48935
2026-08-23T12:18:40Z,7384,41020,48935
2026-08-23T12:18:42Z,7384,41020,48935
2026-08-23T12:18:44Z,7384,41020,48935
2026-08-23T12:18:46Z,7384,41020,48935
2026-08-23T12:18:48Z,7384,41020,48935
2026-08-23T12:18:50Z,7384,41020,48935
2026-08-23T12:18:52Z,7384,41020,48935
2026-08-23T12:18:54Z,7384,41020,48935
2026-08-23T12:18:56Z,7384,41020,48935
2026-08-23T12:18:58Z,7384,41020,48935
2026-08-23T12:19:00Z,7384,41020,48935
2026-08-23T12:19:02Z,7384,41020,48935
2026-08-23T12:19:04Z,7384,41020,48935
2026-08-23T12:19:06Z,7384,41020,48935
2026-08-23T12:19:08Z,7384,41020,48935
2026-08-23T12:19:10Z,7384,41020,48935
2026-08-23T12:19:12Z,7384,41020,48935
2026-08-23T12:19:14Z,7384,41020,48935
2026-08-23T12:19:16Z,7384,41020,48935
2026-08-23T12:19:19Z,7384,41020,48935
2026-08-23T12:19:21Z,7384,41020,48935
2026-08-23T12:19:23Z,7384,41020,48935
2026-08-23T12:19:25Z,7384,41020,48935
2026-08-23T12:19:27Z,7384,41020,48935
2026-08-23T12:19:29Z,7384,41020,48935
2026-08-23T12:19:31Z,7384,41020,48935
2026-08-23T12:19:33Z,7384,41020,48935
2026-08-23T12:19:35Z,7384,41020,48935
2026-08-23T12:19:37Z,7384,41020,48935
2026-08-23T12:19:39Z,7384,41020,48935
2026-08-23T12:19:41Z,7384,41020,48935
2026-08-23T12:19:43Z,7384,41020,48935
2026-08-23T12:19:45Z,7384,41020,48935
2026-08-23T12:19:47Z,7384,41020,48935
2026-08-23T12:19:49Z,7384,41020,48935
2026-08-23T12:19:51Z,7384,41020,48935
2026-08-23T12:19:53Z,7384,41020,48935
2026-08-23T12:19:55Z,7384,41020,48935
2026-08-23T12:19:57Z,7386,41018,48935
2026-08-23T12:19:59Z,7386,41018,48935
2026-08-23T12:20:01Z,7386,41018,48935
2026-08-23T12:20:03Z,7254,41150,48935
2026-08-23T12:20:05Z,7254,41150,48935
2026-08-23T12:20:07Z,7254,41150,48935
2026-08-23T12:20:09Z,7254,41150,48935
2026-08-23T12:20:11Z,7254,41150,48935
2026-08-23T12:20:13Z,7384,41020,48935
2026-08-23T12:20:15Z,7384,41020,48935
2026-08-23T12:20:17Z,7384,41020,48935
2026-08-23T12:20:19Z,7384,41020,48935
2026-08-23T12:20:21Z,7384,41020,48935
2026-08-23T12:20:23Z,7384,41020,48935
2026-08-23T12:20:25Z,7384,41020,48935
2026-08-23T12:20:27Z,7384,41020,48935
2026-08-23T12:20:29Z,7384,41020,48935
2026-08-23T12:20:31Z,7384,41020,48935
2026-08-23T12:20:33Z,7384,41020,48935
2026-08-23T12:20:35Z,7384,41020,48935
2026-08-23T12:20:37Z,7384,41020,48935
2026-08-23T12:20:39Z,7384,41020,48935
2026-08-23T12:20:41Z,7384,41020,48935
2026-08-23T12:20:43Z,7384,41020,48935
2026-08-23T12:20:45Z,7384,41020,48935
2026-08-23T12:20:48Z,7384,41020,48935
2026-08-23T12:20:50Z,7384,41020,48935
2026-08-23T12:20:52Z,7384,41020,48935
2026-08-23T12:20:54Z,7384,41020,48935
2026-08-23T12:20:56Z,7384,41020,48935
2026-08-23T12:20:58Z,7384,41020,48935
2026-08-23T12:21:00Z,7384,41020,48935
2026-08-23T12:21:02Z,7384,41020,48935
2026-08-23T12:21:04Z,7384,41020,48935
2026-08-23T12:21:06Z,7384,41020,48935
2026-08-23T12:21:08Z,7384,41020,48935
2026-08-23T12:21:10Z,7384,41020,48935
2026-08-23T12:21:12Z,7384,41020,48935
2026-08-23T12:21:14Z,7384,41020,48935
2026-08-23T12:21:16Z,7384,41020,48935
2026-08-23T12:21:18Z,7384,41020,48935
2026-08-23T12:21:20Z,7384,41020,48935
2026-08-23T12:21:22Z,7384,41020,48935
2026-08-23T12:21:24Z,7384,41020,48935
2026-08-23T12:21:26Z,7384,41020,48935
2026-08-23T12:21:28Z,7384,41020,48935
2026-08-23T12:21:30Z,7384,41020,48935
2026-08-23T12:21:32Z,7384,41020,48935
2026-08-23T12:21:34Z,7384,41020,48935
2026-08-23T12:21:36Z,7384,41020,48935
2026-08-23T12:21:38Z,7384,41020,48935
2026-08-23T12:21:40Z,7384,41020,48935
2026-08-23T12:21:42Z,7384,41020,48935
2026-08-23T12:21:44Z,7384,41020,48935
2026-08-23T12:21:46Z,7384,41020,48935
2026-08-23T12:21:48Z,7384,41020,48935
2026-08-23T12:21:50Z,7384,41020,48935
2026-08-23T12:21:52Z,7384,41020,48935
2026-08-23T12:21:54Z,7384,41020,48935
2026-08-23T12:21:56Z,7384,41020,48935
2026-08-23T12:21:58Z,7384,41020,48935
2026-08-23T12:22:00Z,7384,41020,48935
2026-08-23T12:22:02Z,7384,41020,48935
2026-08-23T12:22:04Z,7384,41020,48935
2026-08-23T12:22:06Z,7384,41020,48935
2026-08-23T12:22:08Z,7384,41020,48935
2026-08-23T12:22:10Z,7384,41020,48935
2026-08-23T12:22:12Z,7384,41020,48935
2026-08-23T12:22:14Z,7384,41020,48935
2026-08-23T12:22:17Z,7384,41020,48935
2026-08-23T12:22:19Z,7384,41020,48935
2026-08-23T12:22:21Z,7384,41020,48935
2026-08-23T12:22:23Z,7384,41020,48935
2026-08-23T12:22:25Z,7384,41020,48935
2026-08-23T12:22:27Z,7384,41020,48935
2026-08-23T12:22:29Z,7384,41020,48935
2026-08-23T12:22:31Z,7384,41020,48935
2026-08-23T12:22:33Z,7384,41020,48935
2026-08-23T12:22:35Z,7254,41150,48935
2026-08-23T12:22:37Z,7254,41150,48935
2026-08-23T12:22:39Z,7254,41150,48935
2026-08-23T12:22:41Z,7254,41150,48935
2026-08-23T12:22:43Z,7254,41150,48935
2026-08-23T12:22:45Z,7256,41148,48935
2026-08-23T12:22:47Z,7384,41020,48935
2026-08-23T12:22:49Z,7384,41020,48935
2026-08-23T12:22:51Z,7384,41020,48935
2026-08-23T12:22:53Z,7384,41020,48935
2026-08-23T12:22:55Z,7384,41020,48935
2026-08-23T12:22:57Z,7384,41020,48935
2026-08-23T12:22:59Z,7384,41020,48935
2026-08-23T12:23:01Z,7384,41020,48935
2026-08-23T12:23:03Z,7384,41020,48935
2026-08-23T12:23:05Z,7384,41020,48935
2026-08-23T12:23:07Z,7384,41020,48935
2026-08-23T12:23:09Z,7384,41020,48935
2026-08-23T12:23:11Z,7384,41020,48935
2026-08-23T12:23:13Z,7384,41020,48935
2026-08-23T12:23:15Z,7384,41020,48935
2026-08-23T12:23:17Z,7384,41020,48935
2026-08-23T12:23:19Z,7384,41020,48935
2026-08-23T12:23:21Z,7384,41020,48935
2026-08-23T12:23:23Z,7384,41020,48935
2026-08-23T12:23:25Z,7384,41020,48935
2026-08-23T12:23:27Z,7384,41020,48935
2026-08-23T12:23:29Z,7384,41020,48935
2026-08-23T12:23:31Z,7384,41020,48935
2026-08-23T12:23:33Z,7384,41020,48935
2026-08-23T12:23:35Z,7384,41020,48935
2026-08-23T12:23:37Z,7384,41020,48935
2026-08-23T12:23:39Z,7384,41020,48935
2026-08-23T12:23:41Z,7384,41020,48935
2026-08-23T12:23:44Z,7384,41020,48935
2026-08-23T12:23:46Z,7384,41020,48935
2026-08-23T12:23:48Z,7384,41020,48935
2026-08-23T12:23:50Z,7384,41020,48935
2026-08-23T12:23:52Z,7384,41020,48935
2026-08-23T12:23:54Z,7384,41020,48935
2026-08-23T12:23:56Z,7384,41020,48935
2026-08-23T12:23:58Z,7384,41020,48935
2026-08-23T12:24:00Z,7384,41020,48935
2026-08-23T12:24:02Z,7384,41020,48935
2026-08-23T12:24:04Z,7384,41020,48935
2026-08-23T12:24:06Z,7384,41020,48935
2026-08-23T12:24:08Z,7384,41020,48935
2026-08-23T12:24:10Z,7384,41020,48935
2026-08-23T12:24:12Z,7384,41020,48935
2026-08-23T12:24:14Z,7384,41020,48935
2026-08-23T12:24:16Z,7384,41020,48935
2026-08-23T12:24:18Z,7384,41020,48935
2026-08-23T12:24:20Z,7384,41020,48935
2026-08-23T12:24:22Z,7384,41020,48935
2026-08-23T12:24:24Z,7384,41020,48935
2026-08-23T12:24:26Z,7384,41020,48935
2026-08-23T12:24:28Z,7384,41020,48935
2026-08-23T12:24:30Z,7384,41020,48935
2026-08-23T12:24:32Z,7384,41020,48935
2026-08-23T12:24:34Z,7384,41020,48935
2026-08-23T12:24:36Z,7384,41020,48935
2026-08-23T12:24:38Z,7384,41020,48935
2026-08-23T12:24:40Z,7384,41020,48935
2026-08-23T12:24:42Z,7384,41020,48935
2026-08-23T12:24:44Z,7384,41020,48935
2026-08-23T12:24:46Z,7384,41020,48935
2026-08-23T12:24:48Z,7384,41020,48935
2026-08-23T12:24:50Z,7384,41020,48935
2026-08-23T12:24:52Z,7384,41020,48935
2026-08-23T12:24:54Z,7384,41020,48935
2026-08-23T12:24:56Z,7384,41020,48935
2026-08-23T12:24:58Z,7384,41020,48935
2026-08-23T12:25:00Z,7384,41020,48935
2026-08-23T12:25:02Z,7384,41020,48935
2026-08-23T12:25:04Z,7384,41020,48935
2026-08-23T12:25:06Z,7384,41020,48935
2026-08-23T12:25:08Z,7384,41020,48935
2026-08-23T12:25:10Z,7384,41020,48935
2026-08-23T12:25:13Z,7384,41020,48935
2026-08-23T12:25:15Z,7384,41020,48935
2026-08-23T12:25:17Z,7384,41020,48935
2026-08-23T12:25:19Z,7254,41150,48935
2026-08-23T12:25:21Z,7254,41150,48935
2026-08-23T12:25:23Z,7254,41150,48935
2026-08-23T12:25:25Z,7254,41150,48935
2026-08-23T12:25:27Z,7254,41150,48935
2026-08-23T12:25:29Z,7256,41148,48935
2026-08-23T12:25:31Z,7384,41020,48935
2026-08-23T12:25:33Z,7384,41020,48935
2026-08-23T12:25:35Z,7384,41020,48935
2026-08-23T12:25:37Z,7384,41020,48935
2026-08-23T12:25:39Z,7384,41020,48935
2026-08-23T12:25:41Z,7384,41020,48935
2026-08-23T12:25:43Z,7384,41020,48935
2026-08-23T12:25:45Z,7384,41020,48935
2026-08-23T12:25:47Z,7384,41020,48935
2026-08-23T12:25:49Z,7384,41020,48935
2026-08-23T12:25:51Z,7384,41020,48935
2026-08-23T12:25:53Z,7384,41020,48935
2026-08-23T12:25:55Z,7384,41020,48935
2026-08-23T12:25:57Z,7384,41020,48935
2026-08-23T12:25:59Z,7384,41020,48935
2026-08-23T12:26:01Z,7384,41020,48935
2026-08-23T12:26:03Z,7384,41020,48935
2026-08-23T12:26:05Z,7384,41020,48935
2026-08-23T12:26:07Z,7384,41020,48935
2026-08-23T12:26:09Z,7384,41020,48935
2026-08-23T12:26:11Z,7384,41020,48935
2026-08-23T12:26:13Z,7384,41020,48935
2026-08-23T12:26:15Z,7384,41020,48935
2026-08-23T12:26:17Z,7384,41020,48935
2026-08-23T12:26:19Z,7384,41020,48935
2026-08-23T12:26:21Z,7384,41020,48935
2026-08-23T12:26:23Z,7384,41020,48935
2026-08-23T12:26:25Z,7384,41020,48935
2026-08-23T12:26:27Z,7384,41020,48935
2026-08-23T12:26:29Z,7384,41020,48935
2026-08-23T12:26:31Z,7384,41020,48935
2026-08-23T12:26:33Z,7384,41020,48935
2026-08-23T12:26:35Z,7384,41020,48935
2026-08-23T12:26:37Z,7384,41020,48935
2026-08-23T12:26:39Z,7384,41020,48935
2026-08-23T12:26:42Z,7384,41020,48935
2026-08-23T12:26:44Z,7384,41020,48935
2026-08-23T12:26:46Z,7384,41020,48935
2026-08-23T12:26:48Z,7384,41020,48935
2026-08-23T12:26:50Z,7384,41020,48935
2026-08-23T12:26:52Z,7384,41020,48935
2026-08-23T12:26:54Z,7384,41020,48935
2026-08-23T12:26:56Z,7384,41020,48935
2026-08-23T12:26:58Z,7384,41020,48935
2026-08-23T12:27:00Z,7384,41020,48935
2026-08-23T12:27:02Z,7384,41020,48935
2026-08-23T12:27:04Z,7384,41020,48935
2026-08-23T12:27:06Z,7384,41020,48935
2026-08-23T12:27:08Z,7384,41020,48935
2026-08-23T12:27:10Z,7384,41020,48935
2026-08-23T12:27:12Z,7384,41020,48935
2026-08-23T12:27:14Z,7384,41020,48935
2026-08-23T12:27:16Z,7384,41020,48935
2026-08-23T12:27:18Z,7384,41020,48935
2026-08-23T12:27:20Z,7384,41020,48935
2026-08-23T12:27:22Z,7384,41020,48935
2026-08-23T12:27:24Z,7384,41020,48935
2026-08-23T12:27:26Z,7384,41020,48935
2026-08-23T12:27:28Z,7384,41020,48935
2026-08-23T12:27:30Z,7384,41020,48935
2026-08-23T12:27:32Z,7384,41020,48935
2026-08-23T12:27:34Z,7384,41020,48935
2026-08-23T12:27:36Z,7384,41020,48935
2026-08-23T12:27:38Z,7384,41020,48935
2026-08-23T12:27:40Z,7384,41020,48935
2026-08-23T12:27:42Z,7384,41020,48935
2026-08-23T12:27:44Z,7384,41020,48935
2026-08-23T12:27:46Z,7384,41020,48935
2026-08-23T12:27:48Z,7384,41020,48935
2026-08-23T12:27:50Z,7384,41020,48935
2026-08-23T12:27:52Z,7384,41020,48935
2026-08-23T12:27:54Z,7384,41020,48935
2026-08-23T12:27:56Z,7384,41020,48935
2026-08-23T12:27:58Z,7384,41020,48935
2026-08-23T12:28:00Z,7384,41020,48935
2026-08-23T12:28:02Z,7254,41150,48935
2026-08-23T12:28:04Z,7254,41150,48935
2026-08-23T12:28:06Z,7254,41150,48935
2026-08-23T12:28:09Z,7254,41150,48935
2026-08-23T12:28:11Z,7254,41150,48935
2026-08-23T12:28:13Z,7254,41150,48935
2026-08-23T12:28:15Z,7384,41020,48935
2026-08-23T12:28:17Z,7384,41020,48935
2026-08-23T12:28:19Z,7384,41020,48935
2026-08-23T12:28:21Z,7384,41020,48935
2026-08-23T12:28:23Z,7384,41020,48935
2026-08-23T12:28:25Z,7384,41020,48935
2026-08-23T12:28:27Z,7384,41020,48935
2026-08-23T12:28:29Z,7384,41020,48935
2026-08-23T12:28:31Z,7384,41020,48935
2026-08-23T12:28:33Z,7384,41020,48935
2026-08-23T12:28:35Z,7384,41020,48935
2026-08-23T12:28:37Z,7384,41020,48935
2026-08-23T12:28:39Z,7384,41020,48935
2026-08-23T12:28:41Z,7384,41020,48935
2026-08-23T12:28:43Z,7384,41020,48935
2026-08-23T12:28:45Z,7384,41020,48935
2026-08-23T12:28:47Z,7384,41020,48935
2026-08-23T12:28:49Z,7384,41020,48935
2026-08-23T12:28:51Z,7384,41020,48935
2026-08-23T12:28:53Z,7384,41020,48935
2026-08-23T12:28:55Z,7384,41020,48935
2026-08-23T12:28:57Z,7384,41020,48935
2026-08-23T12:28:59Z,7384,41020,48935
2026-08-23T12:29:01Z,7384,41020,48935
2026-08-23T12:29:03Z,7384,41020,48935
2026-08-23T12:29:05Z,7384,41020,48935
2026-08-23T12:29:07Z,7384,41020,48935
2026-08-23T12:29:09Z,7384,41020,48935
2026-08-23T12:29:11Z,7384,41020,48935
2026-08-23T12:29:13Z,7384,41020,48935
2026-08-23T12:29:15Z,7384,41020,48935
2026-08-23T12:29:17Z,7384,41020,48935
2026-08-23T12:29:19Z,7384,41020,48935
2026-08-23T12:29:21Z,7384,41020,48935
2026-08-23T12:29:23Z,7384,41020,48935
2026-08-23T12:29:25Z,7384,41020,48935
2026-08-23T12:29:27Z,7384,41020,48935
2026-08-23T12:29:29Z,7384,41020,48935
2026-08-23T12:29:31Z,7384,41020,48935
2026-08-23T12:29:33Z,7384,41020,48935
2026-08-23T12:29:35Z,7384,41020,48935
2026-08-23T12:29:38Z,7384,41020,48935
2026-08-23T12:29:40Z,7384,41020,48935
2026-08-23T12:29:42Z,7384,41020,48935
2026-08-23T12:29:44Z,7384,41020,48935
2026-08-23T12:29:46Z,7384,41020,48935
2026-08-23T12:29:48Z,7384,41020,48935
2026-08-23T12:29:50Z,7384,41020,48935
2026-08-23T12:29:52Z,7384,41020,48935
2026-08-23T12:29:54Z,7384,41020,48935
2026-08-23T12:29:56Z,7384,41020,48935
2026-08-23T12:29:58Z,7384,41020,48935
2026-08-23T12:30:00Z,7384,41020,48935
2026-08-23T12:30:02Z,7384,41020,48935
2026-08-23T12:30:04Z,7384,41020,48935
2026-08-23T12:30:06Z,7384,41020,48935
2026-08-23T12:30:08Z,7384,41020,48935
2026-08-23T12:30:10Z,7384,41020,48935
2026-08-23T12:30:12Z,7384,41020,48935
2026-08-23T12:30:14Z,7384,41020,48935
2026-08-23T12:30:16Z,7384,41020,48935
2026-08-23T12:30:18Z,7384,41020,48935
2026-08-23T12:30:20Z,7384,41020,48935
2026-08-23T12:30:22Z,7384,41020,48935
2026-08-23T12:30:24Z,7384,41020,48935
2026-08-23T12:30:26Z,7384,41020,48935
2026-08-23T12:30:28Z,7384,41020,48935
2026-08-23T12:30:30Z,7254,41150,48935
2026-08-23T12:30:32Z,7254,41150,48935
2026-08-23T12:30:34Z,7254,41150,48935
2026-08-23T12:30:36Z,7254,41150,48935
2026-08-23T12:30:38Z,7254,41150,48935
2026-08-23T12:30:40Z,7254,41150,48935
2026-08-23T12:30:42Z,7384,41020,48935
2026-08-23T12:30:44Z,7384,41020,48935
2026-08-23T12:30:46Z,7384,41020,48935
2026-08-23T12:30:48Z,7384,41020,48935
2026-08-23T12:30:50Z,7384,41020,48935
2026-08-23T12:30:52Z,7384,41020,48935
2026-08-23T12:30:54Z,7384,41020,48935
2026-08-23T12:30:56Z,7384,41020,48935
2026-08-23T12:30:58Z,7384,41020,48935
2026-08-23T12:31:00Z,7384,41020,48935
2026-08-23T12:31:02Z,7384,41020,48935
2026-08-23T12:31:05Z,7384,41020,48935
2026-08-23T12:31:07Z,7384,41020,48935
2026-08-23T12:31:09Z,7384,41020,48935
2026-08-23T12:31:11Z,7384,41020,48935
2026-08-23T12:31:13Z,7384,41020,48935
2026-08-23T12:31:15Z,7384,41020,48935
2026-08-23T12:31:17Z,7384,41020,48935
2026-08-23T12:31:19Z,7384,41020,48935
2026-08-23T12:31:21Z,7384,41020,48935
2026-08-23T12:31:23Z,7384,41020,48935
2026-08-23T12:31:25Z,7384,41020,48935
2026-08-23T12:31:27Z,7384,41020,48935
2026-08-23T12:31:29Z,7384,41020,48935
2026-08-23T12:31:31Z,7384,41020,48935
2026-08-23T12:31:33Z,7384,41020,48935
2026-08-23T12:31:35Z,7384,41020,48935
2026-08-23T12:31:37Z,7384,41020,48935
2026-08-23T12:31:39Z,7384,41020,48935
2026-08-23T12:31:41Z,7384,41020,48935
2026-08-23T12:31:43Z,7384,41020,48935
2026-08-23T12:31:45Z,7384,41020,48935
2026-08-23T12:31:47Z,7384,41020,48935
2026-08-23T12:31:49Z,7384,41020,48935
2026-08-23T12:31:51Z,7384,41020,48935
2026-08-23T12:31:53Z,7384,41020,48935
2026-08-23T12:31:55Z,7384,41020,48935
2026-08-23T12:31:57Z,7384,41020,48935
2026-08-23T12:31:59Z,7384,41020,48935
2026-08-23T12:32:01Z,7384,41020,48935
2026-08-23T12:32:03Z,7384,41020,48935
2026-08-23T12:32:05Z,7384,41020,48935
2026-08-23T12:32:07Z,7384,41020,48935
2026-08-23T12:32:09Z,7384,41020,48935
2026-08-23T12:32:11Z,7384,41020,48935
2026-08-23T12:32:13Z,7384,41020,48935
2026-08-23T12:32:15Z,7384,41020,48935
2026-08-23T12:32:17Z,7384,41020,48935
2026-08-23T12:32:19Z,7384,41020,48935
2026-08-23T12:32:21Z,7384,41020,48935
2026-08-23T12:32:23Z,7384,41020,48935
2026-08-23T12:32:25Z,7384,41020,48935
2026-08-23T12:32:27Z,7384,41020,48935
2026-08-23T12:32:29Z,7384,41020,48935
2026-08-23T12:32:31Z,7384,41020,48935
2026-08-23T12:32:34Z,7384,41020,48935
2026-08-23T12:32:36Z,7384,41020,48935
2026-08-23T12:32:38Z,7384,41020,48935
2026-08-23T12:32:40Z,7384,41020,48935
2026-08-23T12:32:42Z,7384,41020,48935
2026-08-23T12:32:44Z,7384,41020,48935
2026-08-23T12:32:46Z,7384,41020,48935
2026-08-23T12:32:48Z,7384,41020,48935
2026-08-23T12:32:50Z,7384,41020,48935
2026-08-23T12:32:52Z,7384,41020,48935
2026-08-23T12:32:54Z,7384,41020,48935
2026-08-23T12:32:56Z,7384,41020,48935
2026-08-23T12:32:58Z,7384,41020,48935
2026-08-23T12:33:00Z,7384,41020,48935
2026-08-23T12:33:02Z,7384,41020,48935
2026-08-23T12:33:04Z,7384,41020,48935
2026-08-23T12:33:06Z,7384,41020,48935
2026-08-23T12:33:08Z,7384,41020,48935
2026-08-23T12:33:10Z,7254,41150,48935
2026-08-23T12:33:12Z,7254,41150,48935
2026-08-23T12:33:14Z,7254,41150,48935
2026-08-23T12:33:16Z,7254,41150,48935
2026-08-23T12:33:18Z,7254,41150,48935
2026-08-23T12:33:20Z,7384,41020,48935
2026-08-23T12:33:22Z,7384,41020,48935
2026-08-23T12:33:24Z,7384,41020,48935
2026-08-23T12:33:26Z,7384,41020,48935
2026-08-23T12:33:28Z,7384,41020,48935
2026-08-23T12:33:30Z,7384,41020,48935
2026-08-23T12:33:32Z,7384,41020,48935
2026-08-23T12:33:34Z,7384,41020,48935
2026-08-23T12:33:36Z,7384,41020,48935
2026-08-23T12:33:38Z,7384,41020,48935
2026-08-23T12:33:40Z,7384,41020,48935
2026-08-23T12:33:42Z,7384,41020,48935
2026-08-23T12:33:44Z,7384,41020,48935
2026-08-23T12:33:46Z,7384,41020,48935
2026-08-23T12:33:48Z,7384,41020,48935
2026-08-23T12:33:50Z,7384,41020,48935
2026-08-23T12:33:52Z,7384,41020,48935
2026-08-23T12:33:54Z,7384,41020,48935
2026-08-23T12:33:56Z,7384,41020,48935
2026-08-23T12:33:58Z,7384,41020,48935
2026-08-23T12:34:00Z,7384,41020,48935
2026-08-23T12:34:03Z,7384,41020,48935
2026-08-23T12:34:05Z,7384,41020,48935
2026-08-23T12:34:07Z,7384,41020,48935
2026-08-23T12:34:09Z,7384,41020,48935
2026-08-23T12:34:11Z,7384,41020,48935
2026-08-23T12:34:13Z,7384,41020,48935
2026-08-23T12:34:15Z,7384,41020,48935
2026-08-23T12:34:17Z,7384,41020,48935
2026-08-23T12:34:19Z,7384,41020,48935
2026-08-23T12:34:21Z,7384,41020,48935
2026-08-23T12:34:23Z,7384,41020,48935
2026-08-23T12:34:25Z,7384,41020,48935
2026-08-23T12:34:27Z,7384,41020,48935
2026-08-23T12:34:29Z,7384,41020,48935
2026-08-23T12:34:31Z,7384,41020,48935
2026-08-23T12:34:33Z,7384,41020,48935
2026-08-23T12:34:35Z,7384,41020,48935
2026-08-23T12:34:37Z,7384,41020,48935
2026-08-23T12:34:39Z,7384,41020,48935
2026-08-23T12:34:41Z,7384,41020,48935
2026-08-23T12:34:43Z,7384,41020,48935
2026-08-23T12:34:45Z,7384,41020,48935
2026-08-23T12:34:47Z,7384,41020,48935
2026-08-23T12:34:49Z,7384,41020,48935
2026-08-23T12:34:51Z,7384,41020,48935
2026-08-23T12:34:53Z,7384,41020,48935
2026-08-23T12:34:55Z,7384,41020,48935
2026-08-23T12:34:57Z,7384,41020,48935
2026-08-23T12:34:59Z,7384,41020,48935
2026-08-23T12:35:01Z,7384,41020,48935
2026-08-23T12:35:03Z,7384,41020,48935
2026-08-23T12:35:05Z,7384,41020,48935
2026-08-23T12:35:07Z,7384,41020,48935
2026-08-23T12:35:09Z,7384,41020,48935
2026-08-23T12:35:11Z,7384,41020,48935
2026-08-23T12:35:13Z,7384,41020,48935
2026-08-23T12:35:15Z,7384,41020,48935
2026-08-23T12:35:17Z,7384,41020,48935
2026-08-23T12:35:19Z,7384,41020,48935
2026-08-23T12:35:21Z,7384,41020,48935
2026-08-23T12:35:23Z,7384,41020,48935
2026-08-23T12:35:25Z,7384,41020,48935
2026-08-23T12:35:27Z,7384,41020,48935
2026-08-23T12:35:29Z,7384,41020,48935
2026-08-23T12:35:32Z,7384,41020,48935
2026-08-23T12:35:34Z,7384,41020,48935
2026-08-23T12:35:36Z,7384,41020,48935
2026-08-23T12:35:38Z,7384,41020,48935
2026-08-23T12:35:40Z,7384,41020,48935
2026-08-23T12:35:42Z,7384,41020,48935
2026-08-23T12:35:44Z,7384,41020,48935
2026-08-23T12:35:46Z,7384,41020,48935
2026-08-23T12:35:48Z,7384,41020,48935
2026-08-23T12:35:50Z,7384,41020,48935
2026-08-23T12:35:52Z,7384,41020,48935
2026-08-23T12:35:54Z,7384,41020,48935
2026-08-23T12:35:56Z,7254,41150,48935
2026-08-23T12:35:58Z,7254,41150,48935
2026-08-23T12:36:00Z,7254,41150,48935
2026-08-23T12:36:02Z,7254,41150,48935
2026-08-23T12:36:04Z,7254,41150,48935
2026-08-23T12:36:06Z,7384,41020,48935
2026-08-23T12:36:08Z,7384,41020,48935
2026-08-23T12:36:10Z,7384,41020,48935
2026-08-23T12:36:12Z,7384,41020,48935
2026-08-23T12:36:14Z,7384,41020,48935
2026-08-23T12:36:16Z,7384,41020,48935
2026-08-23T12:36:18Z,7384,41020,48935
2026-08-23T12:36:20Z,7384,41020,48935
2026-08-23T12:36:22Z,7384,41020,48935
2026-08-23T12:36:24Z,7384,41020,48935
2026-08-23T12:36:26Z,7384,41020,48935
2026-08-23T12:36:28Z,7384,41020,48935
2026-08-23T12:36:30Z,7384,41020,48935
2026-08-23T12:36:32Z,7384,41020,48935
2026-08-23T12:36:34Z,7384,41020,48935
2026-08-23T12:36:36Z,7384,41020,48935
2026-08-23T12:36:38Z,7384,41020,48935
2026-08-23T12:36:40Z,7384,41020,48935
2026-08-23T12:36:42Z,7384,41020,48935
2026-08-23T12:36:44Z,7384,41020,48935
2026-08-23T12:36:46Z,7384,41020,48935
2026-08-23T12:36:48Z,7384,41020,48935
2026-08-23T12:36:50Z,7384,41020,48935
2026-08-23T12:36:52Z,7384,41020,48935
2026-08-23T12:36:54Z,7384,41020,48935
2026-08-23T12:36:56Z,7384,41020,48935
2026-08-23T12:36:58Z,7384,41020,48935
2026-08-23T12:37:01Z,7384,41020,48935
2026-08-23T12:37:03Z,7384,41020,48935
2026-08-23T12:37:05Z,7384,41020,48935
2026-08-23T12:37:07Z,7384,41020,48935
2026-08-23T12:37:09Z,7384,41020,48935
2026-08-23T12:37:11Z,7384,41020,48935
2026-08-23T12:37:13Z,7384,41020,48935
2026-08-23T12:37:15Z,7384,41020,48935
2026-08-23T12:37:17Z,7384,41020,48935
2026-08-23T12:37:19Z,7384,41020,48935
2026-08-23T12:37:21Z,7384,41020,48935
2026-08-23T12:37:23Z,7384,41020,48935
2026-08-23T12:37:25Z,7384,41020,48935
2026-08-23T12:37:27Z,7384,41020,48935
2026-08-23T12:37:29Z,7384,41020,48935
2026-08-23T12:37:31Z,7384,41020,48935
2026-08-23T12:37:33Z,7384,41020,48935
2026-08-23T12:37:35Z,7384,41020,48935
2026-08-23T12:37:37Z,7384,41020,48935
2026-08-23T12:37:39Z,7384,41020,48935
2026-08-23T12:37:41Z,7384,41020,48935
2026-08-23T12:37:43Z,7384,41020,48935
2026-08-23T12:37:45Z,7384,41020,48935
2026-08-23T12:37:47Z,7384,41020,48935
2026-08-23T12:37:49Z,7384,41020,48935
2026-08-23T12:37:51Z,7384,41020,48935
2026-08-23T12:37:53Z,7384,41020,48935
2026-08-23T12:37:55Z,7384,41020,48935
2026-08-23T12:37:57Z,7384,41020,48935
2026-08-23T12:37:59Z,7384,41020,48935
2026-08-23T12:38:01Z,7384,41020,48935
2026-08-23T12:38:03Z,7384,41020,48935
2026-08-23T12:38:05Z,7384,41020,48935
2026-08-23T12:38:07Z,7384,41020,48935
2026-08-23T12:38:09Z,7384,41020,48935
2026-08-23T12:38:11Z,7384,41020,48935
2026-08-23T12:38:13Z,7384,41020,48935
2026-08-23T12:38:15Z,7384,41020,48935
2026-08-23T12:38:17Z,7384,41020,48935
2026-08-23T12:38:19Z,7384,41020,48935
2026-08-23T12:38:21Z,7384,41020,48935
2026-08-23T12:38:23Z,7384,41020,48935
2026-08-23T12:38:25Z,7384,41020,48935
2026-08-23T12:38:27Z,7384,41020,48935
2026-08-23T12:38:30Z,7384,41020,48935
2026-08-23T12:38:32Z,7384,41020,48935
2026-08-23T12:38:34Z,7384,41020,48935
2026-08-23T12:38:36Z,7254,41150,48935
2026-08-23T12:38:38Z,7254,41150,48935
2026-08-23T12:38:40Z,7254,41150,48935
2026-08-23T12:38:42Z,7254,41150,48935
2026-08-23T12:38:44Z,7254,41150,48935
2026-08-23T12:38:46Z,7384,41020,48935
2026-08-23T12:38:48Z,7384,41020,48935
2026-08-23T12:38:50Z,7384,41020,48935
2026-08-23T12:38:52Z,7384,41020,48935
2026-08-23T12:38:54Z,7384,41020,48935
2026-08-23T12:38:56Z,7384,41020,48935
2026-08-23T12:38:58Z,7384,41020,48935
2026-08-23T12:39:00Z,7384,41020,48935
2026-08-23T12:39:02Z,7384,41020,48935
2026-08-23T12:39:04Z,7384,41020,48935
2026-08-23T12:39:06Z,7384,41020,48935
2026-08-23T12:39:08Z,7384,41020,48935
2026-08-23T12:39:10Z,7384,41020,48935
2026-08-23T12:39:12Z,7384,41020,48935
2026-08-23T12:39:14Z,7384,41020,48935
2026-08-23T12:39:16Z,7384,41020,48935
2026-08-23T12:39:18Z,7384,41020,48935
2026-08-23T12:39:20Z,7384,41020,48935
2026-08-23T12:39:22Z,7384,41020,48935
2026-08-23T12:39:24Z,7384,41020,48935
2026-08-23T12:39:26Z,7384,41020,48935
2026-08-23T12:39:28Z,7384,41020,48935
2026-08-23T12:39:30Z,7384,41020,48935
2026-08-23T12:39:32Z,7384,41020,48935
2026-08-23T12:39:34Z,7384,41020,48935
2026-08-23T12:39:36Z,7384,41020,48935
2026-08-23T12:39:38Z,7384,41020,48935
2026-08-23T12:39:40Z,7384,41020,48935
2026-08-23T12:39:42Z,7384,41020,48935
2026-08-23T12:39:44Z,7384,41020,48935
2026-08-23T12:39:46Z,7384,41020,48935
2026-08-23T12:39:48Z,7384,41020,48935
2026-08-23T12:39:50Z,7384,41020,48935
2026-08-23T12:39:52Z,7384,41020,48935
2026-08-23T12:39:54Z,7384,41020,48935
2026-08-23T12:39:57Z,7384,41020,48935
2026-08-23T12:39:59Z,7384,41020,48935
2026-08-23T12:40:01Z,7384,41020,48935
2026-08-23T12:40:03Z,7384,41020,48935
2026-08-23T12:40:05Z,7384,41020,48935
2026-08-23T12:40:07Z,7384,41020,48935
2026-08-23T12:40:09Z,7384,41020,48935
2026-08-23T12:40:11Z,7384,41020,48935
2026-08-23T12:40:13Z,7384,41020,48935
2026-08-23T12:40:15Z,7384,41020,48935
2026-08-23T12:40:17Z,7384,41020,48935
2026-08-23T12:40:19Z,7384,41020,48935
2026-08-23T12:40:21Z,7384,41020,48935
2026-08-23T12:40:23Z,7384,41020,48935
2026-08-23T12:40:25Z,7384,41020,48935
2026-08-23T12:40:27Z,7384,41020,48935
2026-08-23T12:40:29Z,7384,41020,48935
2026-08-23T12:40:31Z,7384,41020,48935
2026-08-23T12:40:33Z,7384,41020,48935
2026-08-23T12:40:35Z,7384,41020,48935
2026-08-23T12:40:37Z,7384,41020,48935
2026-08-23T12:40:39Z,7384,41020,48935
2026-08-23T12:40:41Z,7384,41020,48935
2026-08-23T12:40:43Z,7384,41020,48935
2026-08-23T12:40:45Z,7384,41020,48935
2026-08-23T12:40:47Z,7384,41020,48935
2026-08-23T12:40:49Z,7384,41020,48935
2026-08-23T12:40:51Z,7384,41020,48935
2026-08-23T12:40:53Z,7384,41020,48935
2026-08-23T12:40:55Z,7384,41020,48935
2026-08-23T12:40:57Z,7384,41020,48935
2026-08-23T12:40:59Z,7384,41020,48935
2026-08-23T12:41:01Z,7384,41020,48935
2026-08-23T12:41:03Z,7384,41020,48935
2026-08-23T12:41:05Z,7384,41020,48935
2026-08-23T12:41:07Z,7384,41020,48935
2026-08-23T12:41:09Z,7384,41020,48935
2026-08-23T12:41:11Z,7384,41020,48935
2026-08-23T12:41:13Z,7384,41020,48935
2026-08-23T12:41:15Z,7384,41020,48935
2026-08-23T12:41:17Z,7384,41020,48935
2026-08-23T12:41:19Z,7384,41020,48935
2026-08-23T12:41:21Z,7384,41020,48935
2026-08-23T12:41:23Z,7384,41020,48935
2026-08-23T12:41:26Z,7384,41020,48935
2026-08-23T12:41:28Z,7384,41020,48935
2026-08-23T12:41:30Z,7384,41020,48935
2026-08-23T12:41:32Z,7384,41020,48935
2026-08-23T12:41:34Z,7384,41020,48935
2026-08-23T12:41:36Z,7384,41020,48935
2026-08-23T12:41:38Z,7384,41020,48935
2026-08-23T12:41:40Z,7384,41020,48935
2026-08-23T12:41:42Z,7384,41020,48935
2026-08-23T12:41:44Z,7384,41020,48935
2026-08-23T12:41:46Z,7384,41020,48935
2026-08-23T12:41:48Z,7384,41020,48935
2026-08-23T12:41:50Z,7384,41020,48935
2026-08-23T12:41:52Z,7384,41020,48935
2026-08-23T12:41:54Z,7384,41020,48935
2026-08-23T12:41:56Z,7384,41020,48935
2026-08-23T12:41:58Z,7384,41020,48935
2026-08-23T12:42:00Z,7384,41020,48935
2026-08-23T12:42:02Z,7384,41020,48935
2026-08-23T12:42:04Z,7384,41020,48935
2026-08-23T12:42:06Z,7384,41020,48935
2026-08-23T12:42:08Z,7384,41020,48935
2026-08-23T12:42:10Z,7384,41020,48935
2026-08-23T12:42:12Z,7384,41020,48935
2026-08-23T12:42:14Z,7254,41150,48935
2026-08-23T12:42:16Z,7254,41150,48935
2026-08-23T12:42:18Z,7254,41150,48935
2026-08-23T12:42:20Z,7254,41150,48935
2026-08-23T12:42:22Z,7254,41150,48935
2026-08-23T12:42:24Z,7384,41020,48935
2026-08-23T12:42:26Z,7384,41020,48935
2026-08-23T12:42:28Z,7384,41020,48935
2026-08-23T12:42:30Z,7384,41020,48935
2026-08-23T12:42:32Z,7384,41020,48935
2026-08-23T12:42:34Z,7384,41020,48935
2026-08-23T12:42:36Z,7384,41020,48935
2026-08-23T12:42:38Z,7384,41020,48935
2026-08-23T12:42:40Z,7384,41020,48935
2026-08-23T12:42:42Z,7384,41020,48935
2026-08-23T12:42:44Z,7384,41020,48935
2026-08-23T12:42:46Z,7384,41020,48935
2026-08-23T12:42:48Z,7384,41020,48935
2026-08-23T12:42:50Z,7384,41020,48935
2026-08-23T12:42:52Z,7384,41020,48935
2026-08-23T12:42:55Z,7384,41020,48935
2026-08-23T12:42:57Z,7384,41020,48935
2026-08-23T12:42:59Z,7384,41020,48935
2026-08-23T12:43:01Z,7384,41020,48935
2026-08-23T12:43:03Z,7384,41020,48935
2026-08-23T12:43:05Z,7384,41020,48935
2026-08-23T12:43:07Z,7384,41020,48935
2026-08-23T12:43:09Z,7384,41020,48935
2026-08-23T12:43:11Z,7384,41020,48935
2026-08-23T12:43:13Z,7384,41020,48935
2026-08-23T12:43:15Z,7384,41020,48935
2026-08-23T12:43:17Z,7384,41020,48935
2026-08-23T12:43:19Z,7384,41020,48935
2026-08-23T12:43:21Z,7384,41020,48935
2026-08-23T12:43:23Z,7384,41020,48935
2026-08-23T12:43:25Z,7384,41020,48935
2026-08-23T12:43:27Z,7384,41020,48935
2026-08-23T12:43:29Z,7384,41020,48935
2026-08-23T12:43:31Z,7384,41020,48935
2026-08-23T12:43:33Z,7384,41020,48935
2026-08-23T12:43:35Z,7384,41020,48935
2026-08-23T12:43:37Z,7384,41020,48935
2026-08-23T12:43:39Z,7384,41020,48935
2026-08-23T12:43:41Z,7384,41020,48935
2026-08-23T12:43:43Z,7384,41020,48935
2026-08-23T12:43:45Z,7384,41020,48935
2026-08-23T12:43:47Z,7384,41020,48935
2026-08-23T12:43:49Z,7384,41020,48935
2026-08-23T12:43:51Z,7384,41020,48935
2026-08-23T12:43:53Z,7384,41020,48935
2026-08-23T12:43:55Z,7384,41020,48935
2026-08-23T12:43:57Z,7384,41020,48935
2026-08-23T12:43:59Z,7384,41020,48935
2026-08-23T12:44:01Z,7384,41020,48935
2026-08-23T12:44:03Z,7384,41020,48935
2026-08-23T12:44:05Z,7384,41020,48935
2026-08-23T12:44:07Z,7384,41020,48935
2026-08-23T12:44:09Z,7384,41020,48935
2026-08-23T12:44:11Z,7384,41020,48935
2026-08-23T12:44:13Z,7384,41020,48935
2026-08-23T12:44:15Z,7384,41020,48935
2026-08-23T12:44:17Z,7384,41020,48935
2026-08-23T12:44:19Z,7384,41020,48935
2026-08-23T12:44:21Z,7384,41020,48935
2026-08-23T12:44:24Z,7384,41020,48935
2026-08-23T12:44:26Z,7384,41020,48935
2026-08-23T12:44:28Z,7384,41020,48935
2026-08-23T12:44:30Z,7384,41020,48935
2026-08-23T12:44:32Z,7384,41020,48935
2026-08-23T12:44:34Z,7384,41020,48935
2026-08-23T12:44:36Z,7254,41150,48935
2026-08-23T12:44:38Z,7254,41150,48935
2026-08-23T12:44:40Z,7254,41150,48935
2026-08-23T12:44:42Z,7254,41150,48935
2026-08-23T12:44:44Z,7254,41150,48935
2026-08-23T12:44:46Z,7384,41020,48935
2026-08-23T12:44:48Z,7384,41020,48935
2026-08-23T12:44:50Z,7384,41020,48935
2026-08-23T12:44:52Z,7384,41020,48935
2026-08-23T12:44:54Z,7384,41020,48935
2026-08-23T12:44:56Z,7384,41020,48935
2026-08-23T12:44:58Z,7384,41020,48935
2026-08-23T12:45:00Z,7384,41020,48935
2026-08-23T12:45:02Z,7384,41020,48935
2026-08-23T12:45:04Z,7384,41020,48935
2026-08-23T12:45:06Z,7384,41020,48935
2026-08-23T12:45:08Z,7384,41020,48935
2026-08-23T12:45:10Z,7384,41020,48935
2026-08-23T12:45:12Z,7384,41020,48935
2026-08-23T12:45:14Z,7384,41020,48935
2026-08-23T12:45:16Z,7384,41020,48935
2026-08-23T12:45:18Z,7384,41020,48935
2026-08-23T12:45:20Z,7384,41020,48935
2026-08-23T12:45:22Z,7384,41020,48935
2026-08-23T12:45:24Z,7384,41020,48935
2026-08-23T12:45:26Z,7384,41020,48935
2026-08-23T12:45:28Z,7384,41020,48935
2026-08-23T12:45:30Z,7384,41020,48935
2026-08-23T12:45:32Z,7384,41020,48935
2026-08-23T12:45:34Z,7384,41020,48935
2026-08-23T12:45:36Z,7384,41020,48935
2026-08-23T12:45:38Z,7384,41020,48935
2026-08-23T12:45:40Z,7384,41020,48935
2026-08-23T12:45:42Z,7384,41020,48935
2026-08-23T12:45:44Z,7384,41020,48935
2026-08-23T12:45:46Z,7384,41020,48935
2026-08-23T12:45:48Z,7384,41020,48935
2026-08-23T12:45:51Z,7384,41020,48935
2026-08-23T12:45:53Z,7384,41020,48935
2026-08-23T12:45:55Z,7384,41020,48935
2026-08-23T12:45:57Z,7384,41020,48935
2026-08-23T12:45:59Z,7384,41020,48935
2026-08-23T12:46:01Z,7384,41020,48935
2026-08-23T12:46:03Z,7384,41020,48935
2026-08-23T12:46:05Z,7384,41020,48935
2026-08-23T12:46:07Z,7384,41020,48935
2026-08-23T12:46:09Z,7384,41020,48935
2026-08-23T12:46:11Z,7384,41020,48935
2026-08-23T12:46:13Z,7384,41020,48935
2026-08-23T12:46:15Z,7384,41020,48935
2026-08-23T12:46:17Z,7384,41020,48935
2026-08-23T12:46:19Z,7384,41020,48935
2026-08-23T12:46:21Z,7384,41020,48935
2026-08-23T12:46:23Z,7384,41020,48935
2026-08-23T12:46:25Z,7384,41020,48935
2026-08-23T12:46:27Z,7384,41020,48935
2026-08-23T12:46:29Z,7384,41020,48935
2026-08-23T12:46:31Z,7384,41020,48935
2026-08-23T12:46:33Z,7384,41020,48935
2026-08-23T12:46:35Z,7384,41020,48935
2026-08-23T12:46:37Z,7384,41020,48935
2026-08-23T12:46:39Z,7384,41020,48935
2026-08-23T12:46:41Z,7384,41020,48935
2026-08-23T12:46:43Z,7384,41020,48935
2026-08-23T12:46:45Z,7384,41020,48935
2026-08-23T12:46:47Z,7384,41020,48935
2026-08-23T12:46:49Z,7384,41020,48935
2026-08-23T12:46:51Z,7384,41020,48935
2026-08-23T12:46:53Z,7384,41020,48935
2026-08-23T12:46:55Z,7384,41020,48935
2026-08-23T12:46:57Z,7384,41020,48935
2026-08-23T12:46:59Z,7384,41020,48935
2026-08-23T12:47:01Z,7384,41020,48935
2026-08-23T12:47:03Z,7384,41020,48935
2026-08-23T12:47:05Z,7384,41020,48935
2026-08-23T12:47:07Z,7384,41020,48935
2026-08-23T12:47:09Z,7384,41020,48935
2026-08-23T12:47:11Z,7384,41020,48935
2026-08-23T12:47:13Z,7384,41020,48935
2026-08-23T12:47:15Z,7384,41020,48935
2026-08-23T12:47:17Z,7384,41020,48935
2026-08-23T12:47:19Z,7384,41020,48935
2026-08-23T12:47:22Z,7384,41020,48935
2026-08-23T12:47:24Z,7384,41020,48935
2026-08-23T12:47:26Z,7384,41020,48935
2026-08-23T12:47:28Z,7384,41020,48935
2026-08-23T12:47:30Z,7384,41020,48935
2026-08-23T12:47:32Z,7384,41020,48935
2026-08-23T12:47:34Z,7384,41020,48935
2026-08-23T12:47:36Z,7384,41020,48935
2026-08-23T12:47:38Z,7384,41020,48935
2026-08-23T12:47:40Z,7384,41020,48935
2026-08-23T12:47:42Z,7384,41020,48935
2026-08-23T12:47:44Z,7384,41020,48935
2026-08-23T12:47:46Z,7384,41020,48935
2026-08-23T12:47:48Z,7384,41020,48935
2026-08-23T12:47:50Z,7384,41020,48935
2026-08-23T12:47:52Z,7384,41020,48935
2026-08-23T12:47:54Z,7384,41020,48935
2026-08-23T12:47:56Z,7384,41020,48935
2026-08-23T12:47:58Z,7384,41020,48935
2026-08-23T12:48:00Z,7386,41018,48935
2026-08-23T12:48:02Z,7386,41018,48935
2026-08-23T12:48:04Z,7386,41018,48935
2026-08-23T12:48:06Z,7254,41150,48935
2026-08-23T12:48:08Z,7254,41150,48935
2026-08-23T12:48:10Z,7254,41150,48935
2026-08-23T12:48:12Z,7254,41150,48935
2026-08-23T12:48:14Z,7254,41150,48935
2026-08-23T12:48:16Z,7384,41020,48935
2026-08-23T12:48:18Z,7384,41020,48935
2026-08-23T12:48:20Z,7384,41020,48935
2026-08-23T12:48:22Z,7384,41020,48935
2026-08-23T12:48:24Z,7384,41020,48935
2026-08-23T12:48:26Z,7384,41020,48935
2026-08-23T12:48:28Z,7384,41020,48935
2026-08-23T12:48:30Z,7384,41020,48935
2026-08-23T12:48:32Z,7384,41020,48935
2026-08-23T12:48:34Z,7384,41020,48935
2026-08-23T12:48:36Z,7384,41020,48935
2026-08-23T12:48:38Z,7384,41020,48935
2026-08-23T12:48:40Z,7384,41020,48935
2026-08-23T12:48:42Z,7384,41020,48935
2026-08-23T12:48:44Z,7384,41020,48935
2026-08-23T12:48:46Z,7384,41020,48935
2026-08-23T12:48:49Z,7384,41020,48935
2026-08-23T12:48:51Z,7384,41020,48935
2026-08-23T12:48:53Z,7384,41020,48935
2026-08-23T12:48:55Z,7384,41020,48935
2026-08-23T12:48:57Z,7384,41020,48935
2026-08-23T12:48:59Z,7384,41020,48935
2026-08-23T12:49:01Z,7384,41020,48935
2026-08-23T12:49:03Z,7384,41020,48935
2026-08-23T12:49:05Z,7384,41020,48935
2026-08-23T12:49:07Z,7384,41020,48935
2026-08-23T12:49:09Z,7384,41020,48935
2026-08-23T12:49:11Z,7384,41020,48935
2026-08-23T12:49:13Z,7384,41020,48935
2026-08-23T12:49:15Z,7384,41020,48935
2026-08-23T12:49:17Z,7384,41020,48935
2026-08-23T12:49:19Z,7384,41020,48935
2026-08-23T12:49:21Z,7384,41020,48935
2026-08-23T12:49:23Z,7384,41020,48935
2026-08-23T12:49:25Z,7384,41020,48935
2026-08-23T12:49:27Z,7384,41020,48935
2026-08-23T12:49:29Z,7384,41020,48935
2026-08-23T12:49:31Z,7384,41020,48935
2026-08-23T12:49:33Z,7384,41020,48935
2026-08-23T12:49:35Z,7384,41020,48935
2026-08-23T12:49:37Z,7384,41020,48935
2026-08-23T12:49:39Z,7384,41020,48935
2026-08-23T12:49:41Z,7384,41020,48935
2026-08-23T12:49:43Z,7384,41020,48935
2026-08-23T12:49:45Z,7384,41020,48935
2026-08-23T12:49:47Z,7384,41020,48935
2026-08-23T12:49:49Z,7384,41020,48935
2026-08-23T12:49:51Z,7384,41020,48935
2026-08-23T12:49:53Z,7384,41020,48935
2026-08-23T12:49:55Z,7384,41020,48935
2026-08-23T12:49:57Z,7384,41020,48935
2026-08-23T12:49:59Z,7384,41020,48935
2026-08-23T12:50:01Z,7384,41020,48935
2026-08-23T12:50:03Z,7384,41020,48935
2026-08-23T12:50:05Z,7384,41020,48935
2026-08-23T12:50:07Z,7384,41020,48935
2026-08-23T12:50:09Z,7384,41020,48935
2026-08-23T12:50:11Z,7384,41020,48935
2026-08-23T12:50:13Z,7384,41020,48935
2026-08-23T12:50:15Z,7384,41020,48935
2026-08-23T12:50:18Z,7384,41020,48935
2026-08-23T12:50:20Z,7384,41020,48935
2026-08-23T12:50:22Z,7384,41020,48935
2026-08-23T12:50:24Z,7384,41020,48935
2026-08-23T12:50:26Z,7384,41020,48935
2026-08-23T12:50:28Z,7384,41020,48935
2026-08-23T12:50:30Z,7384,41020,48935
2026-08-23T12:50:32Z,7384,41020,48935
2026-08-23T12:50:34Z,7384,41020,48935
2026-08-23T12:50:36Z,7384,41020,48935
2026-08-23T12:50:38Z,7384,41020,48935
2026-08-23T12:50:40Z,7384,41020,48935
2026-08-23T12:50:42Z,7384,41020,48935
2026-08-23T12:50:44Z,7384,41020,48935
2026-08-23T12:50:46Z,7384,41020,48935
2026-08-23T12:50:48Z,7386,41018,48935
2026-08-23T12:50:50Z,7386,41018,48935
2026-08-23T12:50:52Z,7254,41150,48935
2026-08-23T12:50:54Z,7254,41150,48935
2026-08-23T12:50:56Z,7254,41150,48935
2026-08-23T12:50:58Z,7254,41150,48935
2026-08-23T12:51:00Z,7254,41150,48935
2026-08-23T12:51:02Z,7254,41150,48935
2026-08-23T12:51:04Z,7384,41020,48935
2026-08-23T12:51:06Z,7384,41020,48935
2026-08-23T12:51:08Z,7384,41020,48935
2026-08-23T12:51:10Z,7384,41020,48935
2026-08-23T12:51:12Z,7384,41020,48935
2026-08-23T12:51:14Z,7384,41020,48935
2026-08-23T12:51:16Z,7384,41020,48935
2026-08-23T12:51:18Z,7384,41020,48935
2026-08-23T12:51:20Z,7384,41020,48935
2026-08-23T12:51:22Z,7384,41020,48935
2026-08-23T12:51:24Z,7384,41020,48935
2026-08-23T12:51:26Z,7384,41020,48935
2026-08-23T12:51:28Z,7384,41020,48935
2026-08-23T12:51:30Z,7384,41020,48935
2026-08-23T12:51:32Z,7384,41020,48935
2026-08-23T12:51:34Z,7384,41020,48935
2026-08-23T12:51:36Z,7384,41020,48935
2026-08-23T12:51:38Z,7384,41020,48935
2026-08-23T12:51:40Z,7384,41020,48935
2026-08-23T12:51:42Z,7384,41020,48935
2026-08-23T12:51:45Z,7384,41020,48935
2026-08-23T12:51:47Z,7384,41020,48935
2026-08-23T12:51:49Z,7384,41020,48935
2026-08-23T12:51:51Z,7384,41020,48935
2026-08-23T12:51:53Z,7384,41020,48935
2026-08-23T12:51:55Z,7384,41020,48935
2026-08-23T12:51:57Z,7384,41020,48935
2026-08-23T12:51:59Z,7384,41020,48935
2026-08-23T12:52:01Z,7384,41020,48935
2026-08-23T12:52:03Z,7384,41020,48935
2026-08-23T12:52:05Z,7384,41020,48935
2026-08-23T12:52:07Z,7384,41020,48935
2026-08-23T12:52:09Z,7384,41020,48935
2026-08-23T12:52:11Z,7384,41020,48935
2026-08-23T12:52:13Z,7384,41020,48935
2026-08-23T12:52:15Z,7384,41020,48935
2026-08-23T12:52:17Z,7384,41020,48935
2026-08-23T12:52:19Z,7384,41020,48935
2026-08-23T12:52:21Z,7384,41020,48935
2026-08-23T12:52:23Z,7384,41020,48935
2026-08-23T12:52:25Z,7384,41020,48935
2026-08-23T12:52:27Z,7384,41020,48935
2026-08-23T12:52:29Z,7384,41020,48935
2026-08-23T12:52:31Z,7384,41020,48935
2026-08-23T12:52:33Z,7384,41020,48935
2026-08-23T12:52:35Z,7384,41020,48935
2026-08-23T12:52:37Z,7384,41020,48935
2026-08-23T12:52:39Z,7384,41020,48935
2026-08-23T12:52:41Z,7384,41020,48935
2026-08-23T12:52:43Z,7384,41020,48935
2026-08-23T12:52:45Z,7384,41020,48935
2026-08-23T12:52:47Z,7384,41020,48935
2026-08-23T12:52:49Z,7384,41020,48935
2026-08-23T12:52:51Z,7384,41020,48935
2026-08-23T12:52:53Z,7384,41020,48935
2026-08-23T12:52:55Z,7384,41020,48935
2026-08-23T12:52:57Z,7384,41020,48935
2026-08-23T12:52:59Z,7384,41020,48935
2026-08-23T12:53:01Z,7384,41020,48935
2026-08-23T12:53:03Z,7384,41020,48935
2026-08-23T12:53:05Z,7384,41020,48935
2026-08-23T12:53:07Z,7384,41020,48935
2026-08-23T12:53:09Z,7384,41020,48935
2026-08-23T12:53:11Z,7384,41020,48935
2026-08-23T12:53:14Z,7384,41020,48935
2026-08-23T12:53:16Z,7384,41020,48935
2026-08-23T12:53:18Z,7384,41020,48935
2026-08-23T12:53:20Z,7384,41020,48935
2026-08-23T12:53:22Z,7384,41020,48935
2026-08-23T12:53:24Z,7384,41020,48935
2026-08-23T12:53:26Z,7384,41020,48935
2026-08-23T12:53:28Z,7384,41020,48935
2026-08-23T12:53:30Z,7384,41020,48935
2026-08-23T12:53:32Z,7384,41020,48935
2026-08-23T12:53:34Z,7384,41020,48935
2026-08-23T12:53:36Z,7384,41020,48935
2026-08-23T12:53:38Z,7384,41020,48935
2026-08-23T12:53:40Z,7384,41020,48935
2026-08-23T12:53:42Z,7384,41020,48935
2026-08-23T12:53:44Z,7384,41020,48935
2026-08-23T12:53:46Z,7384,41020,48935
2026-08-23T12:53:48Z,7384,41020,48935
2026-08-23T12:53:50Z,7384,41020,48935
2026-08-23T12:53:52Z,7254,41150,48935
2026-08-23T12:53:54Z,7254,41150,48935
2026-08-23T12:53:56Z,7254,41150,48935
2026-08-23T12:53:58Z,7254,41150,48935
2026-08-23T12:54:00Z,7384,41020,48935
2026-08-23T12:54:02Z,7384,41020,48935
2026-08-23T12:54:04Z,7384,41020,48935
2026-08-23T12:54:06Z,7384,41020,48935
2026-08-23T12:54:08Z,7384,41020,48935
2026-08-23T12:54:10Z,7384,41020,48935
2026-08-23T12:54:12Z,7384,41020,48935
2026-08-23T12:54:14Z,7384,41020,48935
2026-08-23T12:54:16Z,7384,41020,48935
2026-08-23T12:54:18Z,7384,41020,48935
2026-08-23T12:54:20Z,7384,41020,48935
2026-08-23T12:54:22Z,7384,41020,48935
2026-08-23T12:54:24Z,7384,41020,48935
2026-08-23T12:54:26Z,7384,41020,48935
2026-08-23T12:54:28Z,7384,41020,48935
2026-08-23T12:54:30Z,7384,41020,48935
2026-08-23T12:54:32Z,7384,41020,48935
2026-08-23T12:54:34Z,7384,41020,48935
2026-08-23T12:54:36Z,7384,41020,48935
2026-08-23T12:54:38Z,7384,41020,48935
2026-08-23T12:54:40Z,7384,41020,48935
2026-08-23T12:54:43Z,7384,41020,48935
2026-08-23T12:54:45Z,7384,41020,48935
2026-08-23T12:54:47Z,7384,41020,48935
2026-08-23T12:54:49Z,7384,41020,48935
2026-08-23T12:54:51Z,7384,41020,48935
2026-08-23T12:54:53Z,7384,41020,48935
2026-08-23T12:54:55Z,7384,41020,48935
2026-08-23T12:54:57Z,7384,41020,48935
2026-08-23T12:54:59Z,7384,41020,48935
2026-08-23T12:55:01Z,7384,41020,48935
2026-08-23T12:55:03Z,7384,41020,48935
2026-08-23T12:55:05Z,7384,41020,48935
2026-08-23T12:55:07Z,7384,41020,48935
2026-08-23T12:55:09Z,7384,41020,48935
2026-08-23T12:55:11Z,7384,41020,48935
2026-08-23T12:55:13Z,7384,41020,48935
2026-08-23T12:55:15Z,7384,41020,48935
2026-08-23T12:55:17Z,7384,41020,48935
2026-08-23T12:55:19Z,7384,41020,48935
2026-08-23T12:55:21Z,7384,41020,48935
2026-08-23T12:55:23Z,7384,41020,48935
2026-08-23T12:55:25Z,7384,41020,48935
2026-08-23T12:55:27Z,7384,41020,48935
2026-08-23T12:55:29Z,7384,41020,48935
2026-08-23T12:55:31Z,7384,41020,48935
2026-08-23T12:55:33Z,7384,41020,48935
2026-08-23T12:55:35Z,7384,41020,48935
2026-08-23T12:55:37Z,7384,41020,48935
2026-08-23T12:55:39Z,7384,41020,48935
2026-08-23T12:55:41Z,7384,41020,48935
2026-08-23T12:55:43Z,7384,41020,48935
2026-08-23T12:55:45Z,7384,41020,48935
2026-08-23T12:55:47Z,7384,41020,48935
2026-08-23T12:55:49Z,7384,41020,48935
2026-08-23T12:55:51Z,7384,41020,48935
2026-08-23T12:55:53Z,7384,41020,48935
2026-08-23T12:55:55Z,7384,41020,48935
2026-08-23T12:55:57Z,7384,41020,48935
2026-08-23T12:55:59Z,7384,41020,48935
2026-08-23T12:56:01Z,7384,41020,48935
2026-08-23T12:56:03Z,7384,41020,48935
2026-08-23T12:56:05Z,7384,41020,48935
2026-08-23T12:56:07Z,7254,41150,48935
2026-08-23T12:56:10Z,7254,41150,48935
2026-08-23T12:56:12Z,7254,41150,48935
2026-08-23T12:56:14Z,7254,41150,48935
2026-08-23T12:56:16Z,7254,41150,48935
2026-08-23T12:56:18Z,7256,41148,48935
2026-08-23T12:56:20Z,7384,41020,48935
2026-08-23T12:56:22Z,7384,41020,48935
2026-08-23T12:56:24Z,7384,41020,48935
2026-08-23T12:56:26Z,7384,41020,48935
2026-08-23T12:56:28Z,7384,41020,48935
2026-08-23T12:56:30Z,7384,41020,48935
2026-08-23T12:56:32Z,7384,41020,48935
2026-08-23T12:56:34Z,7384,41020,48935
2026-08-23T12:56:36Z,7384,41020,48935
2026-08-23T12:56:38Z,7384,41020,48935
2026-08-23T12:56:40Z,7384,41020,48935
2026-08-23T12:56:42Z,7384,41020,48935
2026-08-23T12:56:44Z,7384,41020,48935
2026-08-23T12:56:46Z,7384,41020,48935
2026-08-23T12:56:48Z,7384,41020,48935
2026-08-23T12:56:50Z,7384,41020,48935
2026-08-23T12:56:52Z,7384,41020,48935
2026-08-23T12:56:54Z,7384,41020,48935
2026-08-23T12:56:56Z,7384,41020,48935
2026-08-23T12:56:58Z,7384,41020,48935
2026-08-23T12:57:00Z,7384,41020,48935
2026-08-23T12:57:02Z,7384,41020,48935
2026-08-23T12:57:04Z,7384,41020,48935
2026-08-23T12:57:06Z,7384,41020,48935
2026-08-23T12:57:08Z,7384,41020,48935
2026-08-23T12:57:10Z,7384,41020,48935
2026-08-23T12:57:12Z,7384,41020,48935
2026-08-23T12:57:14Z,7384,41020,48935
2026-08-23T12:57:16Z,7384,41020,48935
2026-08-23T12:57:18Z,7384,41020,48935
2026-08-23T12:57:20Z,7384,41020,48935
2026-08-23T12:57:22Z,7384,41020,48935
2026-08-23T12:57:24Z,7384,41020,48935
2026-08-23T12:57:26Z,7384,41020,48935
2026-08-23T12:57:28Z,7384,41020,48935
2026-08-23T12:57:30Z,7384,41020,48935
2026-08-23T12:57:32Z,7384,41020,48935
2026-08-23T12:57:34Z,7384,41020,48935
2026-08-23T12:57:36Z,7384,41020,48935
2026-08-23T12:57:39Z,7384,41020,48935
2026-08-23T12:57:41Z,7384,41020,48935
2026-08-23T12:57:43Z,7384,41020,48935
2026-08-23T12:57:45Z,7384,41020,48935
2026-08-23T12:57:47Z,7384,41020,48935
2026-08-23T12:57:49Z,7384,41020,48935
2026-08-23T12:57:51Z,7384,41020,48935
2026-08-23T12:57:53Z,7384,41020,48935
2026-08-23T12:57:55Z,7384,41020,48935
2026-08-23T12:57:57Z,7384,41020,48935
2026-08-23T12:57:59Z,7384,41020,48935
2026-08-23T12:58:01Z,7384,41020,48935
2026-08-23T12:58:03Z,7384,41020,48935
2026-08-23T12:58:05Z,7384,41020,48935
2026-08-23T12:58:07Z,7384,41020,48935
2026-08-23T12:58:09Z,7384,41020,48935
2026-08-23T12:58:11Z,7384,41020,48935
2026-08-23T12:58:13Z,7384,41020,48935
2026-08-23T12:58:15Z,7384,41020,48935
2026-08-23T12:58:17Z,7384,41020,48935
2026-08-23T12:58:19Z,7384,41020,48935
2026-08-23T12:58:21Z,7384,41020,48935
2026-08-23T12:58:23Z,7384,41020,48935
2026-08-23T12:58:25Z,7384,41020,48935
2026-08-23T12:58:27Z,7384,41020,48935
2026-08-23T12:58:29Z,7384,41020,48935
2026-08-23T12:58:31Z,7384,41020,48935
2026-08-23T12:58:33Z,7384,41020,48935
2026-08-23T12:58:35Z,7384,41020,48935
2026-08-23T12:58:37Z,7384,41020,48935
2026-08-23T12:58:39Z,7384,41020,48935
2026-08-23T12:58:41Z,7384,41020,48935
2026-08-23T12:58:43Z,7384,41020,48935
2026-08-23T12:58:45Z,7384,41020,48935
2026-08-23T12:58:47Z,7384,41020,48935
2026-08-23T12:58:49Z,7384,41020,48935
2026-08-23T12:58:51Z,7384,41020,48935
2026-08-23T12:58:53Z,7384,41020,48935
2026-08-23T12:58:55Z,7386,41018,48935
2026-08-23T12:58:57Z,7386,41018,48935
2026-08-23T12:58:59Z,7254,41150,48935
2026-08-23T12:59:01Z,7254,41150,48935
2026-08-23T12:59:03Z,7254,41150,48935
2026-08-23T12:59:05Z,7254,41150,48935
2026-08-23T12:59:08Z,7254,41150,48935
2026-08-23T12:59:10Z,7384,41020,48935
2026-08-23T12:59:12Z,7384,41020,48935
2026-08-23T12:59:14Z,7384,41020,48935
2026-08-23T12:59:16Z,7384,41020,48935
2026-08-23T12:59:18Z,7384,41020,48935
2026-08-23T12:59:20Z,7384,41020,48935
2026-08-23T12:59:22Z,7384,41020,48935
2026-08-23T12:59:24Z,7384,41020,48935
2026-08-23T12:59:26Z,7384,41020,48935
2026-08-23T12:59:28Z,7384,41020,48935
2026-08-23T12:59:30Z,7384,41020,48935
2026-08-23T12:59:32Z,7384,41020,48935
2026-08-23T12:59:34Z,7384,41020,48935
2026-08-23T12:59:36Z,7384,41020,48935
2026-08-23T12:59:38Z,7384,41020,48935
2026-08-23T12:59:40Z,7384,41020,48935
2026-08-23T12:59:42Z,7384,41020,48935
2026-08-23T12:59:44Z,7384,41020,48935
2026-08-23T12:59:46Z,7384,41020,48935
2026-08-23T12:59:48Z,7384,41020,48935
2026-08-23T12:59:50Z,7384,41020,48935
2026-08-23T12:59:52Z,7384,41020,48935
2026-08-23T12:59:54Z,7384,41020,48935
2026-08-23T12:59:56Z,7384,41020,48935
2026-08-23T12:59:58Z,7384,41020,48935
2026-08-23T13:00:00Z,7384,41020,48935
2026-08-23T13:00:02Z,7384,41020,48935
2026-08-23T13:00:04Z,7384,41020,48935
2026-08-23T13:00:06Z,7384,41020,48935
2026-08-23T13:00:08Z,7384,41020,48935
2026-08-23T13:00:10Z,7384,41020,48935
2026-08-23T13:00:12Z,7384,41020,48935
2026-08-23T13:00:14Z,7384,41020,48935
2026-08-23T13:00:16Z,7384,41020,48935
2026-08-23T13:00:18Z,7384,41020,48935
2026-08-23T13:00:20Z,7384,41020,48935
2026-08-23T13:00:22Z,7384,41020,48935
2026-08-23T13:00:24Z,7384,41020,48935
2026-08-23T13:00:26Z,7384,41020,48935
2026-08-23T13:00:28Z,7384,41020,48935
2026-08-23T13:00:30Z,7384,41020,48935
2026-08-23T13:00:32Z,7384,41020,48935
2026-08-23T13:00:34Z,7384,41020,48935
2026-08-23T13:00:37Z,7384,41020,48935
2026-08-23T13:00:39Z,7384,41020,48935
2026-08-23T13:00:41Z,7384,41020,48935
2026-08-23T13:00:43Z,7384,41020,48935
2026-08-23T13:00:45Z,7384,41020,48935
2026-08-23T13:00:47Z,7384,41020,48935
2026-08-23T13:00:49Z,7384,41020,48935
2026-08-23T13:00:51Z,7384,41020,48935
2026-08-23T13:00:53Z,7384,41020,48935
2026-08-23T13:00:55Z,7384,41020,48935
2026-08-23T13:00:57Z,7384,41020,48935
2026-08-23T13:00:59Z,7384,41020,48935
2026-08-23T13:01:01Z,7384,41020,48935
2026-08-23T13:01:03Z,7384,41020,48935
2026-08-23T13:01:05Z,7384,41020,48935
2026-08-23T13:01:07Z,7384,41020,48935
2026-08-23T13:01:09Z,7384,41020,48935
2026-08-23T13:01:11Z,7384,41020,48935
2026-08-23T13:01:13Z,7384,41020,48935
2026-08-23T13:01:15Z,7384,41020,48935
2026-08-23T13:01:17Z,7384,41020,48935
2026-08-23T13:01:19Z,7384,41020,48935
2026-08-23T13:01:21Z,7384,41020,48935
2026-08-23T13:01:23Z,7384,41020,48935
2026-08-23T13:01:25Z,7384,41020,48935
2026-08-23T13:01:27Z,7384,41020,48935
2026-08-23T13:01:29Z,7384,41020,48935
2026-08-23T13:01:31Z,7384,41020,48935
2026-08-23T13:01:33Z,7384,41020,48935
2026-08-23T13:01:35Z,7384,41020,48935
2026-08-23T13:01:37Z,7384,41020,48935
2026-08-23T13:01:39Z,7384,41020,48935
2026-08-23T13:01:41Z,7384,41020,48935
2026-08-23T13:01:43Z,7384,41020,48935
2026-08-23T13:01:45Z,7384,41020,48935
2026-08-23T13:01:47Z,7384,41020,48935
2026-08-23T13:01:49Z,7384,41020,48935
2026-08-23T13:01:51Z,7384,41020,48935
2026-08-23T13:01:53Z,7384,41020,48935
2026-08-23T13:01:55Z,7254,41150,48935
2026-08-23T13:01:57Z,7254,41150,48935
2026-08-23T13:01:59Z,7254,41150,48935
2026-08-23T13:02:01Z,7254,41150,48935
2026-08-23T13:02:04Z,7254,41150,48935
2026-08-23T13:02:06Z,7256,41148,48935
2026-08-23T13:02:08Z,7384,41020,48935
2026-08-23T13:02:10Z,7384,41020,48935
2026-08-23T13:02:12Z,7384,41020,48935
2026-08-23T13:02:14Z,7384,41020,48935
2026-08-23T13:02:16Z,7384,41020,48935
2026-08-23T13:02:18Z,7384,41020,48935
2026-08-23T13:02:20Z,7384,41020,48935
2026-08-23T13:02:22Z,7384,41020,48935
2026-08-23T13:02:24Z,7384,41020,48935
2026-08-23T13:02:26Z,7384,41020,48935
2026-08-23T13:02:28Z,7384,41020,48935
2026-08-23T13:02:30Z,7384,41020,48935
2026-08-23T13:02:32Z,7384,41020,48935
2026-08-23T13:02:34Z,7384,41020,48935
2026-08-23T13:02:36Z,7384,41020,48935
2026-08-23T13:02:38Z,7384,41020,48935
2026-08-23T13:02:40Z,7384,41020,48935
2026-08-23T13:02:42Z,7384,41020,48935
2026-08-23T13:02:44Z,7384,41020,48935
2026-08-23T13:02:46Z,7384,41020,48935
2026-08-23T13:02:48Z,7384,41020,48935
2026-08-23T13:02:50Z,7384,41020,48935
2026-08-23T13:02:52Z,7384,41020,48935
2026-08-23T13:02:54Z,7384,41020,48935
2026-08-23T13:02:56Z,7384,41020,48935
2026-08-23T13:02:58Z,7384,41020,48935
2026-08-23T13:03:00Z,7384,41020,48935
2026-08-23T13:03:02Z,7384,41020,48935
2026-08-23T13:03:04Z,7384,41020,48935
2026-08-23T13:03:06Z,7384,41020,48935
2026-08-23T13:03:08Z,7384,41020,48935
2026-08-23T13:03:10Z,7384,41020,48935
2026-08-23T13:03:12Z,7384,41020,48935
2026-08-23T13:03:14Z,7384,41020,48935
2026-08-23T13:03:16Z,7384,41020,48935
2026-08-23T13:03:18Z,7384,41020,48935
2026-08-23T13:03:20Z,7384,41020,48935
2026-08-23T13:03:22Z,7384,41020,48935
2026-08-23T13:03:24Z,7384,41020,48935
2026-08-23T13:03:26Z,7384,41020,48935
2026-08-23T13:03:28Z,7384,41020,48935
2026-08-23T13:03:30Z,7384,41020,48935
2026-08-23T13:03:33Z,7384,41020,48935
2026-08-23T13:03:35Z,7384,41020,48935
2026-08-23T13:03:37Z,7384,41020,48935
2026-08-23T13:03:39Z,7384,41020,48935
2026-08-23T13:03:41Z,7384,41020,48935
2026-08-23T13:03:43Z,7384,41020,48935
2026-08-23T13:03:45Z,7384,41020,48935
2026-08-23T13:03:47Z,7384,41020,48935
2026-08-23T13:03:49Z,7384,41020,48935
2026-08-23T13:03:51Z,7384,41020,48935
2026-08-23T13:03:53Z,7384,41020,48935
2026-08-23T13:03:55Z,7384,41020,48935
2026-08-23T13:03:57Z,7384,41020,48935
2026-08-23T13:03:59Z,7384,41020,48935
2026-08-23T13:04:01Z,7384,41020,48935
2026-08-23T13:04:03Z,7384,41020,48935
2026-08-23T13:04:05Z,7384,41020,48935
2026-08-23T13:04:07Z,7384,41020,48935
2026-08-23T13:04:09Z,7254,41150,48935
2026-08-23T13:04:11Z,7254,41150,48935
2026-08-23T13:04:13Z,7254,41150,48935
2026-08-23T13:04:15Z,7254,41150,48935
2026-08-23T13:04:17Z,7254,41150,48935
2026-08-23T13:04:19Z,7256,41148,48935
2026-08-23T13:04:21Z,7384,41020,48935
2026-08-23T13:04:23Z,7384,41020,48935
2026-08-23T13:04:25Z,7384,41020,48935
2026-08-23T13:04:27Z,7384,41020,48935
2026-08-23T13:04:29Z,7384,41020,48935
2026-08-23T13:04:31Z,7384,41020,48935
2026-08-23T13:04:33Z,7384,41020,48935
2026-08-23T13:04:35Z,7384,41020,48935
2026-08-23T13:04:37Z,7384,41020,48935
2026-08-23T13:04:39Z,7384,41020,48935
2026-08-23T13:04:41Z,7384,41020,48935
2026-08-23T13:04:43Z,7384,41020,48935
2026-08-23T13:04:45Z,7384,41020,48935
2026-08-23T13:04:47Z,7384,41020,48935
2026-08-23T13:04:49Z,7384,41020,48935
2026-08-23T13:04:51Z,7384,41020,48935
2026-08-23T13:04:53Z,7384,41020,48935
2026-08-23T13:04:55Z,7384,41020,48935
2026-08-23T13:04:57Z,7384,41020,48935
2026-08-23T13:04:59Z,7384,41020,48935
2026-08-23T13:05:02Z,7384,41020,48935
2026-08-23T13:05:04Z,7384,41020,48935
2026-08-23T13:05:06Z,7384,41020,48935
2026-08-23T13:05:08Z,7384,41020,48935
2026-08-23T13:05:10Z,7384,41020,48935
2026-08-23T13:05:12Z,7384,41020,48935
2026-08-23T13:05:14Z,7384,41020,48935
2026-08-23T13:05:16Z,7384,41020,48935
2026-08-23T13:05:18Z,7384,41020,48935
2026-08-23T13:05:20Z,7384,41020,48935
2026-08-23T13:05:22Z,7384,41020,48935
2026-08-23T13:05:24Z,7384,41020,48935
2026-08-23T13:05:26Z,7384,41020,48935
2026-08-23T13:05:28Z,7384,41020,48935
2026-08-23T13:05:30Z,7384,41020,48935
2026-08-23T13:05:32Z,7384,41020,48935
2026-08-23T13:05:34Z,7384,41020,48935
2026-08-23T13:05:36Z,7384,41020,48935
2026-08-23T13:05:38Z,7384,41020,48935
2026-08-23T13:05:40Z,7384,41020,48935
2026-08-23T13:05:42Z,7384,41020,48935
2026-08-23T13:05:44Z,7384,41020,48935
2026-08-23T13:05:46Z,7384,41020,48935
2026-08-23T13:05:48Z,7384,41020,48935
2026-08-23T13:05:50Z,7384,41020,48935
2026-08-23T13:05:52Z,7384,41020,48935
2026-08-23T13:05:54Z,7384,41020,48935
2026-08-23T13:05:56Z,7384,41020,48935
2026-08-23T13:05:58Z,7384,41020,48935
2026-08-23T13:06:00Z,7384,41020,48935
2026-08-23T13:06:02Z,7384,41020,48935
2026-08-23T13:06:04Z,7384,41020,48935
2026-08-23T13:06:06Z,7384,41020,48935
2026-08-23T13:06:08Z,7254,41150,48935
2026-08-23T13:06:10Z,7254,41150,48935
2026-08-23T13:06:12Z,7254,41150,48935
2026-08-23T13:06:14Z,7254,41150,48935
2026-08-23T13:06:16Z,7256,41148,48935
2026-08-23T13:06:18Z,7384,41020,48935
2026-08-23T13:06:20Z,7384,41020,48935
2026-08-23T13:06:22Z,7384,41020,48935
2026-08-23T13:06:24Z,7384,41020,48935
2026-08-23T13:06:26Z,7384,41020,48935
2026-08-23T13:06:28Z,7384,41020,48935
2026-08-23T13:06:31Z,7384,41020,48935
2026-08-23T13:06:33Z,7384,41020,48935
2026-08-23T13:06:35Z,7384,41020,48935
2026-08-23T13:06:37Z,7384,41020,48935
2026-08-23T13:06:39Z,7384,41020,48935
2026-08-23T13:06:41Z,7384,41020,48935
2026-08-23T13:06:43Z,7384,41020,48935
2026-08-23T13:06:45Z,7384,41020,48935
2026-08-23T13:06:47Z,7384,41020,48935
2026-08-23T13:06:49Z,7384,41020,48935
2026-08-23T13:06:51Z,7384,41020,48935
2026-08-23T13:06:53Z,7384,41020,48935
2026-08-23T13:06:55Z,7384,41020,48935
2026-08-23T13:06:57Z,7384,41020,48935
2026-08-23T13:06:59Z,7384,41020,48935
2026-08-23T13:07:01Z,7384,41020,48935
2026-08-23T13:07:03Z,7384,41020,48935
2026-08-23T13:07:05Z,7384,41020,48935
2026-08-23T13:07:07Z,7384,41020,48935
2026-08-23T13:07:09Z,7384,41020,48935
2026-08-23T13:07:11Z,7384,41020,48935
2026-08-23T13:07:13Z,7384,41020,48935
2026-08-23T13:07:15Z,7384,41020,48935
2026-08-23T13:07:17Z,7384,41020,48935
2026-08-23T13:07:19Z,7384,41020,48935
2026-08-23T13:07:21Z,7384,41020,48935
2026-08-23T13:07:23Z,7384,41020,48935
2026-08-23T13:07:25Z,7384,41020,48935
2026-08-23T13:07:27Z,7384,41020,48935
2026-08-23T13:07:29Z,7384,41020,48935
2026-08-23T13:07:31Z,7384,41020,48935
2026-08-23T13:07:33Z,7384,41020,48935
2026-08-23T13:07:35Z,7384,41020,48935
2026-08-23T13:07:37Z,7384,41020,48935
2026-08-23T13:07:39Z,7384,41020,48935
2026-08-23T13:07:41Z,7384,41020,48935
2026-08-23T13:07:43Z,7384,41020,48935
2026-08-23T13:07:45Z,7384,41020,48935
2026-08-23T13:07:47Z,7384,41020,48935
2026-08-23T13:07:49Z,7384,41020,48935
2026-08-23T13:07:51Z,7384,41020,48935
2026-08-23T13:07:53Z,7384,41020,48935
2026-08-23T13:07:55Z,7384,41020,48935
2026-08-23T13:07:58Z,7384,41020,48935
2026-08-23T13:08:00Z,7384,41020,48935
2026-08-23T13:08:02Z,7384,41020,48935
2026-08-23T13:08:04Z,7384,41020,48935
2026-08-23T13:08:06Z,7384,41020,48935
2026-08-23T13:08:08Z,7384,41020,48935
2026-08-23T13:08:10Z,7384,41020,48935
2026-08-23T13:08:12Z,7384,41020,48935
2026-08-23T13:08:14Z,7384,41020,48935
2026-08-23T13:08:16Z,7384,41020,48935
2026-08-23T13:08:18Z,7384,41020,48935
2026-08-23T13:08:20Z,7384,41020,48935
2026-08-23T13:08:22Z,7384,41020,48935
2026-08-23T13:08:24Z,7384,41020,48935
2026-08-23T13:08:26Z,7384,41020,48935
2026-08-23T13:08:28Z,7384,41020,48935
2026-08-23T13:08:30Z,7384,41020,48935
2026-08-23T13:08:32Z,7384,41020,48935
2026-08-23T13:08:34Z,7384,41020,48935
2026-08-23T13:08:36Z,7384,41020,48935
2026-08-23T13:08:38Z,7384,41020,48935
2026-08-23T13:08:40Z,7384,41020,48935
2026-08-23T13:08:42Z,7384,41020,48935
2026-08-23T13:08:44Z,7384,41020,48935
2026-08-23T13:08:46Z,7384,41020,48935
2026-08-23T13:08:48Z,7384,41020,48935
2026-08-23T13:08:50Z,7384,41020,48935
2026-08-23T13:08:52Z,7384,41020,48935
2026-08-23T13:08:54Z,7384,41020,48935
2026-08-23T13:08:56Z,7384,41020,48935
2026-08-23T13:08:58Z,7384,41020,48935
2026-08-23T13:09:00Z,7384,41020,48935
2026-08-23T13:09:02Z,7384,41020,48935
2026-08-23T13:09:04Z,7384,41020,48935
2026-08-23T13:09:06Z,7384,41020,48935
2026-08-23T13:09:08Z,7384,41020,48935
2026-08-23T13:09:10Z,7384,41020,48935
2026-08-23T13:09:12Z,7384,41020,48935
2026-08-23T13:09:14Z,7254,41150,48935
2026-08-23T13:09:16Z,7254,41150,48935
2026-08-23T13:09:18Z,7254,41150,48935
2026-08-23T13:09:20Z,7254,41150,48935
2026-08-23T13:09:22Z,7254,41150,48935
2026-08-23T13:09:24Z,7384,41020,48935
2026-08-23T13:09:27Z,7384,41020,48935
2026-08-23T13:09:29Z,7384,41020,48935
2026-08-23T13:09:31Z,7384,41020,48935
2026-08-23T13:09:33Z,7384,41020,48935
2026-08-23T13:09:35Z,7384,41020,48935
2026-08-23T13:09:37Z,7384,41020,48935
2026-08-23T13:09:39Z,7384,41020,48935
2026-08-23T13:09:41Z,7384,41020,48935
2026-08-23T13:09:43Z,7384,41020,48935
2026-08-23T13:09:45Z,7384,41020,48935
2026-08-23T13:09:47Z,7384,41020,48935
2026-08-23T13:09:49Z,7384,41020,48935
2026-08-23T13:09:51Z,7384,41020,48935
2026-08-23T13:09:53Z,7384,41020,48935
2026-08-23T13:09:55Z,7384,41020,48935
2026-08-23T13:09:57Z,7384,41020,48935
2026-08-23T13:09:59Z,7384,41020,48935
2026-08-23T13:10:01Z,7384,41020,48935
2026-08-23T13:10:03Z,7384,41020,48935
2026-08-23T13:10:05Z,7384,41020,48935
2026-08-23T13:10:07Z,7384,41020,48935
2026-08-23T13:10:09Z,7384,41020,48935
2026-08-23T13:10:11Z,7384,41020,48935
2026-08-23T13:10:13Z,7384,41020,48935
2026-08-23T13:10:15Z,7384,41020,48935
2026-08-23T13:10:17Z,7384,41020,48935
2026-08-23T13:10:19Z,7384,41020,48935
2026-08-23T13:10:21Z,7384,41020,48935
2026-08-23T13:10:23Z,7384,41020,48935
2026-08-23T13:10:25Z,7384,41020,48935
2026-08-23T13:10:27Z,7384,41020,48935
2026-08-23T13:10:29Z,7384,41020,48935
2026-08-23T13:10:31Z,7384,41020,48935
2026-08-23T13:10:33Z,7384,41020,48935
2026-08-23T13:10:35Z,7384,41020,48935
2026-08-23T13:10:37Z,7384,41020,48935
2026-08-23T13:10:39Z,7384,41020,48935
2026-08-23T13:10:41Z,7384,41020,48935
2026-08-23T13:10:43Z,7384,41020,48935
2026-08-23T13:10:45Z,7384,41020,48935
2026-08-23T13:10:47Z,7386,41018,48935
2026-08-23T13:10:49Z,7386,41018,48935
2026-08-23T13:10:51Z,7386,41018,48935
2026-08-23T13:10:54Z,7254,41150,48935
2026-08-23T13:10:56Z,7254,41150,48935
2026-08-23T13:10:58Z,7254,41150,48935
2026-08-23T13:11:00Z,7254,41150,48935
2026-08-23T13:11:02Z,7254,41150,48935
2026-08-23T13:11:04Z,7384,41020,48935
2026-08-23T13:11:06Z,7384,41020,48935
2026-08-23T13:11:08Z,7384,41020,48935
2026-08-23T13:11:10Z,7384,41020,48935
2026-08-23T13:11:12Z,7384,41020,48935
2026-08-23T13:11:14Z,7384,41020,48935
2026-08-23T13:11:16Z,7384,41020,48935
2026-08-23T13:11:18Z,7384,41020,48935
2026-08-23T13:11:20Z,7384,41020,48935
2026-08-23T13:11:22Z,7384,41020,48935
2026-08-23T13:11:24Z,7384,41020,48935
2026-08-23T13:11:26Z,7384,41020,48935
2026-08-23T13:11:28Z,7384,41020,48935
2026-08-23T13:11:30Z,7384,41020,48935
2026-08-23T13:11:32Z,7384,41020,48935
2026-08-23T13:11:34Z,7384,41020,48935
2026-08-23T13:11:36Z,7384,41020,48935
2026-08-23T13:11:38Z,7254,41150,48935
2026-08-23T13:11:40Z,7254,41150,48935
2026-08-23T13:11:42Z,7254,41150,48935
2026-08-23T13:11:44Z,7254,41150,48935
2026-08-23T13:11:46Z,7256,41148,48935
2026-08-23T13:11:48Z,7384,41020,48935
2026-08-23T13:11:50Z,7384,41020,48935
2026-08-23T13:11:52Z,7384,41020,48935
2026-08-23T13:11:54Z,7384,41020,48935
2026-08-23T13:11:56Z,7384,41020,48935
2026-08-23T13:11:58Z,7384,41020,48935
2026-08-23T13:12:00Z,7384,41020,48935
2026-08-23T13:12:02Z,7384,41020,48935
2026-08-23T13:12:04Z,7384,41020,48935
2026-08-23T13:12:06Z,7384,41020,48935
2026-08-23T13:12:08Z,7384,41020,48935
2026-08-23T13:12:10Z,7384,41020,48935
2026-08-23T13:12:12Z,7384,41020,48935
2026-08-23T13:12:14Z,7384,41020,48935
2026-08-23T13:12:16Z,7384,41020,48935
2026-08-23T13:12:18Z,7384,41020,48935
2026-08-23T13:12:20Z,7384,41020,48935
2026-08-23T13:12:23Z,7384,41020,48935
2026-08-23T13:12:25Z,7384,41020,48935
2026-08-23T13:12:27Z,7384,41020,48935
2026-08-23T13:12:29Z,7384,41020,48935
2026-08-23T13:12:31Z,7384,41020,48935
2026-08-23T13:12:33Z,7384,41020,48935
2026-08-23T13:12:35Z,7384,41020,48935
2026-08-23T13:12:37Z,7384,41020,48935
2026-08-23T13:12:39Z,7384,41020,48935
2026-08-23T13:12:41Z,7384,41020,48935
2026-08-23T13:12:43Z,7384,41020,48935
2026-08-23T13:12:45Z,7384,41020,48935
2026-08-23T13:12:47Z,7384,41020,48935
2026-08-23T13:12:49Z,7384,41020,48935
2026-08-23T13:12:51Z,7384,41020,48935
2026-08-23T13:12:53Z,7384,41020,48935
2026-08-23T13:12:55Z,7384,41020,48935
2026-08-23T13:12:57Z,7384,41020,48935
2026-08-23T13:12:59Z,7384,41020,48935
2026-08-23T13:13:01Z,7384,41020,48935
2026-08-23T13:13:03Z,7384,41020,48935
2026-08-23T13:13:05Z,7384,41020,48935
2026-08-23T13:13:07Z,7384,41020,48935
2026-08-23T13:13:09Z,7384,41020,48935
2026-08-23T13:13:11Z,7384,41020,48935
2026-08-23T13:13:13Z,7384,41020,48935
2026-08-23T13:13:15Z,7384,41020,48935
2026-08-23T13:13:17Z,7384,41020,48935
2026-08-23T13:13:19Z,7384,41020,48935
2026-08-23T13:13:21Z,7384,41020,48935
2026-08-23T13:13:23Z,7384,41020,48935
2026-08-23T13:13:25Z,7384,41020,48935
2026-08-23T13:13:27Z,7384,41020,48935
2026-08-23T13:13:29Z,7384,41020,48935
2026-08-23T13:13:31Z,7254,41150,48935
2026-08-23T13:13:33Z,7254,41150,48935
2026-08-23T13:13:35Z,7254,41150,48935
2026-08-23T13:13:37Z,7254,41150,48935
2026-08-23T13:13:39Z,7384,41020,48935
2026-08-23T13:13:41Z,7384,41020,48935
2026-08-23T13:13:43Z,7384,41020,48935
2026-08-23T13:13:45Z,7384,41020,48935
2026-08-23T13:13:47Z,7384,41020,48935
2026-08-23T13:13:49Z,7384,41020,48935
2026-08-23T13:13:52Z,7384,41020,48935
2026-08-23T13:13:54Z,7384,41020,48935
2026-08-23T13:13:56Z,7384,41020,48935
2026-08-23T13:13:58Z,7384,41020,48935
2026-08-23T13:14:00Z,7384,41020,48935
2026-08-23T13:14:02Z,7384,41020,48935
2026-08-23T13:14:04Z,7384,41020,48935
2026-08-23T13:14:06Z,7384,41020,48935
2026-08-23T13:14:08Z,7384,41020,48935
2026-08-23T13:14:10Z,7384,41020,48935
2026-08-23T13:14:12Z,7384,41020,48935
2026-08-23T13:14:14Z,7384,41020,48935
2026-08-23T13:14:16Z,7384,41020,48935
2026-08-23T13:14:18Z,7384,41020,48935
2026-08-23T13:14:20Z,7384,41020,48935
2026-08-23T13:14:22Z,7384,41020,48935
2026-08-23T13:14:24Z,7384,41020,48935
2026-08-23T13:14:26Z,7384,41020,48935
2026-08-23T13:14:28Z,7384,41020,48935
2026-08-23T13:14:30Z,7384,41020,48935
2026-08-23T13:14:32Z,7384,41020,48935
2026-08-23T13:14:34Z,7384,41020,48935
2026-08-23T13:14:36Z,7384,41020,48935
2026-08-23T13:14:38Z,7384,41020,48935
2026-08-23T13:14:40Z,7384,41020,48935
2026-08-23T13:14:42Z,7384,41020,48935
2026-08-23T13:14:44Z,7384,41020,48935
2026-08-23T13:14:46Z,7384,41020,48935
2026-08-23T13:14:48Z,7384,41020,48935
2026-08-23T13:14:50Z,7384,41020,48935
2026-08-23T13:14:52Z,7384,41020,48935
2026-08-23T13:14:54Z,7384,41020,48935
2026-08-23T13:14:56Z,7384,41020,48935
2026-08-23T13:14:58Z,7384,41020,48935
2026-08-23T13:15:00Z,7384,41020,48935
2026-08-23T13:15:02Z,7384,41020,48935
2026-08-23T13:15:04Z,7384,41020,48935
2026-08-23T13:15:06Z,7384,41020,48935
2026-08-23T13:15:08Z,7384,41020,48935
2026-08-23T13:15:10Z,7384,41020,48935
2026-08-23T13:15:12Z,7384,41020,48935
2026-08-23T13:15:14Z,7384,41020,48935
2026-08-23T13:15:16Z,7384,41020,48935
2026-08-23T13:15:18Z,7384,41020,48935
2026-08-23T13:15:21Z,7384,41020,48935
2026-08-23T13:15:23Z,7384,41020,48935
2026-08-23T13:15:25Z,7384,41020,48935
2026-08-23T13:15:27Z,7384,41020,48935
2026-08-23T13:15:29Z,7384,41020,48935
2026-08-23T13:15:31Z,7384,41020,48935
2026-08-23T13:15:33Z,7384,41020,48935
2026-08-23T13:15:35Z,7384,41020,48935
2026-08-23T13:15:37Z,7384,41020,48935
2026-08-23T13:15:39Z,7384,41020,48935
2026-08-23T13:15:41Z,7384,41020,48935
2026-08-23T13:15:43Z,7384,41020,48935
2026-08-23T13:15:45Z,7384,41020,48935
2026-08-23T13:15:47Z,7384,41020,48935
2026-08-23T13:15:49Z,7384,41020,48935
2026-08-23T13:15:51Z,7384,41020,48935
2026-08-23T13:15:53Z,7384,41020,48935
2026-08-23T13:15:55Z,7384,41020,48935
2026-08-23T13:15:57Z,7386,41018,48935
2026-08-23T13:15:59Z,7386,41018,48935
2026-08-23T13:16:01Z,7386,41018,48935
2026-08-23T13:16:03Z,7254,41150,48935
2026-08-23T13:16:05Z,7254,41150,48935
2026-08-23T13:16:07Z,7254,41150,48935
2026-08-23T13:16:09Z,7254,41150,48935
2026-08-23T13:16:11Z,7254,41150,48935
2026-08-23T13:16:13Z,7256,41148,48935
2026-08-23T13:16:15Z,7384,41020,48935
2026-08-23T13:16:17Z,7384,41020,48935
2026-08-23T13:16:19Z,7384,41020,48935
2026-08-23T13:16:21Z,7384,41020,48935
2026-08-23T13:16:23Z,7384,41020,48935
2026-08-23T13:16:25Z,7384,41020,48935
2026-08-23T13:16:27Z,7384,41020,48935
2026-08-23T13:16:29Z,7384,41020,48935
2026-08-23T13:16:31Z,7384,41020,48935
2026-08-23T13:16:33Z,7384,41020,48935
2026-08-23T13:16:35Z,7384,41020,48935
2026-08-23T13:16:37Z,7384,41020,48935
2026-08-23T13:16:39Z,7384,41020,48935
2026-08-23T13:16:41Z,7384,41020,48935
2026-08-23T13:16:43Z,7384,41020,48935
2026-08-23T13:16:45Z,7384,41020,48935
2026-08-23T13:16:47Z,7384,41020,48935
2026-08-23T13:16:50Z,7384,41020,48935
2026-08-23T13:16:52Z,7384,41020,48935
2026-08-23T13:16:54Z,7384,41020,48935
2026-08-23T13:16:56Z,7384,41020,48935
2026-08-23T13:16:58Z,7384,41020,48935
2026-08-23T13:17:00Z,7384,41020,48935
2026-08-23T13:17:02Z,7384,41020,48935
2026-08-23T13:17:04Z,7384,41020,48935
2026-08-23T13:17:06Z,7384,41020,48935
2026-08-23T13:17:08Z,7384,41020,48935
2026-08-23T13:17:10Z,7384,41020,48935
2026-08-23T13:17:12Z,7384,41020,48935
2026-08-23T13:17:14Z,7384,41020,48935
2026-08-23T13:17:16Z,7384,41020,48935
2026-08-23T13:17:18Z,7384,41020,48935
2026-08-23T13:17:20Z,7384,41020,48935
2026-08-23T13:17:22Z,7384,41020,48935
2026-08-23T13:17:24Z,7384,41020,48935
2026-08-23T13:17:26Z,7384,41020,48935
2026-08-23T13:17:28Z,7384,41020,48935
2026-08-23T13:17:30Z,7384,41020,48935
2026-08-23T13:17:32Z,7384,41020,48935
2026-08-23T13:17:34Z,7384,41020,48935
2026-08-23T13:17:36Z,7384,41020,48935
2026-08-23T13:17:38Z,7384,41020,48935
2026-08-23T13:17:40Z,7384,41020,48935
2026-08-23T13:17:42Z,7384,41020,48935
2026-08-23T13:17:44Z,7384,41020,48935
2026-08-23T13:17:46Z,7384,41020,48935
2026-08-23T13:17:48Z,7384,41020,48935
2026-08-23T13:17:50Z,7384,41020,48935
2026-08-23T13:17:52Z,7384,41020,48935
2026-08-23T13:17:54Z,7384,41020,48935
2026-08-23T13:17:56Z,7384,41020,48935
2026-08-23T13:17:58Z,7384,41020,48935
2026-08-23T13:18:00Z,7384,41020,48935
2026-08-23T13:18:02Z,7384,41020,48935
2026-08-23T13:18:04Z,7384,41020,48935
2026-08-23T13:18:06Z,7384,41020,48935
2026-08-23T13:18:08Z,7384,41020,48935
2026-08-23T13:18:10Z,7384,41020,48935
2026-08-23T13:18:12Z,7384,41020,48935
2026-08-23T13:18:14Z,7384,41020,48935
2026-08-23T13:18:17Z,7384,41020,48935
2026-08-23T13:18:19Z,7384,41020,48935
2026-08-23T13:18:21Z,7384,41020,48935
2026-08-23T13:18:23Z,7254,41150,48935
2026-08-23T13:18:25Z,7254,41150,48935
2026-08-23T13:18:27Z,7254,41150,48935
2026-08-23T13:18:29Z,7254,41150,48935
2026-08-23T13:18:31Z,7254,41150,48935
2026-08-23T13:18:33Z,7384,41020,48935
2026-08-23T13:18:35Z,7384,41020,48935
2026-08-23T13:18:37Z,7384,41020,48935
2026-08-23T13:18:39Z,7384,41020,48935
2026-08-23T13:18:41Z,7384,41020,48935
2026-08-23T13:18:43Z,7384,41020,48935
2026-08-23T13:18:45Z,7384,41020,48935
2026-08-23T13:18:47Z,7384,41020,48935
2026-08-23T13:18:49Z,7384,41020,48935
2026-08-23T13:18:51Z,7384,41020,48935
2026-08-23T13:18:53Z,7384,41020,48935
2026-08-23T13:18:55Z,7384,41020,48935
2026-08-23T13:18:57Z,7384,41020,48935
2026-08-23T13:18:59Z,7384,41020,48935
2026-08-23T13:19:01Z,7384,41020,48935
2026-08-23T13:19:03Z,7384,41020,48935
2026-08-23T13:19:05Z,7384,41020,48935
2026-08-23T13:19:07Z,7384,41020,48935
2026-08-23T13:19:09Z,7384,41020,48935
2026-08-23T13:19:11Z,7384,41020,48935
2026-08-23T13:19:13Z,7384,41020,48935
2026-08-23T13:19:15Z,7384,41020,48935
2026-08-23T13:19:17Z,7384,41020,48935
2026-08-23T13:19:19Z,7384,41020,48935
2026-08-23T13:19:21Z,7384,41020,48935
2026-08-23T13:19:23Z,7384,41020,48935
2026-08-23T13:19:25Z,7384,41020,48935
2026-08-23T13:19:27Z,7384,41020,48935
2026-08-23T13:19:29Z,7384,41020,48935
2026-08-23T13:19:31Z,7384,41020,48935
2026-08-23T13:19:33Z,7384,41020,48935
2026-08-23T13:19:35Z,7384,41020,48935
2026-08-23T13:19:37Z,7384,41020,48935
2026-08-23T13:19:39Z,7384,41020,48935
2026-08-23T13:19:41Z,7384,41020,48935
2026-08-23T13:19:44Z,7384,41020,48935
2026-08-23T13:19:46Z,7384,41020,48935
2026-08-23T13:19:48Z,7384,41020,48935
2026-08-23T13:19:50Z,7384,41020,48935
2026-08-23T13:19:52Z,7384,41020,48935
2026-08-23T13:19:54Z,7384,41020,48935
2026-08-23T13:19:56Z,7384,41020,48935
2026-08-23T13:19:58Z,7384,41020,48935
2026-08-23T13:20:00Z,7384,41020,48935
2026-08-23T13:20:02Z,7384,41020,48935
2026-08-23T13:20:04Z,7384,41020,48935
2026-08-23T13:20:06Z,7384,41020,48935
2026-08-23T13:20:08Z,7384,41020,48935
2026-08-23T13:20:10Z,7384,41020,48935
2026-08-23T13:20:12Z,7384,41020,48935
2026-08-23T13:20:14Z,7384,41020,48935
2026-08-23T13:20:16Z,7384,41020,48935
2026-08-23T13:20:18Z,7384,41020,48935
2026-08-23T13:20:20Z,7254,41150,48935
2026-08-23T13:20:22Z,7254,41150,48935
2026-08-23T13:20:24Z,7254,41150,48935
2026-08-23T13:20:26Z,7254,41150,48935
2026-08-23T13:20:28Z,7254,41150,48935
2026-08-23T13:20:30Z,7256,41148,48935
2026-08-23T13:20:32Z,7384,41020,48935
2026-08-23T13:20:34Z,7384,41020,48935
2026-08-23T13:20:36Z,7384,41020,48935
2026-08-23T13:20:38Z,7384,41020,48935
2026-08-23T13:20:40Z,7384,41020,48935
2026-08-23T13:20:42Z,7384,41020,48935
2026-08-23T13:20:44Z,7384,41020,48935
2026-08-23T13:20:46Z,7384,41020,48935
2026-08-23T13:20:48Z,7384,41020,48935
2026-08-23T13:20:50Z,7384,41020,48935
2026-08-23T13:20:52Z,7384,41020,48935
2026-08-23T13:20:54Z,7384,41020,48935
2026-08-23T13:20:56Z,7384,41020,48935
2026-08-23T13:20:58Z,7384,41020,48935
2026-08-23T13:21:00Z,7384,41020,48935
2026-08-23T13:21:02Z,7384,41020,48935
2026-08-23T13:21:04Z,7384,41020,48935
2026-08-23T13:21:06Z,7384,41020,48935
2026-08-23T13:21:08Z,7384,41020,48935
2026-08-23T13:21:10Z,7384,41020,48935
2026-08-23T13:21:13Z,7384,41020,48935
2026-08-23T13:21:15Z,7384,41020,48935
2026-08-23T13:21:17Z,7384,41020,48935
2026-08-23T13:21:19Z,7384,41020,48935
2026-08-23T13:21:21Z,7384,41020,48935
2026-08-23T13:21:23Z,7384,41020,48935
2026-08-23T13:21:25Z,7384,41020,48935
2026-08-23T13:21:27Z,7384,41020,48935
2026-08-23T13:21:29Z,7384,41020,48935
2026-08-23T13:21:31Z,7384,41020,48935
2026-08-23T13:21:33Z,7384,41020,48935
2026-08-23T13:21:35Z,7384,41020,48935
2026-08-23T13:21:37Z,7384,41020,48935
2026-08-23T13:21:39Z,7384,41020,48935
2026-08-23T13:21:41Z,7384,41020,48935
2026-08-23T13:21:43Z,7384,41020,48935
2026-08-23T13:21:45Z,7384,41020,48935
2026-08-23T13:21:47Z,7384,41020,48935
2026-08-23T13:21:49Z,7384,41020,48935
2026-08-23T13:21:51Z,7384,41020,48935
2026-08-23T13:21:53Z,7384,41020,48935
2026-08-23T13:21:55Z,7384,41020,48935
2026-08-23T13:21:57Z,7384,41020,48935
2026-08-23T13:21:59Z,7384,41020,48935
2026-08-23T13:22:01Z,7384,41020,48935
2026-08-23T13:22:03Z,7384,41020,48935
2026-08-23T13:22:05Z,7384,41020,48935
2026-08-23T13:22:07Z,7384,41020,48935
2026-08-23T13:22:09Z,7384,41020,48935
2026-08-23T13:22:11Z,7384,41020,48935
2026-08-23T13:22:13Z,7254,41150,48935
2026-08-23T13:22:15Z,7254,41150,48935
2026-08-23T13:22:17Z,7254,41150,48935
2026-08-23T13:22:19Z,7254,41150,48935
2026-08-23T13:22:21Z,7254,41150,48935
2026-08-23T13:22:23Z,7384,41020,48935
2026-08-23T13:22:25Z,7384,41020,48935
2026-08-23T13:22:27Z,7384,41020,48935
2026-08-23T13:22:29Z,7384,41020,48935
2026-08-23T13:22:31Z,7384,41020,48935
2026-08-23T13:22:33Z,7384,41020,48935
2026-08-23T13:22:35Z,7384,41020,48935
2026-08-23T13:22:37Z,7384,41020,48935
2026-08-23T13:22:39Z,7384,41020,48935
2026-08-23T13:22:42Z,7384,41020,48935
2026-08-23T13:22:44Z,7384,41020,48935
2026-08-23T13:22:46Z,7384,41020,48935
2026-08-23T13:22:48Z,7384,41020,48935
2026-08-23T13:22:50Z,7384,41020,48935
2026-08-23T13:22:52Z,7384,41020,48935
2026-08-23T13:22:54Z,7384,41020,48935
2026-08-23T13:22:56Z,7384,41020,48935
2026-08-23T13:22:58Z,7384,41020,48935
2026-08-23T13:23:00Z,7384,41020,48935
2026-08-23T13:23:02Z,7384,41020,48935
2026-08-23T13:23:04Z,7384,41020,48935
2026-08-23T13:23:06Z,7384,41020,48935
2026-08-23T13:23:08Z,7384,41020,48935
2026-08-23T13:23:10Z,7384,41020,48935
2026-08-23T13:23:12Z,7384,41020,48935
2026-08-23T13:23:14Z,7384,41020,48935
2026-08-23T13:23:16Z,7384,41020,48935
2026-08-23T13:23:18Z,7384,41020,48935
2026-08-23T13:23:20Z,7384,41020,48935
2026-08-23T13:23:22Z,7384,41020,48935
2026-08-23T13:23:24Z,7384,41020,48935
2026-08-23T13:23:26Z,7384,41020,48935
2026-08-23T13:23:28Z,7384,41020,48935
2026-08-23T13:23:30Z,7384,41020,48935
2026-08-23T13:23:32Z,7384,41020,48935
2026-08-23T13:23:34Z,7384,41020,48935
2026-08-23T13:23:36Z,7384,41020,48935
2026-08-23T13:23:38Z,7384,41020,48935
2026-08-23T13:23:40Z,7384,41020,48935
2026-08-23T13:23:42Z,7384,41020,48935
2026-08-23T13:23:44Z,7384,41020,48935
2026-08-23T13:23:46Z,7384,41020,48935
2026-08-23T13:23:48Z,7384,41020,48935
2026-08-23T13:23:50Z,7384,41020,48935
2026-08-23T13:23:52Z,7384,41020,48935
2026-08-23T13:23:54Z,7384,41020,48935
2026-08-23T13:23:56Z,7384,41020,48935
2026-08-23T13:23:58Z,7384,41020,48935
2026-08-23T13:24:00Z,7384,41020,48935
2026-08-23T13:24:02Z,7384,41020,48935
2026-08-23T13:24:04Z,7384,41020,48935
2026-08-23T13:24:06Z,7384,41020,48935
2026-08-23T13:24:08Z,7384,41020,48935
2026-08-23T13:24:11Z,7384,41020,48935
2026-08-23T13:24:13Z,7384,41020,48935
2026-08-23T13:24:15Z,7384,41020,48935
2026-08-23T13:24:17Z,7254,41150,48935
2026-08-23T13:24:19Z,7254,41150,48935
2026-08-23T13:24:21Z,7254,41150,48935
2026-08-23T13:24:23Z,7254,41150,48935
2026-08-23T13:24:25Z,7254,41150,48935
2026-08-23T13:24:27Z,7254,41150,48935
2026-08-23T13:24:29Z,7384,41020,48935
2026-08-23T13:24:31Z,7384,41020,48935
2026-08-23T13:24:33Z,7384,41020,48935
2026-08-23T13:24:35Z,7384,41020,48935
2026-08-23T13:24:37Z,7384,41020,48935
2026-08-23T13:24:39Z,7384,41020,48935
2026-08-23T13:24:41Z,7384,41020,48935
2026-08-23T13:24:43Z,7384,41020,48935
2026-08-23T13:24:45Z,7384,41020,48935
2026-08-23T13:24:47Z,7384,41020,48935
2026-08-23T13:24:49Z,7384,41020,48935
2026-08-23T13:24:51Z,7384,41020,48935
2026-08-23T13:24:53Z,7384,41020,48935
2026-08-23T13:24:55Z,7384,41020,48935
2026-08-23T13:24:57Z,7384,41020,48935
2026-08-23T13:24:59Z,7384,41020,48935
2026-08-23T13:25:01Z,7384,41020,48935
2026-08-23T13:25:03Z,7384,41020,48935
2026-08-23T13:25:05Z,7384,41020,48935
2026-08-23T13:25:07Z,7384,41020,48935
2026-08-23T13:25:09Z,7384,41020,48935
2026-08-23T13:25:11Z,7384,41020,48935
2026-08-23T13:25:13Z,7384,41020,48935
2026-08-23T13:25:15Z,7384,41020,48935
2026-08-23T13:25:17Z,7384,41020,48935
2026-08-23T13:25:19Z,7384,41020,48935
2026-08-23T13:25:21Z,7384,41020,48935
2026-08-23T13:25:23Z,7384,41020,48935
2026-08-23T13:25:25Z,7384,41020,48935
2026-08-23T13:25:27Z,7384,41020,48935
2026-08-23T13:25:29Z,7384,41020,48935
2026-08-23T13:25:31Z,7384,41020,48935
2026-08-23T13:25:33Z,7384,41020,48935
2026-08-23T13:25:35Z,7384,41020,48935
2026-08-23T13:25:38Z,7384,41020,48935
2026-08-23T13:25:40Z,7384,41020,48935
2026-08-23T13:25:42Z,7384,41020,48935
2026-08-23T13:25:44Z,7384,41020,48935
2026-08-23T13:25:46Z,7384,41020,48935
2026-08-23T13:25:48Z,7384,41020,48935
2026-08-23T13:25:50Z,7384,41020,48935
2026-08-23T13:25:52Z,7384,41020,48935
2026-08-23T13:25:54Z,7384,41020,48935
2026-08-23T13:25:56Z,7384,41020,48935
2026-08-23T13:25:58Z,7384,41020,48935
2026-08-23T13:26:00Z,7384,41020,48935
2026-08-23T13:26:02Z,7384,41020,48935
2026-08-23T13:26:04Z,7384,41020,48935
2026-08-23T13:26:06Z,7384,41020,48935
2026-08-23T13:26:08Z,7384,41020,48935
2026-08-23T13:26:10Z,7384,41020,48935
2026-08-23T13:26:12Z,7384,41020,48935
2026-08-23T13:26:14Z,7384,41020,48935
2026-08-23T13:26:16Z,7384,41020,48935
2026-08-23T13:26:18Z,7254,41150,48935
2026-08-23T13:26:20Z,7254,41150,48935
2026-08-23T13:26:22Z,7254,41150,48935
2026-08-23T13:26:24Z,7254,41150,48935
2026-08-23T13:26:26Z,7254,41150,48935
2026-08-23T13:26:28Z,7384,41020,48935
2026-08-23T13:26:30Z,7384,41020,48935
2026-08-23T13:26:32Z,7384,41020,48935
2026-08-23T13:26:34Z,7384,41020,48935
2026-08-23T13:26:36Z,7384,41020,48935
2026-08-23T13:26:38Z,7384,41020,48935
2026-08-23T13:26:40Z,7384,41020,48935
2026-08-23T13:26:42Z,7384,41020,48935
2026-08-23T13:26:44Z,7384,41020,48935
2026-08-23T13:26:46Z,7384,41020,48935
2026-08-23T13:26:48Z,7384,41020,48935
2026-08-23T13:26:50Z,7384,41020,48935
2026-08-23T13:26:52Z,7384,41020,48935
2026-08-23T13:26:54Z,7384,41020,48935
2026-08-23T13:26:56Z,7384,41020,48935
2026-08-23T13:26:58Z,7384,41020,48935
2026-08-23T13:27:00Z,7384,41020,48935
2026-08-23T13:27:02Z,7384,41020,48935
2026-08-23T13:27:04Z,7384,41020,48935
2026-08-23T13:27:06Z,7384,41020,48935
2026-08-23T13:27:09Z,7384,41020,48935
2026-08-23T13:27:11Z,7384,41020,48935
2026-08-23T13:27:13Z,7384,41020,48935
2026-08-23T13:27:15Z,7384,41020,48935
2026-08-23T13:27:17Z,7384,41020,48935
2026-08-23T13:27:19Z,7384,41020,48935
2026-08-23T13:27:21Z,7384,41020,48935
2026-08-23T13:27:23Z,7384,41020,48935
2026-08-23T13:27:25Z,7384,41020,48935
2026-08-23T13:27:27Z,7384,41020,48935
2026-08-23T13:27:29Z,7384,41020,48935
2026-08-23T13:27:31Z,7384,41020,48935
2026-08-23T13:27:33Z,7386,41018,48935
2026-08-23T13:27:35Z,7386,41018,48935
2026-08-23T13:27:37Z,7254,41150,48935
2026-08-23T13:27:39Z,7254,41150,48935
2026-08-23T13:27:41Z,7254,41150,48935
2026-08-23T13:27:43Z,7254,41150,48935
2026-08-23T13:27:45Z,7254,41150,48935
2026-08-23T13:27:47Z,7254,41150,48935
2026-08-23T13:27:49Z,7384,41020,48935
2026-08-23T13:27:51Z,7384,41020,48935
2026-08-23T13:27:53Z,7384,41020,48935
2026-08-23T13:27:55Z,7384,41020,48935
2026-08-23T13:27:57Z,7384,41020,48935
2026-08-23T13:27:59Z,7384,41020,48935
2026-08-23T13:28:01Z,7384,41020,48935
2026-08-23T13:28:03Z,7384,41020,48935
2026-08-23T13:28:05Z,7384,41020,48935
2026-08-23T13:28:07Z,7384,41020,48935
2026-08-23T13:28:09Z,7384,41020,48935
2026-08-23T13:28:11Z,7384,41020,48935
2026-08-23T13:28:13Z,7384,41020,48935
2026-08-23T13:28:15Z,7384,41020,48935
2026-08-23T13:28:17Z,7384,41020,48935
2026-08-23T13:28:19Z,7384,41020,48935
2026-08-23T13:28:21Z,7384,41020,48935
2026-08-23T13:28:23Z,7384,41020,48935
2026-08-23T13:28:25Z,7384,41020,48935
2026-08-23T13:28:27Z,7384,41020,48935
2026-08-23T13:28:29Z,7384,41020,48935
2026-08-23T13:28:31Z,7384,41020,48935
2026-08-23T13:28:33Z,7384,41020,48935
2026-08-23T13:28:36Z,7384,41020,48935
2026-08-23T13:28:38Z,7384,41020,48935
2026-08-23T13:28:40Z,7384,41020,48935
2026-08-23T13:28:42Z,7384,41020,48935
2026-08-23T13:28:44Z,7384,41020,48935
2026-08-23T13:28:46Z,7384,41020,48935
2026-08-23T13:28:48Z,7384,41020,48935
2026-08-23T13:28:50Z,7384,41020,48935
2026-08-23T13:28:52Z,7384,41020,48935
2026-08-23T13:28:54Z,7384,41020,48935
2026-08-23T13:28:56Z,7384,41020,48935
2026-08-23T13:28:58Z,7384,41020,48935
2026-08-23T13:29:00Z,7384,41020,48935
2026-08-23T13:29:02Z,7384,41020,48935
2026-08-23T13:29:04Z,7384,41020,48935
2026-08-23T13:29:06Z,7384,41020,48935
2026-08-23T13:29:08Z,7384,41020,48935
2026-08-23T13:29:10Z,7384,41020,48935
2026-08-23T13:29:12Z,7384,41020,48935
2026-08-23T13:29:14Z,7384,41020,48935
2026-08-23T13:29:16Z,7384,41020,48935
2026-08-23T13:29:18Z,7384,41020,48935
2026-08-23T13:29:20Z,7384,41020,48935
2026-08-23T13:29:22Z,7384,41020,48935
2026-08-23T13:29:24Z,7384,41020,48935
2026-08-23T13:29:26Z,7384,41020,48935
2026-08-23T13:29:28Z,7384,41020,48935
2026-08-23T13:29:30Z,7384,41020,48935
2026-08-23T13:29:32Z,7384,41020,48935
2026-08-23T13:29:34Z,7384,41020,48935
2026-08-23T13:29:36Z,7384,41020,48935
2026-08-23T13:29:38Z,7384,41020,48935
2026-08-23T13:29:40Z,7384,41020,48935
2026-08-23T13:29:42Z,7384,41020,48935
2026-08-23T13:29:44Z,7384,41020,48935
2026-08-23T13:29:46Z,7384,41020,48935
2026-08-23T13:29:48Z,7384,41020,48935
2026-08-23T13:29:50Z,7384,41020,48935
2026-08-23T13:29:52Z,7384,41020,48935
2026-08-23T13:29:54Z,7254,41150,48935
2026-08-23T13:29:56Z,7254,41150,48935
2026-08-23T13:29:58Z,7254,41150,48935
2026-08-23T13:30:00Z,7254,41150,48935
2026-08-23T13:30:03Z,7254,41150,48935
2026-08-23T13:30:05Z,7256,41148,48935
2026-08-23T13:30:07Z,7384,41020,48935
2026-08-23T13:30:09Z,7384,41020,48935
2026-08-23T13:30:11Z,7384,41020,48935
2026-08-23T13:30:13Z,7384,41020,48935
2026-08-23T13:30:15Z,7384,41020,48935
2026-08-23T13:30:17Z,7384,41020,48935
2026-08-23T13:30:19Z,7384,41020,48935
2026-08-23T13:30:21Z,7384,41020,48935
2026-08-23T13:30:23Z,7384,41020,48935
2026-08-23T13:30:25Z,7384,41020,48935
2026-08-23T13:30:27Z,7384,41020,48935
2026-08-23T13:30:29Z,7384,41020,48935
2026-08-23T13:30:31Z,7384,41020,48935
2026-08-23T13:30:33Z,7384,41020,48935
2026-08-23T13:30:35Z,7384,41020,48935
2026-08-23T13:30:37Z,7384,41020,48935
2026-08-23T13:30:39Z,7384,41020,48935
2026-08-23T13:30:41Z,7384,41020,48935
2026-08-23T13:30:43Z,7384,41020,48935
2026-08-23T13:30:45Z,7384,41020,48935
2026-08-23T13:30:47Z,7384,41020,48935
2026-08-23T13:30:49Z,7384,41020,48935
2026-08-23T13:30:51Z,7384,41020,48935
2026-08-23T13:30:53Z,7384,41020,48935
2026-08-23T13:30:55Z,7384,41020,48935
2026-08-23T13:30:57Z,7384,41020,48935
2026-08-23T13:30:59Z,7384,41020,48935
2026-08-23T13:31:01Z,7384,41020,48935
2026-08-23T13:31:03Z,7384,41020,48935
2026-08-23T13:31:05Z,7384,41020,48935
2026-08-23T13:31:07Z,7384,41020,48935
2026-08-23T13:31:09Z,7384,41020,48935
2026-08-23T13:31:11Z,7384,41020,48935
2026-08-23T13:31:13Z,7384,41020,48935
2026-08-23T13:31:15Z,7384,41020,48935
2026-08-23T13:31:17Z,7384,41020,48935
2026-08-23T13:31:19Z,7384,41020,48935
2026-08-23T13:31:21Z,7384,41020,48935
2026-08-23T13:31:23Z,7384,41020,48935
2026-08-23T13:31:25Z,7384,41020,48935
2026-08-23T13:31:27Z,7384,41020,48935
2026-08-23T13:31:29Z,7384,41020,48935
2026-08-23T13:31:32Z,7384,41020,48935
2026-08-23T13:31:34Z,7384,41020,48935
2026-08-23T13:31:36Z,7384,41020,48935
2026-08-23T13:31:38Z,7384,41020,48935
2026-08-23T13:31:40Z,7384,41020,48935
2026-08-23T13:31:42Z,7384,41020,48935
2026-08-23T13:31:44Z,7384,41020,48935
2026-08-23T13:31:46Z,7384,41020,48935
2026-08-23T13:31:48Z,7384,41020,48935
2026-08-23T13:31:50Z,7384,41020,48935
2026-08-23T13:31:52Z,7384,41020,48935
2026-08-23T13:31:54Z,7384,41020,48935
2026-08-23T13:31:56Z,7384,41020,48935
2026-08-23T13:31:58Z,7384,41020,48935
2026-08-23T13:32:00Z,7384,41020,48935
2026-08-23T13:32:02Z,7254,41150,48935
2026-08-23T13:32:04Z,8950,39454,48935
2026-08-23T13:32:06Z,20214,28190,48935
2026-08-23T13:32:08Z,20214,28190,48935
2026-08-23T13:32:10Z,20214,28190,48935
2026-08-23T13:32:12Z,20214,28190,48935
2026-08-23T13:32:14Z,20214,28190,48935
2026-08-23T13:32:16Z,20214,28190,48935
2026-08-23T13:32:18Z,20214,28190,48935
2026-08-23T13:32:20Z,20214,28190,48935
2026-08-23T13:32:22Z,20214,28190,48935
2026-08-23T13:32:24Z,20214,28190,48935
2026-08-23T13:32:26Z,20214,28190,48935
2026-08-23T13:32:28Z,20214,28190,48935
2026-08-23T13:32:30Z,20214,28190,48935
2026-08-23T13:32:32Z,20214,28190,48935
2026-08-23T13:32:34Z,20214,28190,48935
2026-08-23T13:32:36Z,20214,28190,48935
2026-08-23T13:32:38Z,20214,28190,48935
2026-08-23T13:32:40Z,20214,28190,48935
2026-08-23T13:32:42Z,20214,28190,48935
2026-08-23T13:32:44Z,20214,28190,48935
2026-08-23T13:32:46Z,20214,28190,48935
2026-08-23T13:32:48Z,20214,28190,48935
2026-08-23T13:32:50Z,20214,28190,48935
2026-08-23T13:32:52Z,20214,28190,48935
2026-08-23T13:32:54Z,20214,28190,48935
2026-08-23T13:32:56Z,20214,28190,48935
2026-08-23T13:32:59Z,20214,28190,48935
2026-08-23T13:33:01Z,20214,28190,48935
2026-08-23T13:33:03Z,20214,28190,48935
2026-08-23T13:33:05Z,20214,28190,48935
2026-08-23T13:33:07Z,20214,28190,48935
2026-08-23T13:33:09Z,20214,28190,48935
2026-08-23T13:33:11Z,20214,28190,48935
2026-08-23T13:33:13Z,20214,28190,48935
2026-08-23T13:33:15Z,20214,28190,48935
2026-08-23T13:33:17Z,20214,28190,48935
2026-08-23T13:33:19Z,20214,28190,48935
2026-08-23T13:33:21Z,20214,28190,48935
2026-08-23T13:33:23Z,20214,28190,48935
2026-08-23T13:33:25Z,20214,28190,48935
2026-08-23T13:33:27Z,20214,28190,48935
2026-08-23T13:33:29Z,20214,28190,48935
2026-08-23T13:33:31Z,20214,28190,48935
2026-08-23T13:33:33Z,20214,28190,48935
2026-08-23T13:33:35Z,20214,28190,48935
2026-08-23T13:33:37Z,20214,28190,48935
2026-08-23T13:33:39Z,20214,28190,48935
2026-08-23T13:33:41Z,20214,28190,48935
2026-08-23T13:33:43Z,20214,28190,48935
2026-08-23T13:33:45Z,20214,28190,48935
2026-08-23T13:33:47Z,20214,28190,48935
2026-08-23T13:33:49Z,20214,28190,48935
2026-08-23T13:33:51Z,20214,28190,48935
2026-08-23T13:33:53Z,20214,28190,48935
2026-08-23T13:33:55Z,20214,28190,48935
2026-08-23T13:33:57Z,20214,28190,48935
2026-08-23T13:33:59Z,20214,28190,48935
2026-08-23T13:34:01Z,20214,28190,48935
2026-08-23T13:34:03Z,20214,28190,48935
2026-08-23T13:34:05Z,20214,28190,48935
2026-08-23T13:34:07Z,20214,28190,48935
2026-08-23T13:34:09Z,20214,28190,48935
2026-08-23T13:34:11Z,20214,28190,48935
2026-08-23T13:34:13Z,20214,28190,48935
2026-08-23T13:34:15Z,20214,28190,48935
2026-08-23T13:34:17Z,20214,28190,48935
2026-08-23T13:34:20Z,20214,28190,48935
2026-08-23T13:34:22Z,20214,28190,48935
2026-08-23T13:34:24Z,20214,28190,48935
2026-08-23T13:34:26Z,20214,28190,48935
2026-08-23T13:34:28Z,20214,28190,48935
2026-08-23T13:34:30Z,20214,28190,48935
2026-08-23T13:34:32Z,20214,28190,48935
2026-08-23T13:34:34Z,20214,28190,48935
2026-08-23T13:34:36Z,20214,28190,48935
2026-08-23T13:34:38Z,20214,28190,48935
2026-08-23T13:34:40Z,20214,28190,48935
2026-08-23T13:34:42Z,20214,28190,48935
2026-08-23T13:34:44Z,20214,28190,48935
2026-08-23T13:34:46Z,20214,28190,48935
2026-08-23T13:34:48Z,20214,28190,48935
2026-08-23T13:34:50Z,20214,28190,48935
2026-08-23T13:34:52Z,20214,28190,48935
2026-08-23T13:34:54Z,20214,28190,48935
2026-08-23T13:34:56Z,20214,28190,48935
2026-08-23T13:34:58Z,20214,28190,48935
2026-08-23T13:35:00Z,20214,28190,48935
2026-08-23T13:35:02Z,20214,28190,48935
2026-08-23T13:35:04Z,20214,28190,48935
2026-08-23T13:35:06Z,20214,28190,48935
2026-08-23T13:35:08Z,20214,28190,48935
2026-08-23T13:35:10Z,20214,28190,48935
2026-08-23T13:35:12Z,20214,28190,48935
2026-08-23T13:35:14Z,20214,28190,48935
2026-08-23T13:35:16Z,20214,28190,48935
2026-08-23T13:35:18Z,20214,28190,48935
2026-08-23T13:35:20Z,20214,28190,48935
2026-08-23T13:35:22Z,20214,28190,48935
2026-08-23T13:35:24Z,20214,28190,48935
2026-08-23T13:35:26Z,20214,28190,48935
2026-08-23T13:35:28Z,20214,28190,48935
2026-08-23T13:35:30Z,20214,28190,48935
2026-08-23T13:35:32Z,20214,28190,48935
2026-08-23T13:35:34Z,20214,28190,48935
2026-08-23T13:35:36Z,20214,28190,48935
2026-08-23T13:35:38Z,20214,28190,48935
2026-08-23T13:35:40Z,20214,28190,48935
2026-08-23T13:35:43Z,20214,28190,48935
2026-08-23T13:35:45Z,20214,28190,48935
2026-08-23T13:35:47Z,20214,28190,48935
2026-08-23T13:35:49Z,20214,28190,48935
2026-08-23T13:35:51Z,20214,28190,48935
2026-08-23T13:35:53Z,20214,28190,48935
2026-08-23T13:35:55Z,20214,28190,48935
2026-08-23T13:35:57Z,20214,28190,48935
2026-08-23T13:35:59Z,20214,28190,48935
2026-08-23T13:36:01Z,20214,28190,48935
2026-08-23T13:36:03Z,20214,28190,48935
2026-08-23T13:36:05Z,20214,28190,48935
2026-08-23T13:36:07Z,20214,28190,48935
2026-08-23T13:36:09Z,20214,28190,48935
2026-08-23T13:36:11Z,20214,28190,48935
2026-08-23T13:36:13Z,20214,28190,48935
2026-08-23T13:36:15Z,20214,28190,48935
2026-08-23T13:36:17Z,20214,28190,48935
2026-08-23T13:36:19Z,20214,28190,48935
2026-08-23T13:36:21Z,20214,28190,48935
2026-08-23T13:36:23Z,20214,28190,48935
2026-08-23T13:36:25Z,20214,28190,48935
2026-08-23T13:36:27Z,20214,28190,48935
2026-08-23T13:36:29Z,20214,28190,48935
2026-08-23T13:36:31Z,20214,28190,48935
2026-08-23T13:36:33Z,20214,28190,48935
2026-08-23T13:36:35Z,20214,28190,48935
2026-08-23T13:36:37Z,20214,28190,48935
2026-08-23T13:36:39Z,20214,28190,48935
2026-08-23T13:36:41Z,20214,28190,48935
2026-08-23T13:36:43Z,20214,28190,48935
2026-08-23T13:36:45Z,20214,28190,48935
2026-08-23T13:36:47Z,20214,28190,48935
2026-08-23T13:36:49Z,20214,28190,48935
2026-08-23T13:36:51Z,20214,28190,48935
2026-08-23T13:36:53Z,20214,28190,48935
2026-08-23T13:36:55Z,20214,28190,48935
2026-08-23T13:36:57Z,20214,28190,48935
2026-08-23T13:36:59Z,20214,28190,48935
2026-08-23T13:37:01Z,20214,28190,48935
2026-08-23T13:37:03Z,20214,28190,48935
2026-08-23T13:37:05Z,20214,28190,48935
2026-08-23T13:37:08Z,20214,28190,48935
2026-08-23T13:37:10Z,20214,28190,48935
2026-08-23T13:37:12Z,20214,28190,48935
2026-08-23T13:37:14Z,20214,28190,48935
2026-08-23T13:37:16Z,20214,28190,48935
2026-08-23T13:37:18Z,20214,28190,48935
2026-08-23T13:37:20Z,20214,28190,48935
2026-08-23T13:37:22Z,20214,28190,48935
2026-08-23T13:37:24Z,20214,28190,48935
2026-08-23T13:37:26Z,20214,28190,48935
2026-08-23T13:37:28Z,20214,28190,48935
2026-08-23T13:37:30Z,20214,28190,48935
2026-08-23T13:37:32Z,20214,28190,48935
2026-08-23T13:37:34Z,20214,28190,48935
2026-08-23T13:37:36Z,20214,28190,48935
2026-08-23T13:37:38Z,20214,28190,48935
2026-08-23T13:37:40Z,20214,28190,48935
2026-08-23T13:37:42Z,20214,28190,48935
2026-08-23T13:37:44Z,20214,28190,48935
2026-08-23T13:37:46Z,20214,28190,48935
2026-08-23T13:37:48Z,20214,28190,48935
2026-08-23T13:37:50Z,20214,28190,48935
2026-08-23T13:37:52Z,20214,28190,48935
2026-08-23T13:37:54Z,20214,28190,48935
2026-08-23T13:37:56Z,20214,28190,48935
2026-08-23T13:37:58Z,20214,28190,48935
2026-08-23T13:38:00Z,20214,28190,48935
2026-08-23T13:38:02Z,20214,28190,48935
2026-08-23T13:38:04Z,20214,28190,48935
2026-08-23T13:38:06Z,20214,28190,48935
2026-08-23T13:38:08Z,20214,28190,48935
2026-08-23T13:38:10Z,20214,28190,48935
2026-08-23T13:38:12Z,20214,28190,48935
2026-08-23T13:38:14Z,20214,28190,48935
2026-08-23T13:38:16Z,20214,28190,48935
2026-08-23T13:38:18Z,20214,28190,48935
2026-08-23T13:38:20Z,20214,28190,48935
2026-08-23T13:38:22Z,20214,28190,48935
2026-08-23T13:38:24Z,20214,28190,48935
2026-08-23T13:38:26Z,20214,28190,48935
2026-08-23T13:38:29Z,20214,28190,48935
2026-08-23T13:38:31Z,20214,28190,48935
2026-08-23T13:38:33Z,20214,28190,48935
2026-08-23T13:38:35Z,20214,28190,48935
2026-08-23T13:38:37Z,20214,28190,48935
2026-08-23T13:38:39Z,20214,28190,48935
2026-08-23T13:38:41Z,20214,28190,48935
2026-08-23T13:38:43Z,20214,28190,48935
2026-08-23T13:38:45Z,20214,28190,48935
2026-08-23T13:38:47Z,20214,28190,48935
2026-08-23T13:38:49Z,20214,28190,48935
2026-08-23T13:38:51Z,20214,28190,48935
2026-08-23T13:38:53Z,20214,28190,48935
2026-08-23T13:38:55Z,20214,28190,48935
2026-08-23T13:38:57Z,20214,28190,48935
2026-08-23T13:38:59Z,20214,28190,48935
2026-08-23T13:39:01Z,20214,28190,48935
2026-08-23T13:39:03Z,20214,28190,48935
2026-08-23T13:39:05Z,20214,28190,48935
2026-08-23T13:39:07Z,20214,28190,48935
2026-08-23T13:39:09Z,20214,28190,48935
2026-08-23T13:39:11Z,20214,28190,48935
2026-08-23T13:39:13Z,20214,28190,48935
2026-08-23T13:39:15Z,20214,28190,48935
2026-08-23T13:39:17Z,20214,28190,48935
2026-08-23T13:39:19Z,20214,28190,48935
2026-08-23T13:39:21Z,20214,28190,48935
2026-08-23T13:39:23Z,20214,28190,48935
2026-08-23T13:39:25Z,20214,28190,48935
2026-08-23T13:39:27Z,20214,28190,48935
2026-08-23T13:39:29Z,20214,28190,48935
2026-08-23T13:39:31Z,20214,28190,48935
2026-08-23T13:39:33Z,20214,28190,48935
2026-08-23T13:39:35Z,20214,28190,48935
2026-08-23T13:39:37Z,20214,28190,48935
2026-08-23T13:39:39Z,20214,28190,48935
2026-08-23T13:39:41Z,20214,28190,48935
2026-08-23T13:39:43Z,20214,28190,48935
2026-08-23T13:39:45Z,20214,28190,48935
2026-08-23T13:39:47Z,20214,28190,48935
2026-08-23T13:39:49Z,20214,28190,48935
2026-08-23T13:39:52Z,20214,28190,48935
2026-08-23T13:39:54Z,20214,28190,48935
2026-08-23T13:39:56Z,20214,28190,48935
2026-08-23T13:39:58Z,20214,28190,48935
2026-08-23T13:40:00Z,20214,28190,48935
2026-08-23T13:40:02Z,20214,28190,48935
2026-08-23T13:40:04Z,20214,28190,48935
2026-08-23T13:40:06Z,20214,28190,48935
2026-08-23T13:40:08Z,20214,28190,48935
2026-08-23T13:40:10Z,20214,28190,48935
2026-08-23T13:40:12Z,20214,28190,48935
2026-08-23T13:40:14Z,20214,28190,48935
2026-08-23T13:40:16Z,20214,28190,48935
2026-08-23T13:40:18Z,20214,28190,48935
2026-08-23T13:40:20Z,20214,28190,48935
2026-08-23T13:40:22Z,20214,28190,48935
2026-08-23T13:40:24Z,20214,28190,48935
2026-08-23T13:40:26Z,20214,28190,48935
2026-08-23T13:40:28Z,20214,28190,48935
2026-08-23T13:40:30Z,20214,28190,48935
2026-08-23T13:40:32Z,20214,28190,48935
2026-08-23T13:40:34Z,20214,28190,48935
2026-08-23T13:40:36Z,20214,28190,48935
2026-08-23T13:40:38Z,20214,28190,48935
2026-08-23T13:40:40Z,20214,28190,48935
2026-08-23T13:40:42Z,20214,28190,48935
2026-08-23T13:40:44Z,20214,28190,48935
2026-08-23T13:40:46Z,20214,28190,48935
2026-08-23T13:40:48Z,20214,28190,48935
2026-08-23T13:40:50Z,20214,28190,48935
2026-08-23T13:40:52Z,20214,28190,48935
2026-08-23T13:40:54Z,20214,28190,48935
2026-08-23T13:40:56Z,20214,28190,48935
2026-08-23T13:40:58Z,20214,28190,48935
2026-08-23T13:41:00Z,20214,28190,48935
2026-08-23T13:41:02Z,20214,28190,48935
2026-08-23T13:41:04Z,20214,28190,48935
2026-08-23T13:41:06Z,20214,28190,48935
2026-08-23T13:41:08Z,20214,28190,48935
2026-08-23T13:41:10Z,20214,28190,48935
2026-08-23T13:41:12Z,20214,28190,48935
2026-08-23T13:41:15Z,20214,28190,48935
2026-08-23T13:41:17Z,20214,28190,48935
2026-08-23T13:41:19Z,20214,28190,48935
2026-08-23T13:41:21Z,20214,28190,48935
2026-08-23T13:41:23Z,20214,28190,48935
2026-08-23T13:41:25Z,20214,28190,48935
2026-08-23T13:41:27Z,20214,28190,48935
2026-08-23T13:41:29Z,20214,28190,48935
2026-08-23T13:41:31Z,20214,28190,48935
2026-08-23T13:41:33Z,20214,28190,48935
2026-08-23T13:41:35Z,20214,28190,48935
2026-08-23T13:41:37Z,20214,28190,48935
2026-08-23T13:41:39Z,20214,28190,48935
2026-08-23T13:41:41Z,20214,28190,48935
2026-08-23T13:41:43Z,20214,28190,48935
2026-08-23T13:41:45Z,20214,28190,48935
2026-08-23T13:41:47Z,20214,28190,48935
2026-08-23T13:41:49Z,20214,28190,48935
2026-08-23T13:41:51Z,20214,28190,48935
2026-08-23T13:41:53Z,20214,28190,48935
2026-08-23T13:41:55Z,20214,28190,48935
2026-08-23T13:41:57Z,20214,28190,48935
2026-08-23T13:41:59Z,20214,28190,48935
2026-08-23T13:42:01Z,20214,28190,48935
2026-08-23T13:42:03Z,20214,28190,48935
2026-08-23T13:42:05Z,20214,28190,48935
2026-08-23T13:42:07Z,20214,28190,48935
2026-08-23T13:42:09Z,20214,28190,48935
2026-08-23T13:42:11Z,20214,28190,48935
2026-08-23T13:42:13Z,20214,28190,48935
2026-08-23T13:42:15Z,20214,28190,48935
2026-08-23T13:42:17Z,20214,28190,48935
2026-08-23T13:42:19Z,20214,28190,48935
2026-08-23T13:42:21Z,20214,28190,48935
2026-08-23T13:42:23Z,20214,28190,48935
2026-08-23T13:42:25Z,20214,28190,48935
2026-08-23T13:42:27Z,20214,28190,48935
2026-08-23T13:42:29Z,20214,28190,48935
2026-08-23T13:42:31Z,20214,28190,48935
2026-08-23T13:42:33Z,20214,28190,48935
2026-08-23T13:42:35Z,20214,28190,48935
2026-08-23T13:42:38Z,20214,28190,48935
2026-08-23T13:42:40Z,20214,28190,48935
2026-08-23T13:42:42Z,20214,28190,48935
2026-08-23T13:42:44Z,20214,28190,48935
2026-08-23T13:42:46Z,20214,28190,48935
2026-08-23T13:42:48Z,20214,28190,48935
2026-08-23T13:42:50Z,20214,28190,48935
2026-08-23T13:42:52Z,20214,28190,48935
2026-08-23T13:42:54Z,20214,28190,48935
2026-08-23T13:42:56Z,20214,28190,48935
2026-08-23T13:42:58Z,20214,28190,48935
2026-08-23T13:43:00Z,20214,28190,48935
2026-08-23T13:43:02Z,20214,28190,48935
2026-08-23T13:43:04Z,20214,28190,48935
2026-08-23T13:43:06Z,20214,28190,48935
2026-08-23T13:43:08Z,20214,28190,48935
2026-08-23T13:43:10Z,20214,28190,48935
2026-08-23T13:43:12Z,20214,28190,48935
2026-08-23T13:43:14Z,20214,28190,48935
2026-08-23T13:43:16Z,20214,28190,48935
2026-08-23T13:43:18Z,20214,28190,48935
2026-08-23T13:43:20Z,20214,28190,48935
2026-08-23T13:43:22Z,20214,28190,48935
2026-08-23T13:43:24Z,20214,28190,48935
2026-08-23T13:43:26Z,20214,28190,48935
2026-08-23T13:43:28Z,20214,28190,48935
2026-08-23T13:43:30Z,20214,28190,48935
2026-08-23T13:43:32Z,20214,28190,48935
2026-08-23T13:43:34Z,20214,28190,48935
2026-08-23T13:43:36Z,20214,28190,48935
2026-08-23T13:43:38Z,20214,28190,48935
2026-08-23T13:43:40Z,20214,28190,48935
2026-08-23T13:43:42Z,20214,28190,48935
2026-08-23T13:43:44Z,20214,28190,48935
2026-08-23T13:43:46Z,20214,28190,48935
2026-08-23T13:43:48Z,20214,28190,48935
2026-08-23T13:43:50Z,20214,28190,48935
2026-08-23T13:43:52Z,20214,28190,48935
2026-08-23T13:43:54Z,20214,28190,48935
2026-08-23T13:43:56Z,20214,28190,48935
2026-08-23T13:43:58Z,20214,28190,48935
2026-08-23T13:44:00Z,20214,28190,48935
2026-08-23T13:44:03Z,20214,28190,48935
2026-08-23T13:44:05Z,20214,28190,48935
2026-08-23T13:44:07Z,20214,28190,48935
2026-08-23T13:44:09Z,20214,28190,48935
2026-08-23T13:44:11Z,20214,28190,48935
2026-08-23T13:44:13Z,20214,28190,48935
2026-08-23T13:44:15Z,20214,28190,48935
2026-08-23T13:44:17Z,20214,28190,48935
2026-08-23T13:44:19Z,20214,28190,48935
2026-08-23T13:44:21Z,20214,28190,48935
2026-08-23T13:44:23Z,20214,28190,48935
2026-08-23T13:44:25Z,20214,28190,48935
2026-08-23T13:44:27Z,20214,28190,48935
2026-08-23T13:44:29Z,20214,28190,48935
2026-08-23T13:44:31Z,20214,28190,48935
2026-08-23T13:44:33Z,20214,28190,48935
2026-08-23T13:44:35Z,20214,28190,48935
2026-08-23T13:44:37Z,20214,28190,48935
2026-08-23T13:44:39Z,20214,28190,48935
2026-08-23T13:44:41Z,20214,28190,48935
2026-08-23T13:44:43Z,20214,28190,48935
2026-08-23T13:44:45Z,20214,28190,48935
2026-08-23T13:44:47Z,20214,28190,48935
2026-08-23T13:44:49Z,20214,28190,48935
2026-08-23T13:44:51Z,20214,28190,48935
2026-08-23T13:44:53Z,20214,28190,48935
2026-08-23T13:44:55Z,20214,28190,48935
2026-08-23T13:44:57Z,20214,28190,48935
2026-08-23T13:44:59Z,20214,28190,48935
2026-08-23T13:45:01Z,20214,28190,48935
2026-08-23T13:45:03Z,20214,28190,48935
2026-08-23T13:45:05Z,20214,28190,48935
2026-08-23T13:45:07Z,20214,28190,48935
2026-08-23T13:45:09Z,20214,28190,48935
2026-08-23T13:45:11Z,20214,28190,48935
2026-08-23T13:45:13Z,20214,28190,48935
2026-08-23T13:45:15Z,20214,28190,48935
2026-08-23T13:45:17Z,20214,28190,48935
2026-08-23T13:45:19Z,20214,28190,48935
2026-08-23T13:45:21Z,20214,28190,48935
2026-08-23T13:45:23Z,20214,28190,48935
2026-08-23T13:45:26Z,20214,28190,48935
2026-08-23T13:45:28Z,20214,28190,48935
2026-08-23T13:45:30Z,20214,28190,48935
2026-08-23T13:45:32Z,20214,28190,48935
2026-08-23T13:45:34Z,20214,28190,48935
2026-08-23T13:45:36Z,20214,28190,48935
2026-08-23T13:45:38Z,20214,28190,48935
2026-08-23T13:45:40Z,20214,28190,48935
2026-08-23T13:45:42Z,20214,28190,48935
2026-08-23T13:45:44Z,20214,28190,48935
2026-08-23T13:45:46Z,20214,28190,48935
2026-08-23T13:45:48Z,20214,28190,48935
2026-08-23T13:45:50Z,20214,28190,48935
2026-08-23T13:45:52Z,20214,28190,48935
2026-08-23T13:45:54Z,20214,28190,48935
2026-08-23T13:45:56Z,20214,28190,48935
2026-08-23T13:45:58Z,20214,28190,48935
2026-08-23T13:46:00Z,20214,28190,48935
2026-08-23T13:46:02Z,20214,28190,48935
2026-08-23T13:46:04Z,20214,28190,48935
2026-08-23T13:46:06Z,20214,28190,48935
2026-08-23T13:46:08Z,20214,28190,48935
2026-08-23T13:46:10Z,20214,28190,48935
2026-08-23T13:46:12Z,20214,28190,48935
2026-08-23T13:46:14Z,20214,28190,48935
2026-08-23T13:46:16Z,20214,28190,48935
2026-08-23T13:46:18Z,20214,28190,48935
2026-08-23T13:46:20Z,20214,28190,48935
2026-08-23T13:46:22Z,20214,28190,48935
2026-08-23T13:46:24Z,20214,28190,48935
2026-08-23T13:46:26Z,20214,28190,48935
2026-08-23T13:46:28Z,20214,28190,48935
2026-08-23T13:46:30Z,20214,28190,48935
2026-08-23T13:46:32Z,20214,28190,48935
2026-08-23T13:46:34Z,20214,28190,48935
2026-08-23T13:46:36Z,20214,28190,48935
2026-08-23T13:46:38Z,20214,28190,48935
2026-08-23T13:46:40Z,20214,28190,48935
2026-08-23T13:46:42Z,20214,28190,48935
2026-08-23T13:46:44Z,20214,28190,48935
2026-08-23T13:46:46Z,20214,28190,48935
2026-08-23T13:46:49Z,20214,28190,48935
2026-08-23T13:46:51Z,20214,28190,48935
2026-08-23T13:46:53Z,20214,28190,48935
2026-08-23T13:46:55Z,20214,28190,48935
2026-08-23T13:46:57Z,20214,28190,48935
2026-08-23T13:46:59Z,20214,28190,48935
2026-08-23T13:47:01Z,20214,28190,48935
2026-08-23T13:47:03Z,20214,28190,48935
2026-08-23T13:47:05Z,20214,28190,48935
2026-08-23T13:47:07Z,20214,28190,48935
2026-08-23T13:47:09Z,20214,28190,48935
2026-08-23T13:47:11Z,20214,28190,48935
2026-08-23T13:47:13Z,20214,28190,48935
2026-08-23T13:47:15Z,20214,28190,48935
2026-08-23T13:47:17Z,20214,28190,48935
2026-08-23T13:47:19Z,20214,28190,48935
2026-08-23T13:47:21Z,13935,34469,48935
2026-08-23T13:47:23Z,14582,33822,48935
2026-08-23T13:47:25Z,20214,28190,48935
2026-08-23T13:47:27Z,20214,28190,48935
2026-08-23T13:47:29Z,20214,28190,48935
2026-08-23T13:47:31Z,17059,31345,48935
2026-08-23T13:47:33Z,17398,31006,48935
2026-08-23T13:47:35Z,20214,28190,48935
2026-08-23T13:47:37Z,20214,28190,48935
2026-08-23T13:47:39Z,17059,31345,48935
2026-08-23T13:47:41Z,20214,28190,48935
2026-08-23T13:47:43Z,20214,28190,48935
2026-08-23T13:47:45Z,20214,28190,48935
2026-08-23T13:47:47Z,20214,28190,48935
2026-08-23T13:47:49Z,20214,28190,48935
2026-08-23T13:47:51Z,20214,28190,48935
2026-08-23T13:47:53Z,20214,28190,48935
2026-08-23T13:47:55Z,20214,28190,48935
2026-08-23T13:47:57Z,20214,28190,48935
2026-08-23T13:47:59Z,20214,28190,48935
2026-08-23T13:48:01Z,20214,28190,48935
2026-08-23T13:48:03Z,20214,28190,48935
2026-08-23T13:48:05Z,20214,28190,48935
2026-08-23T13:48:07Z,20214,28190,48935
2026-08-23T13:48:09Z,20214,28190,48935
2026-08-23T13:48:11Z,20214,28190,48935
2026-08-23T13:48:14Z,20214,28190,48935
2026-08-23T13:48:16Z,20214,28190,48935
2026-08-23T13:48:18Z,20214,28190,48935
2026-08-23T13:48:20Z,20214,28190,48935
2026-08-23T13:48:22Z,20214,28190,48935
2026-08-23T13:48:24Z,20214,28190,48935
2026-08-23T13:48:26Z,20214,28190,48935
2026-08-23T13:48:28Z,20214,28190,48935
2026-08-23T13:48:30Z,20214,28190,48935
2026-08-23T13:48:32Z,20214,28190,48935
2026-08-23T13:48:34Z,20214,28190,48935
2026-08-23T13:48:36Z,20214,28190,48935
2026-08-23T13:48:38Z,20214,28190,48935
2026-08-23T13:48:40Z,20214,28190,48935
2026-08-23T13:48:42Z,20214,28190,48935
2026-08-23T13:48:44Z,20214,28190,48935
2026-08-23T13:48:46Z,20214,28190,48935
2026-08-23T13:48:48Z,20214,28190,48935
2026-08-23T13:48:50Z,20214,28190,48935
2026-08-23T13:48:52Z,20214,28190,48935
2026-08-23T13:48:54Z,20214,28190,48935
2026-08-23T13:48:56Z,20214,28190,48935
2026-08-23T13:48:58Z,20214,28190,48935
2026-08-23T13:49:00Z,20214,28190,48935
2026-08-23T13:49:02Z,20214,28190,48935
2026-08-23T13:49:04Z,20214,28190,48935
2026-08-23T13:49:06Z,20214,28190,48935
2026-08-23T13:49:08Z,20214,28190,48935
2026-08-23T13:49:10Z,20214,28190,48935
2026-08-23T13:49:12Z,20214,28190,48935
2026-08-23T13:49:14Z,20214,28190,48935
2026-08-23T13:49:16Z,20214,28190,48935
2026-08-23T13:49:18Z,20214,28190,48935
2026-08-23T13:49:20Z,20214,28190,48935
2026-08-23T13:49:22Z,20214,28190,48935
2026-08-23T13:49:24Z,20214,28190,48935
2026-08-23T13:49:26Z,20214,28190,48935
2026-08-23T13:49:28Z,20214,28190,48935
2026-08-23T13:49:30Z,20214,28190,48935
2026-08-23T13:49:32Z,20214,28190,48935
2026-08-23T13:49:34Z,20214,28190,48935
2026-08-23T13:49:37Z,20214,28190,48935
2026-08-23T13:49:39Z,20214,28190,48935
2026-08-23T13:49:41Z,20214,28190,48935
2026-08-23T13:49:43Z,20214,28190,48935
2026-08-23T13:49:45Z,20214,28190,48935
2026-08-23T13:49:47Z,20214,28190,48935
2026-08-23T13:49:49Z,20214,28190,48935
2026-08-23T13:49:51Z,20214,28190,48935
2026-08-23T13:49:53Z,20214,28190,48935
2026-08-23T13:49:55Z,20214,28190,48935
2026-08-23T13:49:57Z,20214,28190,48935
2026-08-23T13:49:59Z,20214,28190,48935
2026-08-23T13:50:01Z,20214,28190,48935
2026-08-23T13:50:03Z,20214,28190,48935
2026-08-23T13:50:05Z,20214,28190,48935
2026-08-23T13:50:07Z,20214,28190,48935
2026-08-23T13:50:09Z,20214,28190,48935
2026-08-23T13:50:11Z,20214,28190,48935
2026-08-23T13:50:13Z,20214,28190,48935
2026-08-23T13:50:15Z,20214,28190,48935
2026-08-23T13:50:17Z,20214,28190,48935
2026-08-23T13:50:19Z,20214,28190,48935
2026-08-23T13:50:21Z,20214,28190,48935
2026-08-23T13:50:23Z,20214,28190,48935
2026-08-23T13:50:25Z,20214,28190,48935
2026-08-23T13:50:27Z,20214,28190,48935
2026-08-23T13:50:29Z,20214,28190,48935
2026-08-23T13:50:31Z,20214,28190,48935
2026-08-23T13:50:33Z,20214,28190,48935
2026-08-23T13:50:35Z,20214,28190,48935
2026-08-23T13:50:37Z,20214,28190,48935
2026-08-23T13:50:39Z,20214,28190,48935
2026-08-23T13:50:41Z,20214,28190,48935
2026-08-23T13:50:43Z,20214,28190,48935
2026-08-23T13:50:45Z,20214,28190,48935
2026-08-23T13:50:47Z,20214,28190,48935
2026-08-23T13:50:49Z,20214,28190,48935
2026-08-23T13:50:51Z,20214,28190,48935
2026-08-23T13:50:53Z,20214,28190,48935
2026-08-23T13:50:55Z,20214,28190,48935
2026-08-23T13:50:57Z,20214,28190,48935
2026-08-23T13:51:00Z,20214,28190,48935
2026-08-23T13:51:02Z,20214,28190,48935
2026-08-23T13:51:04Z,20214,28190,48935
2026-08-23T13:51:06Z,20214,28190,48935
2026-08-23T13:51:08Z,20214,28190,48935
2026-08-23T13:51:10Z,20214,28190,48935
2026-08-23T13:51:12Z,20214,28190,48935
2026-08-23T13:51:14Z,20214,28190,48935
2026-08-23T13:51:16Z,20214,28190,48935
2026-08-23T13:51:18Z,20214,28190,48935
2026-08-23T13:51:20Z,20214,28190,48935
2026-08-23T13:51:22Z,20214,28190,48935
2026-08-23T13:51:24Z,20214,28190,48935
2026-08-23T13:51:26Z,20214,28190,48935
2026-08-23T13:51:28Z,20214,28190,48935
2026-08-23T13:51:30Z,20214,28190,48935
2026-08-23T13:51:32Z,20214,28190,48935
2026-08-23T13:51:34Z,20214,28190,48935
2026-08-23T13:51:36Z,20214,28190,48935
2026-08-23T13:51:38Z,20214,28190,48935
2026-08-23T13:51:40Z,20214,28190,48935
2026-08-23T13:51:42Z,20214,28190,48935
2026-08-23T13:51:44Z,20214,28190,48935
2026-08-23T13:51:46Z,20214,28190,48935
2026-08-23T13:51:48Z,20214,28190,48935
2026-08-23T13:51:50Z,20214,28190,48935
2026-08-23T13:51:52Z,20214,28190,48935
2026-08-23T13:51:54Z,20214,28190,48935
2026-08-23T13:51:56Z,20214,28190,48935
2026-08-23T13:51:58Z,20214,28190,48935
2026-08-23T13:52:00Z,20214,28190,48935
2026-08-23T13:52:02Z,20214,28190,48935
2026-08-23T13:52:04Z,20214,28190,48935
2026-08-23T13:52:06Z,20214,28190,48935
2026-08-23T13:52:08Z,20214,28190,48935
2026-08-23T13:52:10Z,20214,28190,48935
2026-08-23T13:52:12Z,20214,28190,48935
2026-08-23T13:52:14Z,20214,28190,48935
2026-08-23T13:52:16Z,20214,28190,48935
2026-08-23T13:52:18Z,20214,28190,48935
2026-08-23T13:52:21Z,20214,28190,48935
2026-08-23T13:52:23Z,20214,28190,48935
2026-08-23T13:52:25Z,20214,28190,48935
2026-08-23T13:52:27Z,20214,28190,48935
2026-08-23T13:52:29Z,20214,28190,48935
2026-08-23T13:52:31Z,20214,28190,48935
2026-08-23T13:52:33Z,20214,28190,48935
2026-08-23T13:52:35Z,20214,28190,48935
2026-08-23T13:52:37Z,20214,28190,48935
2026-08-23T13:52:39Z,20214,28190,48935
2026-08-23T13:52:41Z,20214,28190,48935
2026-08-23T13:52:43Z,20214,28190,48935
2026-08-23T13:52:45Z,20214,28190,48935
2026-08-23T13:52:47Z,20214,28190,48935
2026-08-23T13:52:49Z,20214,28190,48935
2026-08-23T13:52:51Z,20214,28190,48935
2026-08-23T13:52:53Z,20214,28190,48935
2026-08-23T13:52:55Z,20214,28190,48935
2026-08-23T13:52:57Z,20214,28190,48935
2026-08-23T13:52:59Z,20214,28190,48935
2026-08-23T13:53:01Z,20214,28190,48935
2026-08-23T13:53:03Z,20214,28190,48935
2026-08-23T13:53:05Z,20214,28190,48935
2026-08-23T13:53:07Z,20214,28190,48935
2026-08-23T13:53:09Z,20214,28190,48935
2026-08-23T13:53:11Z,20214,28190,48935
2026-08-23T13:53:13Z,20214,28190,48935
2026-08-23T13:53:15Z,20214,28190,48935
2026-08-23T13:53:17Z,20214,28190,48935
2026-08-23T13:53:19Z,20214,28190,48935
2026-08-23T13:53:21Z,20214,28190,48935
2026-08-23T13:53:23Z,20214,28190,48935
2026-08-23T13:53:25Z,20214,28190,48935
2026-08-23T13:53:27Z,20214,28190,48935
2026-08-23T13:53:29Z,20214,28190,48935
2026-08-23T13:53:31Z,20214,28190,48935
2026-08-23T13:53:33Z,20214,28190,48935
2026-08-23T13:53:35Z,20214,28190,48935
2026-08-23T13:53:37Z,20214,28190,48935
2026-08-23T13:53:39Z,20214,28190,48935
2026-08-23T13:53:41Z,20214,28190,48935
2026-08-23T13:53:43Z,20214,28190,48935
2026-08-23T13:53:46Z,20214,28190,48935
2026-08-23T13:53:48Z,20214,28190,48935
2026-08-23T13:53:50Z,20214,28190,48935
2026-08-23T13:53:52Z,20214,28190,48935
2026-08-23T13:53:54Z,20214,28190,48935
2026-08-23T13:53:56Z,20214,28190,48935
2026-08-23T13:53:58Z,20214,28190,48935
2026-08-23T13:54:00Z,20214,28190,48935
2026-08-23T13:54:02Z,20214,28190,48935
2026-08-23T13:54:04Z,20214,28190,48935
2026-08-23T13:54:06Z,20214,28190,48935
2026-08-23T13:54:08Z,20214,28190,48935
2026-08-23T13:54:10Z,20214,28190,48935
2026-08-23T13:54:12Z,20214,28190,48935
2026-08-23T13:54:14Z,20214,28190,48935
2026-08-23T13:54:16Z,20214,28190,48935
2026-08-23T13:54:18Z,20214,28190,48935
2026-08-23T13:54:20Z,20214,28190,48935
2026-08-23T13:54:22Z,20214,28190,48935
2026-08-23T13:54:24Z,20214,28190,48935
2026-08-23T13:54:26Z,20214,28190,48935
2026-08-23T13:54:28Z,20214,28190,48935
2026-08-23T13:54:30Z,20214,28190,48935
2026-08-23T13:54:32Z,20214,28190,48935
2026-08-23T13:54:34Z,20214,28190,48935
2026-08-23T13:54:36Z,20214,28190,48935
2026-08-23T13:54:38Z,20214,28190,48935
2026-08-23T13:54:40Z,20214,28190,48935
2026-08-23T13:54:42Z,20214,28190,48935
2026-08-23T13:54:44Z,20214,28190,48935
2026-08-23T13:54:46Z,20214,28190,48935
2026-08-23T13:54:48Z,20214,28190,48935
2026-08-23T13:54:50Z,20214,28190,48935
2026-08-23T13:54:52Z,20214,28190,48935
2026-08-23T13:54:54Z,20214,28190,48935
2026-08-23T13:54:56Z,20214,28190,48935
2026-08-23T13:54:58Z,20214,28190,48935
2026-08-23T13:55:00Z,20214,28190,48935
2026-08-23T13:55:02Z,20214,28190,48935
2026-08-23T13:55:04Z,20214,28190,48935
2026-08-23T13:55:06Z,20214,28190,48935
2026-08-23T13:55:09Z,20214,28190,48935
2026-08-23T13:55:11Z,20214,28190,48935
2026-08-23T13:55:13Z,20214,28190,48935
2026-08-23T13:55:15Z,20214,28190,48935
2026-08-23T13:55:17Z,20214,28190,48935
2026-08-23T13:55:19Z,20214,28190,48935
2026-08-23T13:55:21Z,20214,28190,48935
2026-08-23T13:55:23Z,20214,28190,48935
2026-08-23T13:55:25Z,20214,28190,48935
2026-08-23T13:55:27Z,20214,28190,48935
2026-08-23T13:55:29Z,20214,28190,48935
2026-08-23T13:55:31Z,20214,28190,48935
2026-08-23T13:55:33Z,20214,28190,48935
2026-08-23T13:55:35Z,20214,28190,48935
2026-08-23T13:55:37Z,20214,28190,48935
2026-08-23T13:55:39Z,20214,28190,48935
2026-08-23T13:55:41Z,20214,28190,48935
2026-08-23T13:55:43Z,20214,28190,48935
2026-08-23T13:55:45Z,20214,28190,48935
2026-08-23T13:55:47Z,20214,28190,48935
2026-08-23T13:55:49Z,20214,28190,48935
2026-08-23T13:55:51Z,20214,28190,48935
2026-08-23T13:55:53Z,20214,28190,48935
2026-08-23T13:55:55Z,20214,28190,48935
2026-08-23T13:55:57Z,20214,28190,48935
2026-08-23T13:55:59Z,20214,28190,48935
2026-08-23T13:56:01Z,20214,28190,48935
2026-08-23T13:56:03Z,20214,28190,48935
2026-08-23T13:56:05Z,20214,28190,48935
2026-08-23T13:56:07Z,20214,28190,48935
2026-08-23T13:56:09Z,20214,28190,48935
2026-08-23T13:56:11Z,20214,28190,48935
2026-08-23T13:56:13Z,20214,28190,48935
2026-08-23T13:56:15Z,20214,28190,48935
2026-08-23T13:56:17Z,20214,28190,48935
2026-08-23T13:56:19Z,20214,28190,48935
2026-08-23T13:56:21Z,20214,28190,48935
2026-08-23T13:56:23Z,20214,28190,48935
2026-08-23T13:56:25Z,20214,28190,48935
2026-08-23T13:56:27Z,20214,28190,48935
2026-08-23T13:56:29Z,20214,28190,48935
2026-08-23T13:56:32Z,20214,28190,48935
2026-08-23T13:56:34Z,20214,28190,48935
2026-08-23T13:56:36Z,20214,28190,48935
2026-08-23T13:56:38Z,20214,28190,48935
2026-08-23T13:56:40Z,20214,28190,48935
2026-08-23T13:56:42Z,20214,28190,48935
2026-08-23T13:56:44Z,20214,28190,48935
2026-08-23T13:56:46Z,20214,28190,48935
2026-08-23T13:56:48Z,20214,28190,48935
2026-08-23T13:56:50Z,20214,28190,48935
2026-08-23T13:56:52Z,20214,28190,48935
2026-08-23T13:56:54Z,20214,28190,48935
2026-08-23T13:56:56Z,20214,28190,48935
2026-08-23T13:56:58Z,20214,28190,48935
2026-08-23T13:57:00Z,20214,28190,48935
2026-08-23T13:57:02Z,20214,28190,48935
2026-08-23T13:57:04Z,20214,28190,48935
2026-08-23T13:57:06Z,20214,28190,48935
2026-08-23T13:57:08Z,20214,28190,48935
2026-08-23T13:57:10Z,20214,28190,48935
2026-08-23T13:57:12Z,20214,28190,48935
2026-08-23T13:57:14Z,20214,28190,48935
2026-08-23T13:57:16Z,20214,28190,48935
2026-08-23T13:57:18Z,20214,28190,48935
2026-08-23T13:57:20Z,20214,28190,48935
2026-08-23T13:57:22Z,20214,28190,48935
2026-08-23T13:57:24Z,20214,28190,48935
2026-08-23T13:57:26Z,20214,28190,48935
2026-08-23T13:57:28Z,20214,28190,48935
2026-08-23T13:57:30Z,20214,28190,48935
2026-08-23T13:57:32Z,20214,28190,48935
2026-08-23T13:57:34Z,20214,28190,48935
2026-08-23T13:57:36Z,20214,28190,48935
2026-08-23T13:57:38Z,20214,28190,48935
2026-08-23T13:57:40Z,20214,28190,48935
2026-08-23T13:57:42Z,20214,28190,48935
2026-08-23T13:57:44Z,20214,28190,48935
2026-08-23T13:57:46Z,20214,28190,48935
2026-08-23T13:57:48Z,20214,28190,48935
2026-08-23T13:57:50Z,20214,28190,48935
2026-08-23T13:57:52Z,20214,28190,48935
2026-08-23T13:57:55Z,20214,28190,48935
2026-08-23T13:57:57Z,20214,28190,48935
2026-08-23T13:57:59Z,20214,28190,48935
2026-08-23T13:58:01Z,20214,28190,48935
2026-08-23T13:58:03Z,20214,28190,48935
2026-08-23T13:58:05Z,20214,28190,48935
2026-08-23T13:58:07Z,20214,28190,48935
2026-08-23T13:58:09Z,20214,28190,48935
2026-08-23T13:58:11Z,20214,28190,48935
2026-08-23T13:58:13Z,20214,28190,48935
2026-08-23T13:58:15Z,20214,28190,48935
2026-08-23T13:58:17Z,20214,28190,48935
2026-08-23T13:58:19Z,20214,28190,48935
2026-08-23T13:58:21Z,20214,28190,48935
2026-08-23T13:58:23Z,20214,28190,48935
2026-08-23T13:58:25Z,20214,28190,48935
2026-08-23T13:58:27Z,20214,28190,48935
2026-08-23T13:58:29Z,20214,28190,48935
2026-08-23T13:58:31Z,20214,28190,48935
2026-08-23T13:58:33Z,20214,28190,48935
2026-08-23T13:58:35Z,20214,28190,48935
2026-08-23T13:58:37Z,20214,28190,48935
2026-08-23T13:58:39Z,20214,28190,48935
2026-08-23T13:58:41Z,20214,28190,48935
2026-08-23T13:58:43Z,20214,28190,48935
2026-08-23T13:58:45Z,20214,28190,48935
2026-08-23T13:58:47Z,20214,28190,48935
2026-08-23T13:58:49Z,20214,28190,48935
2026-08-23T13:58:51Z,20214,28190,48935
2026-08-23T13:58:53Z,20214,28190,48935
2026-08-23T13:58:55Z,20214,28190,48935
2026-08-23T13:58:57Z,20214,28190,48935
2026-08-23T13:58:59Z,20214,28190,48935
2026-08-23T13:59:01Z,20214,28190,48935
2026-08-23T13:59:03Z,20214,28190,48935
2026-08-23T13:59:05Z,20214,28190,48935
2026-08-23T13:59:07Z,20214,28190,48935
2026-08-23T13:59:09Z,20214,28190,48935
2026-08-23T13:59:11Z,20214,28190,48935
2026-08-23T13:59:13Z,20214,28190,48935
2026-08-23T13:59:15Z,20214,28190,48935
2026-08-23T13:59:18Z,20214,28190,48935
2026-08-23T13:59:20Z,20214,28190,48935
2026-08-23T13:59:22Z,20214,28190,48935
2026-08-23T13:59:24Z,20214,28190,48935
2026-08-23T13:59:26Z,17398,31006,48935
2026-08-23T13:59:28Z,20214,28190,48935
2026-08-23T13:59:30Z,20214,28190,48935
2026-08-23T13:59:32Z,20214,28190,48935
2026-08-23T13:59:34Z,20214,28190,48935
2026-08-23T13:59:36Z,20214,28190,48935
2026-08-23T13:59:38Z,20214,28190,48935
2026-08-23T13:59:40Z,20214,28190,48935
2026-08-23T13:59:42Z,20214,28190,48935
2026-08-23T13:59:44Z,20214,28190,48935
2026-08-23T13:59:46Z,20214,28190,48935
2026-08-23T13:59:48Z,20214,28190,48935
2026-08-23T13:59:50Z,20214,28190,48935
2026-08-23T13:59:52Z,20214,28190,48935
2026-08-23T13:59:54Z,20214,28190,48935
2026-08-23T13:59:56Z,20214,28190,48935
2026-08-23T13:59:58Z,20214,28190,48935
2026-08-23T14:00:00Z,20214,28190,48935
2026-08-23T14:00:02Z,20214,28190,48935
2026-08-23T14:00:04Z,20214,28190,48935
2026-08-23T14:00:06Z,20214,28190,48935
2026-08-23T14:00:08Z,20214,28190,48935
2026-08-23T14:00:10Z,20214,28190,48935
2026-08-23T14:00:12Z,20214,28190,48935
2026-08-23T14:00:14Z,20214,28190,48935
2026-08-23T14:00:16Z,20214,28190,48935
2026-08-23T14:00:18Z,20214,28190,48935
2026-08-23T14:00:20Z,20214,28190,48935
2026-08-23T14:00:22Z,20214,28190,48935
2026-08-23T14:00:24Z,20214,28190,48935
2026-08-23T14:00:26Z,20214,28190,48935
2026-08-23T14:00:28Z,20214,28190,48935
2026-08-23T14:00:30Z,20214,28190,48935
2026-08-23T14:00:32Z,20214,28190,48935
2026-08-23T14:00:34Z,20214,28190,48935
2026-08-23T14:00:36Z,20214,28190,48935
2026-08-23T14:00:38Z,17059,31345,48935
2026-08-23T14:00:40Z,17398,31006,48935
2026-08-23T14:00:43Z,20214,28190,48935
2026-08-23T14:00:45Z,20214,28190,48935
2026-08-23T14:00:47Z,20214,28190,48935
2026-08-23T14:00:49Z,20214,28190,48935
2026-08-23T14:00:51Z,20214,28190,48935
2026-08-23T14:00:53Z,20214,28190,48935
2026-08-23T14:00:55Z,20214,28190,48935
2026-08-23T14:00:57Z,20214,28190,48935
2026-08-23T14:00:59Z,20214,28190,48935
2026-08-23T14:01:01Z,20214,28190,48935
2026-08-23T14:01:03Z,20214,28190,48935
2026-08-23T14:01:05Z,20214,28190,48935
2026-08-23T14:01:07Z,20214,28190,48935
2026-08-23T14:01:09Z,20214,28190,48935
2026-08-23T14:01:11Z,20214,28190,48935
2026-08-23T14:01:13Z,20214,28190,48935
2026-08-23T14:01:15Z,20214,28190,48935
2026-08-23T14:01:17Z,20214,28190,48935
2026-08-23T14:01:19Z,20214,28190,48935
2026-08-23T14:01:21Z,20214,28190,48935
2026-08-23T14:01:23Z,20214,28190,48935
2026-08-23T14:01:25Z,20214,28190,48935
2026-08-23T14:01:27Z,20214,28190,48935
2026-08-23T14:01:29Z,20214,28190,48935
2026-08-23T14:01:31Z,20214,28190,48935
2026-08-23T14:01:33Z,20214,28190,48935
2026-08-23T14:01:35Z,20214,28190,48935
2026-08-23T14:01:37Z,20214,28190,48935
2026-08-23T14:01:39Z,20214,28190,48935
2026-08-23T14:01:41Z,20214,28190,48935
2026-08-23T14:01:43Z,20214,28190,48935
2026-08-23T14:01:45Z,20214,28190,48935
2026-08-23T14:01:47Z,20214,28190,48935
2026-08-23T14:01:49Z,20214,28190,48935
2026-08-23T14:01:51Z,20214,28190,48935
2026-08-23T14:01:53Z,20214,28190,48935
2026-08-23T14:01:55Z,20214,28190,48935
2026-08-23T14:01:57Z,20214,28190,48935
2026-08-23T14:01:59Z,20214,28190,48935
2026-08-23T14:02:01Z,20214,28190,48935
2026-08-23T14:02:03Z,20214,28190,48935
2026-08-23T14:02:05Z,20214,28190,48935
2026-08-23T14:02:08Z,20214,28190,48935
2026-08-23T14:02:10Z,20214,28190,48935
2026-08-23T14:02:12Z,20214,28190,48935
2026-08-23T14:02:14Z,20214,28190,48935
2026-08-23T14:02:16Z,20214,28190,48935
2026-08-23T14:02:18Z,20214,28190,48935
2026-08-23T14:02:20Z,20214,28190,48935
2026-08-23T14:02:22Z,20214,28190,48935
2026-08-23T14:02:24Z,20214,28190,48935
2026-08-23T14:02:26Z,20214,28190,48935
2026-08-23T14:02:28Z,20214,28190,48935
2026-08-23T14:02:30Z,20214,28190,48935
2026-08-23T14:02:32Z,20214,28190,48935
2026-08-23T14:02:34Z,20214,28190,48935
2026-08-23T14:02:36Z,20214,28190,48935
2026-08-23T14:02:38Z,20214,28190,48935
2026-08-23T14:02:40Z,20214,28190,48935
2026-08-23T14:02:42Z,20214,28190,48935
2026-08-23T14:02:44Z,20214,28190,48935
2026-08-23T14:02:46Z,20214,28190,48935
2026-08-23T14:02:48Z,20214,28190,48935
2026-08-23T14:02:50Z,20214,28190,48935
2026-08-23T14:02:52Z,20214,28190,48935
2026-08-23T14:02:54Z,20214,28190,48935
2026-08-23T14:02:56Z,20214,28190,48935
2026-08-23T14:02:58Z,20214,28190,48935
2026-08-23T14:03:00Z,20214,28190,48935
2026-08-23T14:03:02Z,20214,28190,48935
2026-08-23T14:03:04Z,20214,28190,48935
2026-08-23T14:03:06Z,20214,28190,48935
2026-08-23T14:03:08Z,20214,28190,48935
2026-08-23T14:03:10Z,20214,28190,48935
2026-08-23T14:03:12Z,20214,28190,48935
2026-08-23T14:03:14Z,20214,28190,48935
2026-08-23T14:03:16Z,20214,28190,48935
2026-08-23T14:03:18Z,20214,28190,48935
2026-08-23T14:03:20Z,20214,28190,48935
2026-08-23T14:03:22Z,20214,28190,48935
2026-08-23T14:03:24Z,20214,28190,48935
2026-08-23T14:03:26Z,20214,28190,48935
2026-08-23T14:03:28Z,20214,28190,48935
2026-08-23T14:03:30Z,20214,28190,48935
2026-08-23T14:03:33Z,20214,28190,48935
2026-08-23T14:03:35Z,20214,28190,48935
2026-08-23T14:03:37Z,20214,28190,48935
2026-08-23T14:03:39Z,20214,28190,48935
2026-08-23T14:03:41Z,20214,28190,48935
2026-08-23T14:03:43Z,20214,28190,48935
2026-08-23T14:03:45Z,20214,28190,48935
2026-08-23T14:03:47Z,20214,28190,48935
2026-08-23T14:03:49Z,20214,28190,48935
2026-08-23T14:03:51Z,20214,28190,48935
2026-08-23T14:03:53Z,20214,28190,48935
2026-08-23T14:03:55Z,20214,28190,48935
2026-08-23T14:03:57Z,20214,28190,48935
2026-08-23T14:03:59Z,20214,28190,48935
2026-08-23T14:04:01Z,20214,28190,48935
2026-08-23T14:04:03Z,20214,28190,48935
2026-08-23T14:04:05Z,20214,28190,48935
2026-08-23T14:04:07Z,20214,28190,48935
2026-08-23T14:04:09Z,20214,28190,48935
2026-08-23T14:04:11Z,20214,28190,48935
2026-08-23T14:04:13Z,20214,28190,48935
2026-08-23T14:04:15Z,20214,28190,48935
2026-08-23T14:04:17Z,20214,28190,48935
2026-08-23T14:04:19Z,20214,28190,48935
2026-08-23T14:04:21Z,20214,28190,48935
2026-08-23T14:04:23Z,20214,28190,48935
2026-08-23T14:04:25Z,20214,28190,48935
2026-08-23T14:04:27Z,20214,28190,48935
2026-08-23T14:04:29Z,20214,28190,48935
2026-08-23T14:04:31Z,20214,28190,48935
2026-08-23T14:04:33Z,20214,28190,48935
2026-08-23T14:04:35Z,20214,28190,48935
2026-08-23T14:04:37Z,20214,28190,48935
2026-08-23T14:04:39Z,20214,28190,48935
2026-08-23T14:04:41Z,20214,28190,48935
2026-08-23T14:04:43Z,20214,28190,48935
2026-08-23T14:04:45Z,20214,28190,48935
2026-08-23T14:04:47Z,20214,28190,48935
2026-08-23T14:04:49Z,20214,28190,48935
2026-08-23T14:04:51Z,20214,28190,48935
2026-08-23T14:04:53Z,20214,28190,48935
2026-08-23T14:04:56Z,20214,28190,48935
2026-08-23T14:04:58Z,20214,28190,48935
2026-08-23T14:05:00Z,20214,28190,48935
2026-08-23T14:05:02Z,20214,28190,48935
2026-08-23T14:05:04Z,20214,28190,48935
2026-08-23T14:05:06Z,20214,28190,48935
2026-08-23T14:05:08Z,20214,28190,48935
2026-08-23T14:05:10Z,20214,28190,48935
2026-08-23T14:05:12Z,20214,28190,48935
2026-08-23T14:05:14Z,20214,28190,48935
2026-08-23T14:05:16Z,20214,28190,48935
2026-08-23T14:05:18Z,20214,28190,48935
2026-08-23T14:05:20Z,20214,28190,48935
2026-08-23T14:05:22Z,20214,28190,48935
2026-08-23T14:05:24Z,20214,28190,48935
2026-08-23T14:05:26Z,20214,28190,48935
2026-08-23T14:05:28Z,20214,28190,48935
2026-08-23T14:05:30Z,20214,28190,48935
2026-08-23T14:05:32Z,20214,28190,48935
2026-08-23T14:05:34Z,20214,28190,48935
2026-08-23T14:05:36Z,20214,28190,48935
2026-08-23T14:05:38Z,20214,28190,48935
2026-08-23T14:05:40Z,20214,28190,48935
2026-08-23T14:05:42Z,20214,28190,48935
2026-08-23T14:05:44Z,20214,28190,48935
2026-08-23T14:05:46Z,20214,28190,48935
2026-08-23T14:05:48Z,20214,28190,48935
2026-08-23T14:05:50Z,20214,28190,48935
2026-08-23T14:05:52Z,20214,28190,48935
2026-08-23T14:05:54Z,20214,28190,48935
2026-08-23T14:05:56Z,20214,28190,48935
2026-08-23T14:05:58Z,20214,28190,48935
2026-08-23T14:06:00Z,20214,28190,48935
2026-08-23T14:06:02Z,20214,28190,48935
2026-08-23T14:06:04Z,20214,28190,48935
2026-08-23T14:06:06Z,20214,28190,48935
2026-08-23T14:06:08Z,20214,28190,48935
2026-08-23T14:06:10Z,20214,28190,48935
2026-08-23T14:06:12Z,20214,28190,48935
2026-08-23T14:06:14Z,20214,28190,48935
2026-08-23T14:06:16Z,20214,28190,48935
2026-08-23T14:06:18Z,20214,28190,48935
2026-08-23T14:06:21Z,20214,28190,48935
2026-08-23T14:06:23Z,20214,28190,48935
2026-08-23T14:06:25Z,20214,28190,48935
2026-08-23T14:06:27Z,20214,28190,48935
2026-08-23T14:06:29Z,17059,31345,48935
2026-08-23T14:06:31Z,17398,31006,48935
2026-08-23T14:06:33Z,20214,28190,48935
2026-08-23T14:06:35Z,20214,28190,48935
2026-08-23T14:06:37Z,20214,28190,48935
2026-08-23T14:06:39Z,20214,28190,48935
2026-08-23T14:06:41Z,20214,28190,48935
2026-08-23T14:06:43Z,20214,28190,48935
2026-08-23T14:06:45Z,20214,28190,48935
2026-08-23T14:06:47Z,20214,28190,48935
2026-08-23T14:06:49Z,20214,28190,48935
2026-08-23T14:06:51Z,20214,28190,48935
2026-08-23T14:06:53Z,20214,28190,48935
2026-08-23T14:06:55Z,20214,28190,48935
2026-08-23T14:06:57Z,20214,28190,48935
2026-08-23T14:06:59Z,20214,28190,48935
2026-08-23T14:07:01Z,20214,28190,48935
2026-08-23T14:07:03Z,20214,28190,48935
2026-08-23T14:07:05Z,20214,28190,48935
2026-08-23T14:07:07Z,20214,28190,48935
2026-08-23T14:07:09Z,20214,28190,48935
2026-08-23T14:07:11Z,20214,28190,48935
2026-08-23T14:07:13Z,20214,28190,48935
2026-08-23T14:07:15Z,20214,28190,48935
2026-08-23T14:07:17Z,20214,28190,48935
2026-08-23T14:07:19Z,20214,28190,48935
2026-08-23T14:07:21Z,20214,28190,48935
2026-08-23T14:07:23Z,20214,28190,48935
2026-08-23T14:07:25Z,20214,28190,48935
2026-08-23T14:07:27Z,20214,28190,48935
2026-08-23T14:07:29Z,20214,28190,48935
2026-08-23T14:07:31Z,20214,28190,48935
2026-08-23T14:07:33Z,20214,28190,48935
2026-08-23T14:07:35Z,20214,28190,48935
2026-08-23T14:07:37Z,20214,28190,48935
2026-08-23T14:07:39Z,20214,28190,48935
2026-08-23T14:07:41Z,20214,28190,48935
2026-08-23T14:07:43Z,20214,28190,48935
2026-08-23T14:07:46Z,20214,28190,48935
2026-08-23T14:07:48Z,20214,28190,48935
2026-08-23T14:07:50Z,20214,28190,48935
2026-08-23T14:07:52Z,20214,28190,48935
2026-08-23T14:07:54Z,20214,28190,48935
2026-08-23T14:07:56Z,20214,28190,48935
2026-08-23T14:07:58Z,20214,28190,48935
2026-08-23T14:08:00Z,20214,28190,48935
2026-08-23T14:08:02Z,20214,28190,48935
2026-08-23T14:08:04Z,20214,28190,48935
2026-08-23T14:08:06Z,20214,28190,48935
2026-08-23T14:08:08Z,20214,28190,48935
2026-08-23T14:08:10Z,20214,28190,48935
2026-08-23T14:08:12Z,20214,28190,48935
2026-08-23T14:08:14Z,20214,28190,48935
2026-08-23T14:08:16Z,20214,28190,48935
2026-08-23T14:08:18Z,20214,28190,48935
2026-08-23T14:08:20Z,20214,28190,48935
2026-08-23T14:08:22Z,20214,28190,48935
2026-08-23T14:08:24Z,20214,28190,48935
2026-08-23T14:08:26Z,20214,28190,48935
2026-08-23T14:08:28Z,20214,28190,48935
2026-08-23T14:08:30Z,20214,28190,48935
2026-08-23T14:08:32Z,20214,28190,48935
2026-08-23T14:08:34Z,20214,28190,48935
2026-08-23T14:08:36Z,20214,28190,48935
2026-08-23T14:08:38Z,20214,28190,48935
2026-08-23T14:08:40Z,20214,28190,48935
2026-08-23T14:08:42Z,20214,28190,48935
2026-08-23T14:08:44Z,20214,28190,48935
2026-08-23T14:08:46Z,20214,28190,48935
2026-08-23T14:08:48Z,20214,28190,48935
2026-08-23T14:08:50Z,20214,28190,48935
2026-08-23T14:08:52Z,20214,28190,48935
2026-08-23T14:08:54Z,20214,28190,48935
2026-08-23T14:08:56Z,20214,28190,48935
2026-08-23T14:08:58Z,20214,28190,48935
2026-08-23T14:09:00Z,20214,28190,48935
2026-08-23T14:09:02Z,20214,28190,48935
2026-08-23T14:09:04Z,20214,28190,48935
2026-08-23T14:09:06Z,20214,28190,48935
2026-08-23T14:09:09Z,20214,28190,48935
2026-08-23T14:09:11Z,20214,28190,48935
2026-08-23T14:09:13Z,20214,28190,48935
2026-08-23T14:09:15Z,20214,28190,48935
2026-08-23T14:09:17Z,20214,28190,48935
2026-08-23T14:09:19Z,20214,28190,48935
2026-08-23T14:09:21Z,20214,28190,48935
2026-08-23T14:09:23Z,20214,28190,48935
2026-08-23T14:09:25Z,20214,28190,48935
2026-08-23T14:09:27Z,20214,28190,48935
2026-08-23T14:09:29Z,20214,28190,48935
2026-08-23T14:09:31Z,20214,28190,48935
2026-08-23T14:09:33Z,17059,31345,48935
2026-08-23T14:09:35Z,17398,31006,48935
2026-08-23T14:09:37Z,20214,28190,48935
2026-08-23T14:09:39Z,20214,28190,48935
2026-08-23T14:09:41Z,20214,28190,48935
2026-08-23T14:09:43Z,20214,28190,48935
2026-08-23T14:09:45Z,20214,28190,48935
2026-08-23T14:09:47Z,20214,28190,48935
2026-08-23T14:09:49Z,20214,28190,48935
2026-08-23T14:09:51Z,20214,28190,48935
2026-08-23T14:09:53Z,20214,28190,48935
2026-08-23T14:09:55Z,20214,28190,48935
2026-08-23T14:09:57Z,20214,28190,48935
2026-08-23T14:09:59Z,20214,28190,48935
2026-08-23T14:10:01Z,20214,28190,48935
2026-08-23T14:10:03Z,20214,28190,48935
2026-08-23T14:10:05Z,20214,28190,48935
2026-08-23T14:10:07Z,20214,28190,48935
2026-08-23T14:10:09Z,20214,28190,48935
2026-08-23T14:10:11Z,20214,28190,48935
2026-08-23T14:10:13Z,20214,28190,48935
2026-08-23T14:10:15Z,20214,28190,48935
2026-08-23T14:10:17Z,20214,28190,48935
2026-08-23T14:10:19Z,20214,28190,48935
2026-08-23T14:10:21Z,20214,28190,48935
2026-08-23T14:10:23Z,20214,28190,48935
2026-08-23T14:10:25Z,20214,28190,48935
2026-08-23T14:10:27Z,20214,28190,48935
2026-08-23T14:10:29Z,20214,28190,48935
2026-08-23T14:10:31Z,20214,28190,48935
2026-08-23T14:10:34Z,20214,28190,48935
2026-08-23T14:10:36Z,20214,28190,48935
2026-08-23T14:10:38Z,20214,28190,48935
2026-08-23T14:10:40Z,20214,28190,48935
2026-08-23T14:10:42Z,20214,28190,48935
2026-08-23T14:10:44Z,20214,28190,48935
2026-08-23T14:10:46Z,20214,28190,48935
2026-08-23T14:10:48Z,20214,28190,48935
2026-08-23T14:10:50Z,20214,28190,48935
2026-08-23T14:10:52Z,20214,28190,48935
2026-08-23T14:10:54Z,20214,28190,48935
2026-08-23T14:10:56Z,20214,28190,48935
2026-08-23T14:10:58Z,20214,28190,48935
2026-08-23T14:11:00Z,20214,28190,48935
2026-08-23T14:11:02Z,20214,28190,48935
2026-08-23T14:11:04Z,20214,28190,48935
2026-08-23T14:11:06Z,20214,28190,48935
2026-08-23T14:11:08Z,20214,28190,48935
2026-08-23T14:11:10Z,20214,28190,48935
2026-08-23T14:11:12Z,20214,28190,48935
2026-08-23T14:11:14Z,20214,28190,48935
2026-08-23T14:11:16Z,20214,28190,48935
2026-08-23T14:11:18Z,20214,28190,48935
2026-08-23T14:11:20Z,20214,28190,48935
2026-08-23T14:11:22Z,20214,28190,48935
2026-08-23T14:11:24Z,20214,28190,48935
2026-08-23T14:11:26Z,20214,28190,48935
2026-08-23T14:11:28Z,20214,28190,48935
2026-08-23T14:11:30Z,20214,28190,48935
2026-08-23T14:11:32Z,20214,28190,48935
2026-08-23T14:11:34Z,20214,28190,48935
2026-08-23T14:11:36Z,20214,28190,48935
2026-08-23T14:11:38Z,20214,28190,48935
2026-08-23T14:11:40Z,20214,28190,48935
2026-08-23T14:11:42Z,20214,28190,48935
2026-08-23T14:11:44Z,20214,28190,48935
2026-08-23T14:11:46Z,20214,28190,48935
2026-08-23T14:11:48Z,20214,28190,48935
2026-08-23T14:11:50Z,20214,28190,48935
2026-08-23T14:11:52Z,20214,28190,48935
2026-08-23T14:11:54Z,20214,28190,48935
2026-08-23T14:11:56Z,20214,28190,48935
2026-08-23T14:11:59Z,20214,28190,48935
2026-08-23T14:12:01Z,20214,28190,48935
2026-08-23T14:12:03Z,20214,28190,48935
2026-08-23T14:12:05Z,20214,28190,48935
2026-08-23T14:12:07Z,20214,28190,48935
2026-08-23T14:12:09Z,20214,28190,48935
2026-08-23T14:12:11Z,20214,28190,48935
2026-08-23T14:12:13Z,20214,28190,48935
2026-08-23T14:12:15Z,20214,28190,48935
2026-08-23T14:12:17Z,20214,28190,48935
2026-08-23T14:12:19Z,20214,28190,48935
2026-08-23T14:12:21Z,20214,28190,48935
2026-08-23T14:12:23Z,20214,28190,48935
2026-08-23T14:12:25Z,20214,28190,48935
2026-08-23T14:12:27Z,20214,28190,48935
2026-08-23T14:12:29Z,20214,28190,48935
2026-08-23T14:12:31Z,20214,28190,48935
2026-08-23T14:12:33Z,20214,28190,48935
2026-08-23T14:12:35Z,20214,28190,48935
2026-08-23T14:12:37Z,20214,28190,48935
2026-08-23T14:12:39Z,20214,28190,48935
2026-08-23T14:12:41Z,20214,28190,48935
2026-08-23T14:12:43Z,20214,28190,48935
2026-08-23T14:12:45Z,20214,28190,48935
2026-08-23T14:12:47Z,20214,28190,48935
2026-08-23T14:12:49Z,20214,28190,48935
2026-08-23T14:12:51Z,20214,28190,48935
2026-08-23T14:12:53Z,20214,28190,48935
2026-08-23T14:12:55Z,20214,28190,48935
2026-08-23T14:12:57Z,20214,28190,48935
2026-08-23T14:12:59Z,20214,28190,48935
2026-08-23T14:13:01Z,20214,28190,48935
2026-08-23T14:13:03Z,20214,28190,48935
2026-08-23T14:13:05Z,20214,28190,48935
2026-08-23T14:13:07Z,20214,28190,48935
2026-08-23T14:13:09Z,20214,28190,48935
2026-08-23T14:13:11Z,20214,28190,48935
2026-08-23T14:13:13Z,17059,31345,48935
2026-08-23T14:13:15Z,17398,31006,48935
2026-08-23T14:13:17Z,17398,31006,48935
2026-08-23T14:13:19Z,20214,28190,48935
2026-08-23T14:13:22Z,20214,28190,48935
2026-08-23T14:13:24Z,20214,28190,48935
2026-08-23T14:13:26Z,20214,28190,48935
2026-08-23T14:13:28Z,20214,28190,48935
2026-08-23T14:13:30Z,20214,28190,48935
2026-08-23T14:13:32Z,20214,28190,48935
2026-08-23T14:13:34Z,20214,28190,48935
2026-08-23T14:13:36Z,20214,28190,48935
2026-08-23T14:13:38Z,20214,28190,48935
2026-08-23T14:13:40Z,20214,28190,48935
2026-08-23T14:13:42Z,20214,28190,48935
2026-08-23T14:13:44Z,20214,28190,48935
2026-08-23T14:13:46Z,20214,28190,48935
2026-08-23T14:13:48Z,20214,28190,48935
2026-08-23T14:13:50Z,20214,28190,48935
2026-08-23T14:13:52Z,20214,28190,48935
2026-08-23T14:13:54Z,20214,28190,48935
2026-08-23T14:13:56Z,20214,28190,48935
2026-08-23T14:13:58Z,20214,28190,48935
2026-08-23T14:14:00Z,20214,28190,48935
2026-08-23T14:14:02Z,20214,28190,48935
2026-08-23T14:14:04Z,20214,28190,48935
2026-08-23T14:14:06Z,20214,28190,48935
2026-08-23T14:14:08Z,20214,28190,48935
2026-08-23T14:14:10Z,20214,28190,48935
2026-08-23T14:14:12Z,20214,28190,48935
2026-08-23T14:14:14Z,20214,28190,48935
2026-08-23T14:14:16Z,20214,28190,48935
2026-08-23T14:14:18Z,20214,28190,48935
2026-08-23T14:14:20Z,20214,28190,48935
2026-08-23T14:14:22Z,20214,28190,48935
2026-08-23T14:14:24Z,20214,28190,48935
2026-08-23T14:14:26Z,20214,28190,48935
2026-08-23T14:14:28Z,20214,28190,48935
2026-08-23T14:14:30Z,20214,28190,48935
2026-08-23T14:14:32Z,20214,28190,48935
2026-08-23T14:14:34Z,20214,28190,48935
2026-08-23T14:14:36Z,20214,28190,48935
2026-08-23T14:14:38Z,20214,28190,48935
2026-08-23T14:14:40Z,20214,28190,48935
2026-08-23T14:14:42Z,20214,28190,48935
2026-08-23T14:14:45Z,20214,28190,48935
2026-08-23T14:14:47Z,20214,28190,48935
2026-08-23T14:14:49Z,20214,28190,48935
2026-08-23T14:14:51Z,20214,28190,48935
2026-08-23T14:14:53Z,20214,28190,48935
2026-08-23T14:14:55Z,20214,28190,48935
2026-08-23T14:14:57Z,20214,28190,48935
2026-08-23T14:14:59Z,20214,28190,48935
2026-08-23T14:15:01Z,20214,28190,48935
2026-08-23T14:15:03Z,20214,28190,48935
2026-08-23T14:15:05Z,20214,28190,48935
2026-08-23T14:15:07Z,20214,28190,48935
2026-08-23T14:15:09Z,20214,28190,48935
2026-08-23T14:15:11Z,20214,28190,48935
2026-08-23T14:15:13Z,20214,28190,48935
2026-08-23T14:15:15Z,20214,28190,48935
2026-08-23T14:15:17Z,20214,28190,48935
2026-08-23T14:15:19Z,20214,28190,48935
2026-08-23T14:15:21Z,20214,28190,48935
2026-08-23T14:15:23Z,20214,28190,48935
2026-08-23T14:15:25Z,20214,28190,48935
2026-08-23T14:15:27Z,20214,28190,48935
2026-08-23T14:15:29Z,20214,28190,48935
2026-08-23T14:15:31Z,20214,28190,48935
2026-08-23T14:15:33Z,20214,28190,48935
2026-08-23T14:15:35Z,20214,28190,48935
2026-08-23T14:15:37Z,20214,28190,48935
2026-08-23T14:15:39Z,20214,28190,48935
2026-08-23T14:15:41Z,20214,28190,48935
2026-08-23T14:15:43Z,20214,28190,48935
2026-08-23T14:15:45Z,20214,28190,48935
2026-08-23T14:15:47Z,20214,28190,48935
2026-08-23T14:15:49Z,20214,28190,48935
2026-08-23T14:15:51Z,20214,28190,48935
2026-08-23T14:15:53Z,20214,28190,48935
2026-08-23T14:15:55Z,20214,28190,48935
2026-08-23T14:15:57Z,20214,28190,48935
2026-08-23T14:15:59Z,20214,28190,48935
2026-08-23T14:16:01Z,20214,28190,48935
2026-08-23T14:16:03Z,20214,28190,48935
2026-08-23T14:16:05Z,20214,28190,48935
2026-08-23T14:16:07Z,20214,28190,48935
2026-08-23T14:16:10Z,20214,28190,48935
2026-08-23T14:16:12Z,20214,28190,48935
2026-08-23T14:16:14Z,20214,28190,48935
2026-08-23T14:16:16Z,20214,28190,48935
2026-08-23T14:16:18Z,20214,28190,48935
2026-08-23T14:16:20Z,20214,28190,48935
2026-08-23T14:16:22Z,20214,28190,48935
2026-08-23T14:16:24Z,20214,28190,48935
2026-08-23T14:16:26Z,20214,28190,48935
2026-08-23T14:16:28Z,20214,28190,48935
2026-08-23T14:16:30Z,20214,28190,48935
2026-08-23T14:16:32Z,20214,28190,48935
2026-08-23T14:16:34Z,20214,28190,48935
2026-08-23T14:16:36Z,20214,28190,48935
2026-08-23T14:16:38Z,20214,28190,48935
2026-08-23T14:16:40Z,20214,28190,48935
2026-08-23T14:16:42Z,20214,28190,48935
2026-08-23T14:16:44Z,20214,28190,48935
2026-08-23T14:16:46Z,20214,28190,48935
2026-08-23T14:16:48Z,20214,28190,48935
2026-08-23T14:16:50Z,20214,28190,48935
2026-08-23T14:16:52Z,20214,28190,48935
2026-08-23T14:16:54Z,20214,28190,48935
2026-08-23T14:16:56Z,20214,28190,48935
2026-08-23T14:16:58Z,20214,28190,48935
2026-08-23T14:17:00Z,20214,28190,48935
2026-08-23T14:17:02Z,20214,28190,48935
2026-08-23T14:17:04Z,20214,28190,48935
2026-08-23T14:17:06Z,20214,28190,48935
2026-08-23T14:17:08Z,20214,28190,48935
2026-08-23T14:17:10Z,20214,28190,48935
2026-08-23T14:17:12Z,20214,28190,48935
2026-08-23T14:17:14Z,20214,28190,48935
2026-08-23T14:17:16Z,20214,28190,48935
2026-08-23T14:17:18Z,20214,28190,48935
2026-08-23T14:17:20Z,20214,28190,48935
2026-08-23T14:17:22Z,20214,28190,48935
2026-08-23T14:17:24Z,20214,28190,48935
2026-08-23T14:17:26Z,20214,28190,48935
2026-08-23T14:17:28Z,20214,28190,48935
2026-08-23T14:17:30Z,20214,28190,48935
2026-08-23T14:17:33Z,20214,28190,48935
2026-08-23T14:17:35Z,20214,28190,48935
2026-08-23T14:17:37Z,20214,28190,48935
2026-08-23T14:17:39Z,20214,28190,48935
2026-08-23T14:17:41Z,20214,28190,48935
2026-08-23T14:17:43Z,20214,28190,48935
2026-08-23T14:17:45Z,20214,28190,48935
2026-08-23T14:17:47Z,20214,28190,48935
2026-08-23T14:17:49Z,20214,28190,48935
2026-08-23T14:17:51Z,20214,28190,48935
2026-08-23T14:17:53Z,20214,28190,48935
2026-08-23T14:17:55Z,20214,28190,48935
2026-08-23T14:17:57Z,20214,28190,48935
2026-08-23T14:17:59Z,20214,28190,48935
2026-08-23T14:18:01Z,20214,28190,48935
2026-08-23T14:18:03Z,20214,28190,48935
2026-08-23T14:18:05Z,20214,28190,48935
2026-08-23T14:18:07Z,20214,28190,48935
2026-08-23T14:18:09Z,20214,28190,48935
2026-08-23T14:18:11Z,20214,28190,48935
2026-08-23T14:18:13Z,20214,28190,48935
2026-08-23T14:18:15Z,20214,28190,48935
2026-08-23T14:18:17Z,20214,28190,48935
2026-08-23T14:18:19Z,20214,28190,48935
2026-08-23T14:18:21Z,20214,28190,48935
2026-08-23T14:18:23Z,20214,28190,48935
2026-08-23T14:18:25Z,20214,28190,48935
2026-08-23T14:18:27Z,20214,28190,48935
2026-08-23T14:18:29Z,20214,28190,48935
2026-08-23T14:18:31Z,20214,28190,48935
2026-08-23T14:18:33Z,20214,28190,48935
2026-08-23T14:18:35Z,20214,28190,48935
2026-08-23T14:18:37Z,20214,28190,48935
2026-08-23T14:18:39Z,20214,28190,48935
2026-08-23T14:18:41Z,20214,28190,48935
2026-08-23T14:18:43Z,20214,28190,48935
2026-08-23T14:18:45Z,20214,28190,48935
2026-08-23T14:18:47Z,20214,28190,48935
2026-08-23T14:18:49Z,20214,28190,48935
2026-08-23T14:18:51Z,20214,28190,48935
2026-08-23T14:18:53Z,20214,28190,48935
2026-08-23T14:18:55Z,20214,28190,48935
2026-08-23T14:18:58Z,20214,28190,48935
2026-08-23T14:19:00Z,20214,28190,48935
2026-08-23T14:19:02Z,20214,28190,48935
2026-08-23T14:19:04Z,20214,28190,48935
2026-08-23T14:19:06Z,20214,28190,48935
2026-08-23T14:19:08Z,20214,28190,48935
2026-08-23T14:19:10Z,20214,28190,48935
2026-08-23T14:19:12Z,20214,28190,48935
2026-08-23T14:19:14Z,20214,28190,48935
2026-08-23T14:19:16Z,20214,28190,48935
2026-08-23T14:19:18Z,20214,28190,48935
2026-08-23T14:19:20Z,20214,28190,48935
2026-08-23T14:19:22Z,20214,28190,48935
2026-08-23T14:19:24Z,20214,28190,48935
2026-08-23T14:19:26Z,20214,28190,48935
2026-08-23T14:19:28Z,20214,28190,48935
2026-08-23T14:19:30Z,20214,28190,48935
2026-08-23T14:19:32Z,20214,28190,48935
2026-08-23T14:19:34Z,20214,28190,48935
2026-08-23T14:19:36Z,20214,28190,48935
2026-08-23T14:19:38Z,20214,28190,48935
2026-08-23T14:19:40Z,20214,28190,48935
2026-08-23T14:19:42Z,20214,28190,48935
2026-08-23T14:19:44Z,20214,28190,48935
2026-08-23T14:19:46Z,20214,28190,48935
2026-08-23T14:19:48Z,20214,28190,48935
2026-08-23T14:19:50Z,20214,28190,48935
2026-08-23T14:19:52Z,20214,28190,48935
2026-08-23T14:19:54Z,20214,28190,48935
2026-08-23T14:19:56Z,20214,28190,48935
2026-08-23T14:19:58Z,20214,28190,48935
2026-08-23T14:20:00Z,20214,28190,48935
2026-08-23T14:20:02Z,20214,28190,48935
2026-08-23T14:20:04Z,20214,28190,48935
2026-08-23T14:20:06Z,20214,28190,48935
2026-08-23T14:20:08Z,20214,28190,48935
2026-08-23T14:20:10Z,20214,28190,48935
2026-08-23T14:20:12Z,20214,28190,48935
2026-08-23T14:20:14Z,20214,28190,48935
2026-08-23T14:20:16Z,20214,28190,48935
2026-08-23T14:20:18Z,20214,28190,48935
2026-08-23T14:20:21Z,20214,28190,48935
2026-08-23T14:20:23Z,20214,28190,48935
2026-08-23T14:20:25Z,20214,28190,48935
2026-08-23T14:20:27Z,17059,31345,48935
2026-08-23T14:20:29Z,20214,28190,48935
2026-08-23T14:20:31Z,20214,28190,48935
2026-08-23T14:20:33Z,20214,28190,48935
2026-08-23T14:20:35Z,20214,28190,48935
2026-08-23T14:20:37Z,20214,28190,48935
2026-08-23T14:20:39Z,20214,28190,48935
2026-08-23T14:20:41Z,20214,28190,48935
2026-08-23T14:20:43Z,20214,28190,48935
2026-08-23T14:20:45Z,20214,28190,48935
2026-08-23T14:20:47Z,20214,28190,48935
2026-08-23T14:20:49Z,20214,28190,48935
2026-08-23T14:20:51Z,20214,28190,48935
2026-08-23T14:20:53Z,20214,28190,48935
2026-08-23T14:20:55Z,20214,28190,48935
2026-08-23T14:20:57Z,20214,28190,48935
2026-08-23T14:20:59Z,20214,28190,48935
2026-08-23T14:21:01Z,20214,28190,48935
2026-08-23T14:21:03Z,20214,28190,48935
2026-08-23T14:21:05Z,20214,28190,48935
2026-08-23T14:21:07Z,20214,28190,48935
2026-08-23T14:21:09Z,20214,28190,48935
2026-08-23T14:21:11Z,20214,28190,48935
2026-08-23T14:21:13Z,20214,28190,48935
2026-08-23T14:21:15Z,20214,28190,48935
2026-08-23T14:21:17Z,20214,28190,48935
2026-08-23T14:21:19Z,20214,28190,48935
2026-08-23T14:21:21Z,20214,28190,48935
2026-08-23T14:21:23Z,20214,28190,48935
2026-08-23T14:21:25Z,20214,28190,48935
2026-08-23T14:21:27Z,20214,28190,48935
2026-08-23T14:21:29Z,20214,28190,48935
2026-08-23T14:21:31Z,20214,28190,48935
2026-08-23T14:21:33Z,20214,28190,48935
2026-08-23T14:21:35Z,20214,28190,48935
2026-08-23T14:21:37Z,20214,28190,48935
2026-08-23T14:21:39Z,20214,28190,48935
2026-08-23T14:21:41Z,20214,28190,48935
2026-08-23T14:21:43Z,20214,28190,48935
2026-08-23T14:21:46Z,20214,28190,48935
2026-08-23T14:21:48Z,20214,28190,48935
2026-08-23T14:21:50Z,20214,28190,48935
2026-08-23T14:21:52Z,20214,28190,48935
2026-08-23T14:21:54Z,20214,28190,48935
2026-08-23T14:21:56Z,20214,28190,48935
2026-08-23T14:21:58Z,20214,28190,48935
2026-08-23T14:22:00Z,20214,28190,48935
2026-08-23T14:22:02Z,20214,28190,48935
2026-08-23T14:22:04Z,20214,28190,48935
2026-08-23T14:22:06Z,20214,28190,48935
2026-08-23T14:22:08Z,20214,28190,48935
2026-08-23T14:22:10Z,20214,28190,48935
2026-08-23T14:22:12Z,20214,28190,48935
2026-08-23T14:22:14Z,20214,28190,48935
2026-08-23T14:22:16Z,20214,28190,48935
2026-08-23T14:22:18Z,20214,28190,48935
2026-08-23T14:22:20Z,20214,28190,48935
2026-08-23T14:22:22Z,20214,28190,48935
2026-08-23T14:22:24Z,20214,28190,48935
2026-08-23T14:22:26Z,20214,28190,48935
2026-08-23T14:22:28Z,20214,28190,48935
2026-08-23T14:22:30Z,20214,28190,48935
2026-08-23T14:22:32Z,20214,28190,48935
2026-08-23T14:22:34Z,20214,28190,48935
2026-08-23T14:22:36Z,20214,28190,48935
2026-08-23T14:22:38Z,20214,28190,48935
2026-08-23T14:22:40Z,20214,28190,48935
2026-08-23T14:22:42Z,20214,28190,48935
2026-08-23T14:22:44Z,20214,28190,48935
2026-08-23T14:22:46Z,20214,28190,48935
2026-08-23T14:22:48Z,20214,28190,48935
2026-08-23T14:22:50Z,20214,28190,48935
2026-08-23T14:22:52Z,20214,28190,48935
2026-08-23T14:22:54Z,20214,28190,48935
2026-08-23T14:22:56Z,20214,28190,48935
2026-08-23T14:22:58Z,20214,28190,48935
2026-08-23T14:23:00Z,20214,28190,48935
2026-08-23T14:23:02Z,20214,28190,48935
2026-08-23T14:23:04Z,20214,28190,48935
2026-08-23T14:23:06Z,20214,28190,48935
2026-08-23T14:23:09Z,20214,28190,48935
2026-08-23T14:23:11Z,20214,28190,48935
2026-08-23T14:23:13Z,20214,28190,48935
2026-08-23T14:23:15Z,20214,28190,48935
2026-08-23T14:23:17Z,20214,28190,48935
2026-08-23T14:23:19Z,20214,28190,48935
2026-08-23T14:23:21Z,20214,28190,48935
2026-08-23T14:23:23Z,20214,28190,48935
2026-08-23T14:23:25Z,20214,28190,48935
2026-08-23T14:23:27Z,20214,28190,48935
2026-08-23T14:23:29Z,20214,28190,48935
2026-08-23T14:23:31Z,20214,28190,48935
2026-08-23T14:23:33Z,20214,28190,48935
2026-08-23T14:23:35Z,20214,28190,48935
2026-08-23T14:23:37Z,20214,28190,48935
2026-08-23T14:23:39Z,20214,28190,48935
2026-08-23T14:23:41Z,20214,28190,48935
2026-08-23T14:23:43Z,20214,28190,48935
2026-08-23T14:23:45Z,20214,28190,48935
2026-08-23T14:23:47Z,20214,28190,48935
2026-08-23T14:23:49Z,20214,28190,48935
2026-08-23T14:23:51Z,20214,28190,48935
2026-08-23T14:23:53Z,20214,28190,48935
2026-08-23T14:23:55Z,20214,28190,48935
2026-08-23T14:23:57Z,20214,28190,48935
2026-08-23T14:23:59Z,20214,28190,48935
2026-08-23T14:24:01Z,20214,28190,48935
2026-08-23T14:24:03Z,20214,28190,48935
2026-08-23T14:24:05Z,20214,28190,48935
2026-08-23T14:24:07Z,20214,28190,48935
2026-08-23T14:24:09Z,20214,28190,48935
2026-08-23T14:24:11Z,20214,28190,48935
2026-08-23T14:24:13Z,20214,28190,48935
2026-08-23T14:24:15Z,20214,28190,48935
2026-08-23T14:24:17Z,20214,28190,48935
2026-08-23T14:24:19Z,20214,28190,48935
2026-08-23T14:24:21Z,20214,28190,48935
2026-08-23T14:24:23Z,20214,28190,48935
2026-08-23T14:24:25Z,20214,28190,48935
2026-08-23T14:24:27Z,20214,28190,48935
2026-08-23T14:24:29Z,20214,28190,48935
2026-08-23T14:24:32Z,20214,28190,48935
2026-08-23T14:24:34Z,20214,28190,48935
2026-08-23T14:24:36Z,20214,28190,48935
2026-08-23T14:24:38Z,20214,28190,48935
2026-08-23T14:24:40Z,20214,28190,48935
2026-08-23T14:24:42Z,20214,28190,48935
2026-08-23T14:24:44Z,20214,28190,48935
2026-08-23T14:24:46Z,20214,28190,48935
2026-08-23T14:24:48Z,20214,28190,48935
2026-08-23T14:24:50Z,20214,28190,48935
2026-08-23T14:24:52Z,20214,28190,48935
2026-08-23T14:24:54Z,20214,28190,48935
2026-08-23T14:24:56Z,20214,28190,48935
2026-08-23T14:24:58Z,20214,28190,48935
2026-08-23T14:25:00Z,20214,28190,48935
2026-08-23T14:25:02Z,20214,28190,48935
2026-08-23T14:25:04Z,20214,28190,48935
2026-08-23T14:25:06Z,20214,28190,48935
2026-08-23T14:25:08Z,20214,28190,48935
2026-08-23T14:25:10Z,20214,28190,48935
2026-08-23T14:25:12Z,20214,28190,48935
2026-08-23T14:25:14Z,20214,28190,48935
2026-08-23T14:25:16Z,20214,28190,48935
2026-08-23T14:25:18Z,20214,28190,48935
2026-08-23T14:25:20Z,20214,28190,48935
2026-08-23T14:25:22Z,20214,28190,48935
2026-08-23T14:25:24Z,20214,28190,48935
2026-08-23T14:25:26Z,20214,28190,48935
2026-08-23T14:25:28Z,20214,28190,48935
2026-08-23T14:25:30Z,20214,28190,48935
2026-08-23T14:25:32Z,20214,28190,48935
2026-08-23T14:25:34Z,20214,28190,48935
2026-08-23T14:25:36Z,20214,28190,48935
2026-08-23T14:25:38Z,20214,28190,48935
2026-08-23T14:25:40Z,20214,28190,48935
2026-08-23T14:25:42Z,20214,28190,48935
2026-08-23T14:25:44Z,20214,28190,48935
2026-08-23T14:25:46Z,20214,28190,48935
2026-08-23T14:25:48Z,20214,28190,48935
2026-08-23T14:25:50Z,20214,28190,48935
2026-08-23T14:25:52Z,20214,28190,48935
2026-08-23T14:25:54Z,20214,28190,48935
2026-08-23T14:25:57Z,20214,28190,48935
2026-08-23T14:25:59Z,20214,28190,48935
2026-08-23T14:26:01Z,20214,28190,48935
2026-08-23T14:26:03Z,20214,28190,48935
2026-08-23T14:26:05Z,20214,28190,48935
2026-08-23T14:26:07Z,20214,28190,48935
2026-08-23T14:26:09Z,20214,28190,48935
2026-08-23T14:26:11Z,20214,28190,48935
2026-08-23T14:26:13Z,20214,28190,48935
2026-08-23T14:26:15Z,20214,28190,48935
2026-08-23T14:26:17Z,20214,28190,48935
2026-08-23T14:26:19Z,20214,28190,48935
2026-08-23T14:26:21Z,20214,28190,48935
2026-08-23T14:26:23Z,20214,28190,48935
2026-08-23T14:26:25Z,20214,28190,48935
2026-08-23T14:26:27Z,20214,28190,48935
2026-08-23T14:26:29Z,20214,28190,48935
2026-08-23T14:26:31Z,20214,28190,48935
2026-08-23T14:26:33Z,20214,28190,48935
2026-08-23T14:26:35Z,20214,28190,48935
2026-08-23T14:26:37Z,20214,28190,48935
2026-08-23T14:26:39Z,20214,28190,48935
2026-08-23T14:26:41Z,20214,28190,48935
2026-08-23T14:26:43Z,20214,28190,48935
2026-08-23T14:26:45Z,20214,28190,48935
2026-08-23T14:26:47Z,20214,28190,48935
2026-08-23T14:26:49Z,20214,28190,48935
2026-08-23T14:26:51Z,20214,28190,48935
2026-08-23T14:26:53Z,20214,28190,48935
2026-08-23T14:26:55Z,20214,28190,48935
2026-08-23T14:26:57Z,20214,28190,48935
2026-08-23T14:26:59Z,20214,28190,48935
2026-08-23T14:27:01Z,20214,28190,48935
2026-08-23T14:27:03Z,20214,28190,48935
2026-08-23T14:27:05Z,20214,28190,48935
2026-08-23T14:27:07Z,20214,28190,48935
2026-08-23T14:27:09Z,20214,28190,48935
2026-08-23T14:27:11Z,20214,28190,48935
2026-08-23T14:27:13Z,20214,28190,48935
2026-08-23T14:27:15Z,20214,28190,48935
2026-08-23T14:27:17Z,20214,28190,48935
2026-08-23T14:27:20Z,20214,28190,48935
2026-08-23T14:27:22Z,20214,28190,48935
2026-08-23T14:27:24Z,20214,28190,48935
2026-08-23T14:27:26Z,20214,28190,48935
2026-08-23T14:27:28Z,20214,28190,48935
2026-08-23T14:27:30Z,20214,28190,48935
2026-08-23T14:27:32Z,17059,31345,48935
2026-08-23T14:27:34Z,17398,31006,48935
2026-08-23T14:27:36Z,20214,28190,48935
2026-08-23T14:27:38Z,20214,28190,48935
2026-08-23T14:27:40Z,20214,28190,48935
2026-08-23T14:27:42Z,20214,28190,48935
2026-08-23T14:27:44Z,20214,28190,48935
2026-08-23T14:27:46Z,20214,28190,48935
2026-08-23T14:27:48Z,20214,28190,48935
2026-08-23T14:27:50Z,20214,28190,48935
2026-08-23T14:27:52Z,20214,28190,48935
2026-08-23T14:27:54Z,20214,28190,48935
2026-08-23T14:27:56Z,20214,28190,48935
2026-08-23T14:27:58Z,20214,28190,48935
2026-08-23T14:28:00Z,20214,28190,48935
2026-08-23T14:28:02Z,20214,28190,48935
2026-08-23T14:28:04Z,20214,28190,48935
2026-08-23T14:28:06Z,20214,28190,48935
2026-08-23T14:28:08Z,20214,28190,48935
2026-08-23T14:28:10Z,20214,28190,48935
2026-08-23T14:28:12Z,20214,28190,48935
2026-08-23T14:28:14Z,20214,28190,48935
2026-08-23T14:28:16Z,20214,28190,48935
2026-08-23T14:28:18Z,20214,28190,48935
2026-08-23T14:28:20Z,20214,28190,48935
2026-08-23T14:28:22Z,20214,28190,48935
2026-08-23T14:28:24Z,17059,31345,48935
2026-08-23T14:28:26Z,17398,31006,48935
2026-08-23T14:28:28Z,20214,28190,48935
2026-08-23T14:28:30Z,20214,28190,48935
2026-08-23T14:28:32Z,20214,28190,48935
2026-08-23T14:28:34Z,20214,28190,48935
2026-08-23T14:28:36Z,20214,28190,48935
2026-08-23T14:28:38Z,20214,28190,48935
2026-08-23T14:28:41Z,20214,28190,48935
2026-08-23T14:28:43Z,20214,28190,48935
2026-08-23T14:28:45Z,20214,28190,48935
2026-08-23T14:28:47Z,20214,28190,48935
2026-08-23T14:28:49Z,20214,28190,48935
2026-08-23T14:28:51Z,20214,28190,48935
2026-08-23T14:28:53Z,20214,28190,48935
2026-08-23T14:28:55Z,20214,28190,48935
2026-08-23T14:28:57Z,20214,28190,48935
2026-08-23T14:28:59Z,20214,28190,48935
2026-08-23T14:29:01Z,20214,28190,48935
2026-08-23T14:29:03Z,20214,28190,48935
2026-08-23T14:29:05Z,20214,28190,48935
2026-08-23T14:29:07Z,20214,28190,48935
2026-08-23T14:29:09Z,20214,28190,48935
2026-08-23T14:29:11Z,20214,28190,48935
2026-08-23T14:29:13Z,20214,28190,48935
2026-08-23T14:29:15Z,20214,28190,48935
2026-08-23T14:29:17Z,20214,28190,48935
2026-08-23T14:29:19Z,20214,28190,48935
2026-08-23T14:29:21Z,20214,28190,48935
2026-08-23T14:29:23Z,20214,28190,48935
2026-08-23T14:29:25Z,20214,28190,48935
2026-08-23T14:29:27Z,20214,28190,48935
2026-08-23T14:29:29Z,20214,28190,48935
2026-08-23T14:29:31Z,20214,28190,48935
2026-08-23T14:29:33Z,20214,28190,48935
2026-08-23T14:29:35Z,20214,28190,48935
2026-08-23T14:29:37Z,20214,28190,48935
2026-08-23T14:29:39Z,20214,28190,48935
2026-08-23T14:29:41Z,20214,28190,48935
2026-08-23T14:29:43Z,20214,28190,48935
2026-08-23T14:29:45Z,20214,28190,48935
2026-08-23T14:29:47Z,20214,28190,48935
2026-08-23T14:29:49Z,20214,28190,48935
2026-08-23T14:29:51Z,20214,28190,48935
2026-08-23T14:29:53Z,20214,28190,48935
2026-08-23T14:29:55Z,20214,28190,48935
2026-08-23T14:29:57Z,20214,28190,48935
2026-08-23T14:29:59Z,20214,28190,48935
2026-08-23T14:30:01Z,20214,28190,48935
2026-08-23T14:30:03Z,20214,28190,48935
2026-08-23T14:30:06Z,20214,28190,48935
2026-08-23T14:30:08Z,20214,28190,48935
2026-08-23T14:30:10Z,20214,28190,48935
2026-08-23T14:30:12Z,20214,28190,48935
2026-08-23T14:30:14Z,20214,28190,48935
2026-08-23T14:30:16Z,20214,28190,48935
2026-08-23T14:30:18Z,20214,28190,48935
2026-08-23T14:30:20Z,20214,28190,48935
2026-08-23T14:30:22Z,20214,28190,48935
2026-08-23T14:30:24Z,20214,28190,48935
2026-08-23T14:30:26Z,20214,28190,48935
2026-08-23T14:30:28Z,20214,28190,48935
2026-08-23T14:30:30Z,20214,28190,48935
2026-08-23T14:30:32Z,20214,28190,48935
2026-08-23T14:30:34Z,20214,28190,48935
2026-08-23T14:30:36Z,20214,28190,48935
2026-08-23T14:30:38Z,20214,28190,48935
2026-08-23T14:30:40Z,20214,28190,48935
2026-08-23T14:30:42Z,20214,28190,48935
2026-08-23T14:30:44Z,20214,28190,48935
2026-08-23T14:30:46Z,20214,28190,48935
2026-08-23T14:30:48Z,20214,28190,48935
2026-08-23T14:30:50Z,20214,28190,48935
2026-08-23T14:30:52Z,20214,28190,48935
2026-08-23T14:30:54Z,20214,28190,48935
2026-08-23T14:30:56Z,20214,28190,48935
2026-08-23T14:30:58Z,20214,28190,48935
2026-08-23T14:31:00Z,20214,28190,48935
2026-08-23T14:31:02Z,20214,28190,48935
2026-08-23T14:31:04Z,20214,28190,48935
2026-08-23T14:31:06Z,20214,28190,48935
2026-08-23T14:31:08Z,20214,28190,48935
2026-08-23T14:31:10Z,20214,28190,48935
2026-08-23T14:31:12Z,20214,28190,48935
2026-08-23T14:31:14Z,20214,28190,48935
2026-08-23T14:31:16Z,20214,28190,48935
2026-08-23T14:31:18Z,20214,28190,48935
2026-08-23T14:31:20Z,20214,28190,48935
2026-08-23T14:31:22Z,20214,28190,48935
2026-08-23T14:31:24Z,20214,28190,48935
2026-08-23T14:31:26Z,20214,28190,48935
2026-08-23T14:31:29Z,20214,28190,48935
2026-08-23T14:31:31Z,20214,28190,48935
2026-08-23T14:31:33Z,20214,28190,48935
2026-08-23T14:31:35Z,20214,28190,48935
2026-08-23T14:31:37Z,20214,28190,48935
2026-08-23T14:31:39Z,20214,28190,48935
2026-08-23T14:31:41Z,20214,28190,48935
2026-08-23T14:31:43Z,20214,28190,48935
2026-08-23T14:31:45Z,20214,28190,48935
2026-08-23T14:31:47Z,20214,28190,48935
2026-08-23T14:31:49Z,20214,28190,48935
2026-08-23T14:31:51Z,20214,28190,48935
2026-08-23T14:31:53Z,20214,28190,48935
2026-08-23T14:31:55Z,20214,28190,48935
2026-08-23T14:31:57Z,20214,28190,48935
2026-08-23T14:31:59Z,20214,28190,48935
2026-08-23T14:32:01Z,20214,28190,48935
2026-08-23T14:32:03Z,20214,28190,48935
2026-08-23T14:32:05Z,20214,28190,48935
2026-08-23T14:32:07Z,20214,28190,48935
2026-08-23T14:32:09Z,20214,28190,48935
2026-08-23T14:32:11Z,20214,28190,48935
2026-08-23T14:32:13Z,20214,28190,48935
2026-08-23T14:32:15Z,20214,28190,48935
2026-08-23T14:32:17Z,20214,28190,48935
2026-08-23T14:32:19Z,20214,28190,48935
2026-08-23T14:32:21Z,20214,28190,48935
2026-08-23T14:32:23Z,20214,28190,48935
2026-08-23T14:32:25Z,20214,28190,48935
2026-08-23T14:32:27Z,20214,28190,48935
2026-08-23T14:32:29Z,20214,28190,48935
2026-08-23T14:32:31Z,20214,28190,48935
2026-08-23T14:32:33Z,20214,28190,48935
2026-08-23T14:32:35Z,20214,28190,48935
2026-08-23T14:32:37Z,20214,28190,48935
2026-08-23T14:32:39Z,20214,28190,48935
2026-08-23T14:32:41Z,20214,28190,48935
2026-08-23T14:32:43Z,20214,28190,48935
2026-08-23T14:32:45Z,20214,28190,48935
2026-08-23T14:32:47Z,20214,28190,48935
2026-08-23T14:32:49Z,20214,28190,48935
2026-08-23T14:32:52Z,20214,28190,48935
2026-08-23T14:32:54Z,20214,28190,48935
2026-08-23T14:32:56Z,20214,28190,48935
2026-08-23T14:32:58Z,20214,28190,48935
2026-08-23T14:33:00Z,20214,28190,48935
2026-08-23T14:33:02Z,20214,28190,48935
2026-08-23T14:33:04Z,20214,28190,48935
2026-08-23T14:33:06Z,20214,28190,48935
2026-08-23T14:33:08Z,20214,28190,48935
2026-08-23T14:33:10Z,20214,28190,48935
2026-08-23T14:33:12Z,20214,28190,48935
2026-08-23T14:33:14Z,20214,28190,48935
2026-08-23T14:33:16Z,20214,28190,48935
2026-08-23T14:33:18Z,20214,28190,48935
2026-08-23T14:33:20Z,20214,28190,48935
2026-08-23T14:33:22Z,20214,28190,48935
2026-08-23T14:33:24Z,20214,28190,48935
2026-08-23T14:33:26Z,20214,28190,48935
2026-08-23T14:33:28Z,20214,28190,48935
2026-08-23T14:33:30Z,20214,28190,48935
2026-08-23T14:33:32Z,20214,28190,48935
2026-08-23T14:33:34Z,20214,28190,48935
2026-08-23T14:33:36Z,20214,28190,48935
2026-08-23T14:33:38Z,20214,28190,48935
2026-08-23T14:33:40Z,20214,28190,48935
2026-08-23T14:33:42Z,20214,28190,48935
2026-08-23T14:33:44Z,20214,28190,48935
2026-08-23T14:33:46Z,20214,28190,48935
2026-08-23T14:33:48Z,20214,28190,48935
2026-08-23T14:33:50Z,20214,28190,48935
2026-08-23T14:33:52Z,20214,28190,48935
2026-08-23T14:33:54Z,20214,28190,48935
2026-08-23T14:33:56Z,20214,28190,48935
2026-08-23T14:33:58Z,20214,28190,48935
2026-08-23T14:34:00Z,20214,28190,48935
2026-08-23T14:34:02Z,20214,28190,48935
2026-08-23T14:34:04Z,20214,28190,48935
2026-08-23T14:34:06Z,20214,28190,48935
2026-08-23T14:34:08Z,20214,28190,48935
2026-08-23T14:34:10Z,20214,28190,48935
2026-08-23T14:34:12Z,20214,28190,48935
2026-08-23T14:34:14Z,20214,28190,48935
2026-08-23T14:34:17Z,20214,28190,48935
2026-08-23T14:34:19Z,20214,28190,48935
2026-08-23T14:34:21Z,20214,28190,48935
2026-08-23T14:34:23Z,20214,28190,48935
2026-08-23T14:34:25Z,20214,28190,48935
2026-08-23T14:34:27Z,20214,28190,48935
2026-08-23T14:34:29Z,20214,28190,48935
2026-08-23T14:34:31Z,20214,28190,48935
2026-08-23T14:34:33Z,20214,28190,48935
2026-08-23T14:34:35Z,20214,28190,48935
2026-08-23T14:34:37Z,20214,28190,48935
2026-08-23T14:34:39Z,20214,28190,48935
2026-08-23T14:34:41Z,20214,28190,48935
2026-08-23T14:34:43Z,20214,28190,48935
2026-08-23T14:34:45Z,20214,28190,48935
2026-08-23T14:34:47Z,20214,28190,48935
2026-08-23T14:34:49Z,20214,28190,48935
2026-08-23T14:34:51Z,20214,28190,48935
2026-08-23T14:34:53Z,20214,28190,48935
2026-08-23T14:34:55Z,20214,28190,48935
2026-08-23T14:34:57Z,20214,28190,48935
2026-08-23T14:34:59Z,20214,28190,48935
2026-08-23T14:35:01Z,20214,28190,48935
2026-08-23T14:35:03Z,20214,28190,48935
2026-08-23T14:35:05Z,20214,28190,48935
2026-08-23T14:35:07Z,20214,28190,48935
2026-08-23T14:35:09Z,20214,28190,48935
2026-08-23T14:35:11Z,20214,28190,48935
2026-08-23T14:35:13Z,20214,28190,48935
2026-08-23T14:35:15Z,20214,28190,48935
2026-08-23T14:35:17Z,20214,28190,48935
2026-08-23T14:35:19Z,20214,28190,48935
2026-08-23T14:35:21Z,20214,28190,48935
2026-08-23T14:35:23Z,20214,28190,48935
2026-08-23T14:35:25Z,20214,28190,48935
2026-08-23T14:35:27Z,20214,28190,48935
2026-08-23T14:35:29Z,20214,28190,48935
2026-08-23T14:35:31Z,20214,28190,48935
2026-08-23T14:35:33Z,20214,28190,48935
2026-08-23T14:35:35Z,20214,28190,48935
2026-08-23T14:35:37Z,17059,31345,48935
2026-08-23T14:35:40Z,17398,31006,48935
2026-08-23T14:35:42Z,20214,28190,48935
2026-08-23T14:35:44Z,20214,28190,48935
2026-08-23T14:35:46Z,20214,28190,48935
2026-08-23T14:35:48Z,20214,28190,48935
2026-08-23T14:35:50Z,20214,28190,48935
2026-08-23T14:35:52Z,20214,28190,48935
2026-08-23T14:35:54Z,20214,28190,48935
2026-08-23T14:35:56Z,20214,28190,48935
2026-08-23T14:35:58Z,20214,28190,48935
2026-08-23T14:36:00Z,20214,28190,48935
2026-08-23T14:36:02Z,20214,28190,48935
2026-08-23T14:36:04Z,20214,28190,48935
2026-08-23T14:36:06Z,20214,28190,48935
2026-08-23T14:36:08Z,20214,28190,48935
2026-08-23T14:36:10Z,20214,28190,48935
2026-08-23T14:36:12Z,20214,28190,48935
2026-08-23T14:36:14Z,20214,28190,48935
2026-08-23T14:36:16Z,20214,28190,48935
2026-08-23T14:36:18Z,20214,28190,48935
2026-08-23T14:36:20Z,20214,28190,48935
2026-08-23T14:36:22Z,20214,28190,48935
2026-08-23T14:36:24Z,20214,28190,48935
2026-08-23T14:36:26Z,20214,28190,48935
2026-08-23T14:36:28Z,20214,28190,48935
2026-08-23T14:36:30Z,20214,28190,48935
2026-08-23T14:36:32Z,20214,28190,48935
2026-08-23T14:36:34Z,20214,28190,48935
2026-08-23T14:36:36Z,20214,28190,48935
2026-08-23T14:36:38Z,20214,28190,48935
2026-08-23T14:36:40Z,20214,28190,48935
2026-08-23T14:36:42Z,20214,28190,48935
2026-08-23T14:36:44Z,20214,28190,48935
2026-08-23T14:36:46Z,20214,28190,48935
2026-08-23T14:36:48Z,20214,28190,48935
2026-08-23T14:36:50Z,20214,28190,48935
2026-08-23T14:36:52Z,20214,28190,48935
2026-08-23T14:36:54Z,20214,28190,48935
2026-08-23T14:36:56Z,20214,28190,48935
2026-08-23T14:36:58Z,20214,28190,48935
2026-08-23T14:37:00Z,20214,28190,48935
2026-08-23T14:37:03Z,20214,28190,48935
2026-08-23T14:37:05Z,20214,28190,48935
2026-08-23T14:37:07Z,20214,28190,48935
2026-08-23T14:37:09Z,20214,28190,48935
2026-08-23T14:37:11Z,20214,28190,48935
2026-08-23T14:37:13Z,20214,28190,48935
2026-08-23T14:37:15Z,20214,28190,48935
2026-08-23T14:37:17Z,20214,28190,48935
2026-08-23T14:37:19Z,20214,28190,48935
2026-08-23T14:37:21Z,20214,28190,48935
2026-08-23T14:37:23Z,20214,28190,48935
2026-08-23T14:37:25Z,20214,28190,48935
2026-08-23T14:37:27Z,20214,28190,48935
2026-08-23T14:37:29Z,20214,28190,48935
2026-08-23T14:37:31Z,20214,28190,48935
2026-08-23T14:37:33Z,20214,28190,48935
2026-08-23T14:37:35Z,20214,28190,48935
2026-08-23T14:37:37Z,20214,28190,48935
2026-08-23T14:37:39Z,20214,28190,48935
2026-08-23T14:37:41Z,20214,28190,48935
2026-08-23T14:37:43Z,20214,28190,48935
2026-08-23T14:37:45Z,20214,28190,48935
2026-08-23T14:37:47Z,20214,28190,48935
2026-08-23T14:37:49Z,20214,28190,48935
2026-08-23T14:37:51Z,20214,28190,48935
2026-08-23T14:37:53Z,20214,28190,48935
2026-08-23T14:37:55Z,20214,28190,48935
2026-08-23T14:37:57Z,20214,28190,48935
2026-08-23T14:37:59Z,20214,28190,48935
2026-08-23T14:38:01Z,20214,28190,48935
2026-08-23T14:38:03Z,20214,28190,48935
2026-08-23T14:38:05Z,20214,28190,48935
2026-08-23T14:38:07Z,20214,28190,48935
2026-08-23T14:38:09Z,20214,28190,48935
2026-08-23T14:38:11Z,20214,28190,48935
2026-08-23T14:38:13Z,20214,28190,48935
2026-08-23T14:38:15Z,20214,28190,48935
2026-08-23T14:38:17Z,20214,28190,48935
2026-08-23T14:38:19Z,20214,28190,48935
2026-08-23T14:38:21Z,20214,28190,48935
2026-08-23T14:38:23Z,20214,28190,48935
2026-08-23T14:38:26Z,20214,28190,48935
2026-08-23T14:38:28Z,20214,28190,48935
2026-08-23T14:38:30Z,20214,28190,48935
2026-08-23T14:38:32Z,20214,28190,48935
2026-08-23T14:38:34Z,20214,28190,48935
2026-08-23T14:38:36Z,20214,28190,48935
2026-08-23T14:38:38Z,20214,28190,48935
2026-08-23T14:38:40Z,20214,28190,48935
2026-08-23T14:38:42Z,20214,28190,48935
2026-08-23T14:38:44Z,20214,28190,48935
2026-08-23T14:38:46Z,20214,28190,48935
2026-08-23T14:38:48Z,20214,28190,48935
2026-08-23T14:38:50Z,20214,28190,48935
2026-08-23T14:38:52Z,20214,28190,48935
2026-08-23T14:38:54Z,20214,28190,48935
2026-08-23T14:38:56Z,20214,28190,48935
2026-08-23T14:38:58Z,20214,28190,48935
2026-08-23T14:39:00Z,20214,28190,48935
2026-08-23T14:39:02Z,20214,28190,48935
2026-08-23T14:39:04Z,20214,28190,48935
2026-08-23T14:39:06Z,20214,28190,48935
2026-08-23T14:39:08Z,20214,28190,48935
2026-08-23T14:39:10Z,20214,28190,48935
2026-08-23T14:39:12Z,20214,28190,48935
2026-08-23T14:39:14Z,20214,28190,48935
2026-08-23T14:39:16Z,20214,28190,48935
2026-08-23T14:39:18Z,20214,28190,48935
2026-08-23T14:39:20Z,20214,28190,48935
2026-08-23T14:39:22Z,20214,28190,48935
2026-08-23T14:39:24Z,20214,28190,48935
2026-08-23T14:39:26Z,20214,28190,48935
2026-08-23T14:39:28Z,20214,28190,48935
2026-08-23T14:39:30Z,20214,28190,48935
2026-08-23T14:39:32Z,20214,28190,48935
2026-08-23T14:39:34Z,20214,28190,48935
2026-08-23T14:39:36Z,20214,28190,48935
2026-08-23T14:39:38Z,20214,28190,48935
2026-08-23T14:39:40Z,20214,28190,48935
2026-08-23T14:39:42Z,20214,28190,48935
2026-08-23T14:39:44Z,20214,28190,48935
2026-08-23T14:39:46Z,20214,28190,48935
2026-08-23T14:39:49Z,20214,28190,48935
2026-08-23T14:39:51Z,20214,28190,48935
2026-08-23T14:39:53Z,20214,28190,48935
2026-08-23T14:39:55Z,20214,28190,48935
2026-08-23T14:39:57Z,20214,28190,48935
2026-08-23T14:39:59Z,20214,28190,48935
2026-08-23T14:40:01Z,20214,28190,48935
2026-08-23T14:40:03Z,20214,28190,48935
2026-08-23T14:40:05Z,20214,28190,48935
2026-08-23T14:40:07Z,20214,28190,48935
2026-08-23T14:40:09Z,20214,28190,48935
2026-08-23T14:40:11Z,20214,28190,48935
2026-08-23T14:40:13Z,20214,28190,48935
2026-08-23T14:40:15Z,20214,28190,48935
2026-08-23T14:40:17Z,20214,28190,48935
2026-08-23T14:40:19Z,20214,28190,48935
2026-08-23T14:40:21Z,20214,28190,48935
2026-08-23T14:40:23Z,20214,28190,48935
2026-08-23T14:40:25Z,20214,28190,48935
2026-08-23T14:40:27Z,20214,28190,48935
2026-08-23T14:40:29Z,20214,28190,48935
2026-08-23T14:40:31Z,20214,28190,48935
2026-08-23T14:40:33Z,20214,28190,48935
2026-08-23T14:40:35Z,20214,28190,48935
2026-08-23T14:40:37Z,20214,28190,48935
2026-08-23T14:40:39Z,20214,28190,48935
2026-08-23T14:40:41Z,20214,28190,48935
2026-08-23T14:40:43Z,20214,28190,48935
2026-08-23T14:40:45Z,20214,28190,48935
2026-08-23T14:40:47Z,20214,28190,48935
2026-08-23T14:40:49Z,20214,28190,48935
2026-08-23T14:40:51Z,20214,28190,48935
2026-08-23T14:40:53Z,20214,28190,48935
2026-08-23T14:40:55Z,20214,28190,48935
2026-08-23T14:40:57Z,20214,28190,48935
2026-08-23T14:40:59Z,20214,28190,48935
2026-08-23T14:41:01Z,20214,28190,48935
2026-08-23T14:41:03Z,20214,28190,48935
2026-08-23T14:41:05Z,20214,28190,48935
2026-08-23T14:41:07Z,20214,28190,48935
2026-08-23T14:41:09Z,20214,28190,48935
2026-08-23T14:41:12Z,20214,28190,48935
2026-08-23T14:41:14Z,20214,28190,48935
2026-08-23T14:41:16Z,20214,28190,48935
2026-08-23T14:41:18Z,20214,28190,48935
2026-08-23T14:41:20Z,20214,28190,48935
2026-08-23T14:41:22Z,20214,28190,48935
2026-08-23T14:41:24Z,20214,28190,48935
2026-08-23T14:41:26Z,20214,28190,48935
2026-08-23T14:41:28Z,20214,28190,48935
2026-08-23T14:41:30Z,20214,28190,48935
2026-08-23T14:41:32Z,20214,28190,48935
2026-08-23T14:41:34Z,20214,28190,48935
2026-08-23T14:41:36Z,20214,28190,48935
2026-08-23T14:41:38Z,20214,28190,48935
2026-08-23T14:41:40Z,20214,28190,48935
2026-08-23T14:41:42Z,20214,28190,48935
2026-08-23T14:41:44Z,20214,28190,48935
2026-08-23T14:41:46Z,20214,28190,48935
2026-08-23T14:41:48Z,20214,28190,48935
2026-08-23T14:41:50Z,20214,28190,48935
2026-08-23T14:41:52Z,20214,28190,48935
2026-08-23T14:41:54Z,20214,28190,48935
2026-08-23T14:41:56Z,20214,28190,48935
2026-08-23T14:41:58Z,20214,28190,48935
2026-08-23T14:42:00Z,20214,28190,48935
2026-08-23T14:42:02Z,20214,28190,48935
2026-08-23T14:42:04Z,20214,28190,48935
2026-08-23T14:42:06Z,20214,28190,48935
2026-08-23T14:42:08Z,20214,28190,48935
2026-08-23T14:42:10Z,20214,28190,48935
2026-08-23T14:42:12Z,20214,28190,48935
2026-08-23T14:42:14Z,20214,28190,48935
2026-08-23T14:42:16Z,20214,28190,48935
2026-08-23T14:42:18Z,20214,28190,48935
2026-08-23T14:42:20Z,20214,28190,48935
2026-08-23T14:42:22Z,20214,28190,48935
2026-08-23T14:42:24Z,20214,28190,48935
2026-08-23T14:42:26Z,20214,28190,48935
2026-08-23T14:42:28Z,20214,28190,48935
2026-08-23T14:42:30Z,20214,28190,48935
2026-08-23T14:42:32Z,20214,28190,48935
2026-08-23T14:42:34Z,20214,28190,48935
2026-08-23T14:42:37Z,20214,28190,48935
2026-08-23T14:42:39Z,20214,28190,48935
2026-08-23T14:42:41Z,20214,28190,48935
2026-08-23T14:42:43Z,20214,28190,48935
2026-08-23T14:42:45Z,20214,28190,48935
2026-08-23T14:42:47Z,20214,28190,48935
2026-08-23T14:42:49Z,20214,28190,48935
2026-08-23T14:42:51Z,20214,28190,48935
2026-08-23T14:42:53Z,20214,28190,48935
2026-08-23T14:42:55Z,17059,31345,48935
2026-08-23T14:42:57Z,17398,31006,48935
2026-08-23T14:42:59Z,20214,28190,48935
2026-08-23T14:43:01Z,20214,28190,48935
2026-08-23T14:43:03Z,20214,28190,48935
2026-08-23T14:43:05Z,20214,28190,48935
2026-08-23T14:43:07Z,20214,28190,48935
2026-08-23T14:43:09Z,20214,28190,48935
2026-08-23T14:43:11Z,20214,28190,48935
2026-08-23T14:43:13Z,20214,28190,48935
2026-08-23T14:43:15Z,20214,28190,48935
2026-08-23T14:43:17Z,20214,28190,48935
2026-08-23T14:43:19Z,20214,28190,48935
2026-08-23T14:43:21Z,20214,28190,48935
2026-08-23T14:43:23Z,20214,28190,48935
2026-08-23T14:43:25Z,20214,28190,48935
2026-08-23T14:43:27Z,20214,28190,48935
2026-08-23T14:43:29Z,17059,31345,48935
2026-08-23T14:43:31Z,17398,31006,48935
2026-08-23T14:43:33Z,20214,28190,48935
2026-08-23T14:43:35Z,20214,28190,48935
2026-08-23T14:43:37Z,20214,28190,48935
2026-08-23T14:43:39Z,20214,28190,48935
2026-08-23T14:43:41Z,20214,28190,48935
2026-08-23T14:43:43Z,20214,28190,48935
2026-08-23T14:43:45Z,20214,28190,48935
2026-08-23T14:43:47Z,20214,28190,48935
2026-08-23T14:43:49Z,20214,28190,48935
2026-08-23T14:43:51Z,20214,28190,48935
2026-08-23T14:43:53Z,20214,28190,48935
2026-08-23T14:43:55Z,20214,28190,48935
2026-08-23T14:43:57Z,20214,28190,48935
2026-08-23T14:43:59Z,20214,28190,48935
2026-08-23T14:44:02Z,20214,28190,48935
2026-08-23T14:44:04Z,20214,28190,48935
2026-08-23T14:44:06Z,20214,28190,48935
2026-08-23T14:44:08Z,20214,28190,48935
2026-08-23T14:44:10Z,20214,28190,48935
2026-08-23T14:44:12Z,20214,28190,48935
2026-08-23T14:44:14Z,20214,28190,48935
2026-08-23T14:44:16Z,20214,28190,48935
2026-08-23T14:44:18Z,20214,28190,48935
2026-08-23T14:44:20Z,20214,28190,48935
2026-08-23T14:44:22Z,20214,28190,48935
2026-08-23T14:44:24Z,20214,28190,48935
2026-08-23T14:44:26Z,20214,28190,48935
2026-08-23T14:44:28Z,20214,28190,48935
2026-08-23T14:44:30Z,20214,28190,48935
2026-08-23T14:44:32Z,20214,28190,48935
2026-08-23T14:44:34Z,20214,28190,48935
2026-08-23T14:44:36Z,20214,28190,48935
2026-08-23T14:44:38Z,20214,28190,48935
2026-08-23T14:44:40Z,20214,28190,48935
2026-08-23T14:44:42Z,20214,28190,48935
2026-08-23T14:44:44Z,20214,28190,48935
2026-08-23T14:44:46Z,20214,28190,48935
2026-08-23T14:44:48Z,20214,28190,48935
2026-08-23T14:44:50Z,20214,28190,48935
2026-08-23T14:44:52Z,20214,28190,48935
2026-08-23T14:44:54Z,20214,28190,48935
2026-08-23T14:44:56Z,20214,28190,48935
2026-08-23T14:44:58Z,20214,28190,48935
2026-08-23T14:45:00Z,20214,28190,48935
2026-08-23T14:45:02Z,20214,28190,48935
2026-08-23T14:45:04Z,20214,28190,48935
2026-08-23T14:45:06Z,20214,28190,48935
2026-08-23T14:45:08Z,20214,28190,48935
2026-08-23T14:45:10Z,20214,28190,48935
2026-08-23T14:45:12Z,20214,28190,48935
2026-08-23T14:45:14Z,20214,28190,48935
2026-08-23T14:45:16Z,20214,28190,48935
2026-08-23T14:45:18Z,20214,28190,48935
2026-08-23T14:45:20Z,17059,31345,48935
2026-08-23T14:45:22Z,17398,31006,48935
2026-08-23T14:45:25Z,20214,28190,48935
2026-08-23T14:45:27Z,20214,28190,48935
2026-08-23T14:45:29Z,20214,28190,48935
2026-08-23T14:45:31Z,20214,28190,48935
2026-08-23T14:45:33Z,20214,28190,48935
2026-08-23T14:45:35Z,20214,28190,48935
2026-08-23T14:45:37Z,20214,28190,48935
2026-08-23T14:45:39Z,20214,28190,48935
2026-08-23T14:45:41Z,20214,28190,48935
2026-08-23T14:45:43Z,20214,28190,48935
2026-08-23T14:45:45Z,20214,28190,48935
2026-08-23T14:45:47Z,20214,28190,48935
2026-08-23T14:45:49Z,20214,28190,48935
2026-08-23T14:45:51Z,20214,28190,48935
2026-08-23T14:45:53Z,20214,28190,48935
2026-08-23T14:45:55Z,20214,28190,48935
2026-08-23T14:45:57Z,20214,28190,48935
2026-08-23T14:45:59Z,20214,28190,48935
2026-08-23T14:46:01Z,20214,28190,48935
2026-08-23T14:46:03Z,20214,28190,48935
2026-08-23T14:46:05Z,20214,28190,48935
2026-08-23T14:46:07Z,20214,28190,48935
2026-08-23T14:46:09Z,20214,28190,48935
2026-08-23T14:46:11Z,20214,28190,48935
2026-08-23T14:46:13Z,20214,28190,48935
2026-08-23T14:46:15Z,20214,28190,48935
2026-08-23T14:46:17Z,20214,28190,48935
2026-08-23T14:46:19Z,20214,28190,48935
2026-08-23T14:46:21Z,20214,28190,48935
2026-08-23T14:46:23Z,20214,28190,48935
2026-08-23T14:46:25Z,20214,28190,48935
2026-08-23T14:46:27Z,20214,28190,48935
2026-08-23T14:46:29Z,20214,28190,48935
2026-08-23T14:46:31Z,20214,28190,48935
2026-08-23T14:46:33Z,20214,28190,48935
2026-08-23T14:46:35Z,20214,28190,48935
2026-08-23T14:46:37Z,20214,28190,48935
2026-08-23T14:46:39Z,20214,28190,48935
2026-08-23T14:46:41Z,20214,28190,48935
2026-08-23T14:46:43Z,20214,28190,48935
2026-08-23T14:46:45Z,20214,28190,48935
2026-08-23T14:46:47Z,20214,28190,48935
2026-08-23T14:46:50Z,20214,28190,48935
2026-08-23T14:46:52Z,20214,28190,48935
2026-08-23T14:46:54Z,20214,28190,48935
2026-08-23T14:46:56Z,20214,28190,48935
2026-08-23T14:46:58Z,20214,28190,48935
2026-08-23T14:47:00Z,20214,28190,48935
2026-08-23T14:47:02Z,20214,28190,48935
2026-08-23T14:47:04Z,20214,28190,48935
2026-08-23T14:47:06Z,20214,28190,48935
2026-08-23T14:47:08Z,20214,28190,48935
2026-08-23T14:47:10Z,20214,28190,48935
2026-08-23T14:47:12Z,20214,28190,48935
2026-08-23T14:47:14Z,20214,28190,48935
2026-08-23T14:47:16Z,20214,28190,48935
2026-08-23T14:47:18Z,20214,28190,48935
2026-08-23T14:47:20Z,20214,28190,48935
2026-08-23T14:47:22Z,20214,28190,48935
2026-08-23T14:47:24Z,20214,28190,48935
2026-08-23T14:47:26Z,20214,28190,48935
2026-08-23T14:47:28Z,20214,28190,48935
2026-08-23T14:47:30Z,20214,28190,48935
2026-08-23T14:47:32Z,20214,28190,48935
2026-08-23T14:47:34Z,20214,28190,48935
2026-08-23T14:47:36Z,20214,28190,48935
2026-08-23T14:47:38Z,20214,28190,48935
2026-08-23T14:47:40Z,20214,28190,48935
2026-08-23T14:47:42Z,20214,28190,48935
2026-08-23T14:47:44Z,20214,28190,48935
2026-08-23T14:47:46Z,20214,28190,48935
2026-08-23T14:47:48Z,20214,28190,48935
2026-08-23T14:47:50Z,20214,28190,48935
2026-08-23T14:47:52Z,20214,28190,48935
2026-08-23T14:47:54Z,20214,28190,48935
2026-08-23T14:47:56Z,20214,28190,48935
2026-08-23T14:47:58Z,20214,28190,48935
2026-08-23T14:48:00Z,20214,28190,48935
2026-08-23T14:48:02Z,20214,28190,48935
2026-08-23T14:48:04Z,20214,28190,48935
2026-08-23T14:48:06Z,20214,28190,48935
2026-08-23T14:48:08Z,20214,28190,48935
2026-08-23T14:48:10Z,20214,28190,48935
2026-08-23T14:48:13Z,20214,28190,48935
2026-08-23T14:48:15Z,20214,28190,48935
2026-08-23T14:48:17Z,20214,28190,48935
2026-08-23T14:48:19Z,20214,28190,48935
2026-08-23T14:48:21Z,20214,28190,48935
2026-08-23T14:48:23Z,20214,28190,48935
2026-08-23T14:48:25Z,20214,28190,48935
2026-08-23T14:48:27Z,20214,28190,48935
2026-08-23T14:48:29Z,20214,28190,48935
2026-08-23T14:48:31Z,20214,28190,48935
2026-08-23T14:48:33Z,20214,28190,48935
2026-08-23T14:48:35Z,20214,28190,48935
2026-08-23T14:48:37Z,20214,28190,48935
2026-08-23T14:48:39Z,20214,28190,48935
2026-08-23T14:48:41Z,20214,28190,48935
2026-08-23T14:48:43Z,20214,28190,48935
2026-08-23T14:48:45Z,20214,28190,48935
2026-08-23T14:48:47Z,20214,28190,48935
2026-08-23T14:48:49Z,20214,28190,48935
2026-08-23T14:48:51Z,20214,28190,48935
2026-08-23T14:48:53Z,20214,28190,48935
2026-08-23T14:48:55Z,20214,28190,48935
2026-08-23T14:48:57Z,20214,28190,48935
2026-08-23T14:48:59Z,20214,28190,48935
2026-08-23T14:49:01Z,20214,28190,48935
2026-08-23T14:49:03Z,20214,28190,48935
2026-08-23T14:49:05Z,20214,28190,48935
2026-08-23T14:49:07Z,20214,28190,48935
2026-08-23T14:49:09Z,20214,28190,48935
2026-08-23T14:49:11Z,20214,28190,48935
2026-08-23T14:49:13Z,20214,28190,48935
2026-08-23T14:49:15Z,20214,28190,48935
2026-08-23T14:49:17Z,20214,28190,48935
2026-08-23T14:49:19Z,20214,28190,48935
2026-08-23T14:49:21Z,20214,28190,48935
2026-08-23T14:49:23Z,20214,28190,48935
2026-08-23T14:49:25Z,20214,28190,48935
2026-08-23T14:49:27Z,20214,28190,48935
2026-08-23T14:49:29Z,20214,28190,48935
2026-08-23T14:49:31Z,20214,28190,48935
2026-08-23T14:49:33Z,20214,28190,48935
2026-08-23T14:49:36Z,20214,28190,48935
2026-08-23T14:49:38Z,20214,28190,48935
2026-08-23T14:49:40Z,20214,28190,48935
2026-08-23T14:49:42Z,20214,28190,48935
2026-08-23T14:49:44Z,20214,28190,48935
2026-08-23T14:49:46Z,20214,28190,48935
2026-08-23T14:49:48Z,20214,28190,48935
2026-08-23T14:49:50Z,20214,28190,48935
2026-08-23T14:49:52Z,20214,28190,48935
2026-08-23T14:49:54Z,20214,28190,48935
2026-08-23T14:49:56Z,20214,28190,48935
2026-08-23T14:49:58Z,20214,28190,48935
2026-08-23T14:50:00Z,20214,28190,48935
2026-08-23T14:50:02Z,17059,31345,48935
2026-08-23T14:50:04Z,20214,28190,48935
2026-08-23T14:50:06Z,20214,28190,48935
2026-08-23T14:50:08Z,20214,28190,48935
2026-08-23T14:50:10Z,20214,28190,48935
2026-08-23T14:50:12Z,20214,28190,48935
2026-08-23T14:50:14Z,20214,28190,48935
2026-08-23T14:50:16Z,20214,28190,48935
2026-08-23T14:50:18Z,20214,28190,48935
2026-08-23T14:50:20Z,20214,28190,48935
2026-08-23T14:50:22Z,20214,28190,48935
2026-08-23T14:50:24Z,20214,28190,48935
2026-08-23T14:50:26Z,20214,28190,48935
2026-08-23T14:50:28Z,20214,28190,48935
2026-08-23T14:50:30Z,20214,28190,48935
2026-08-23T14:50:32Z,20214,28190,48935
2026-08-23T14:50:34Z,20214,28190,48935
2026-08-23T14:50:36Z,20214,28190,48935
2026-08-23T14:50:38Z,20214,28190,48935
2026-08-23T14:50:40Z,20214,28190,48935
2026-08-23T14:50:42Z,20214,28190,48935
2026-08-23T14:50:44Z,20214,28190,48935
2026-08-23T14:50:46Z,20214,28190,48935
2026-08-23T14:50:48Z,20214,28190,48935
2026-08-23T14:50:50Z,20214,28190,48935
2026-08-23T14:50:52Z,20214,28190,48935
2026-08-23T14:50:54Z,20214,28190,48935
2026-08-23T14:50:56Z,20214,28190,48935
2026-08-23T14:50:59Z,20214,28190,48935
2026-08-23T14:51:01Z,20214,28190,48935
2026-08-23T14:51:03Z,20214,28190,48935
2026-08-23T14:51:05Z,20214,28190,48935
2026-08-23T14:51:07Z,20214,28190,48935
2026-08-23T14:51:09Z,20214,28190,48935
2026-08-23T14:51:11Z,20214,28190,48935
2026-08-23T14:51:13Z,20214,28190,48935
2026-08-23T14:51:15Z,20214,28190,48935
2026-08-23T14:51:17Z,20214,28190,48935
2026-08-23T14:51:19Z,20214,28190,48935
2026-08-23T14:51:21Z,20214,28190,48935
2026-08-23T14:51:23Z,20214,28190,48935
2026-08-23T14:51:25Z,20214,28190,48935
2026-08-23T14:51:27Z,20214,28190,48935
2026-08-23T14:51:29Z,20214,28190,48935
2026-08-23T14:51:31Z,20214,28190,48935
2026-08-23T14:51:33Z,20214,28190,48935
2026-08-23T14:51:35Z,20214,28190,48935
2026-08-23T14:51:37Z,20214,28190,48935
2026-08-23T14:51:39Z,20214,28190,48935
2026-08-23T14:51:41Z,20214,28190,48935
2026-08-23T14:51:43Z,20214,28190,48935
2026-08-23T14:51:45Z,20214,28190,48935
2026-08-23T14:51:47Z,20214,28190,48935
2026-08-23T14:51:49Z,20214,28190,48935
2026-08-23T14:51:51Z,20214,28190,48935
2026-08-23T14:51:53Z,20214,28190,48935
2026-08-23T14:51:55Z,20214,28190,48935
2026-08-23T14:51:57Z,20214,28190,48935
2026-08-23T14:51:59Z,20214,28190,48935
2026-08-23T14:52:01Z,20214,28190,48935
2026-08-23T14:52:03Z,20214,28190,48935
2026-08-23T14:52:05Z,20214,28190,48935
2026-08-23T14:52:07Z,20214,28190,48935
2026-08-23T14:52:09Z,20214,28190,48935
2026-08-23T14:52:11Z,20214,28190,48935
2026-08-23T14:52:13Z,20214,28190,48935
2026-08-23T14:52:15Z,20214,28190,48935
2026-08-23T14:52:17Z,20214,28190,48935
2026-08-23T14:52:19Z,20214,28190,48935
2026-08-23T14:52:21Z,20214,28190,48935
2026-08-23T14:52:24Z,20214,28190,48935
2026-08-23T14:52:26Z,20214,28190,48935
2026-08-23T14:52:28Z,20214,28190,48935
2026-08-23T14:52:30Z,20214,28190,48935
2026-08-23T14:52:32Z,20214,28190,48935
2026-08-23T14:52:34Z,20214,28190,48935
2026-08-23T14:52:36Z,20214,28190,48935
2026-08-23T14:52:38Z,20214,28190,48935
2026-08-23T14:52:40Z,20214,28190,48935
2026-08-23T14:52:42Z,20214,28190,48935
2026-08-23T14:52:44Z,20214,28190,48935
2026-08-23T14:52:46Z,20214,28190,48935
2026-08-23T14:52:48Z,20214,28190,48935
2026-08-23T14:52:50Z,20214,28190,48935
2026-08-23T14:52:52Z,20214,28190,48935
2026-08-23T14:52:54Z,20214,28190,48935
2026-08-23T14:52:56Z,20214,28190,48935
2026-08-23T14:52:58Z,20214,28190,48935
2026-08-23T14:53:00Z,20214,28190,48935
2026-08-23T14:53:02Z,20214,28190,48935
2026-08-23T14:53:04Z,20214,28190,48935
2026-08-23T14:53:06Z,20214,28190,48935
2026-08-23T14:53:08Z,20214,28190,48935
2026-08-23T14:53:10Z,20214,28190,48935
2026-08-23T14:53:12Z,20214,28190,48935
2026-08-23T14:53:14Z,20214,28190,48935
2026-08-23T14:53:16Z,20214,28190,48935
2026-08-23T14:53:18Z,20214,28190,48935
2026-08-23T14:53:20Z,20214,28190,48935
2026-08-23T14:53:22Z,20214,28190,48935
2026-08-23T14:53:24Z,20214,28190,48935
2026-08-23T14:53:26Z,20214,28190,48935
2026-08-23T14:53:28Z,20214,28190,48935
2026-08-23T14:53:30Z,20214,28190,48935
2026-08-23T14:53:32Z,20214,28190,48935
2026-08-23T14:53:34Z,20214,28190,48935
2026-08-23T14:53:36Z,20214,28190,48935
2026-08-23T14:53:38Z,20214,28190,48935
2026-08-23T14:53:40Z,20214,28190,48935
2026-08-23T14:53:42Z,20214,28190,48935
2026-08-23T14:53:44Z,20214,28190,48935
2026-08-23T14:53:47Z,20214,28190,48935
2026-08-23T14:53:49Z,20214,28190,48935
2026-08-23T14:53:51Z,20214,28190,48935
2026-08-23T14:53:53Z,20214,28190,48935
2026-08-23T14:53:55Z,20214,28190,48935
2026-08-23T14:53:57Z,20214,28190,48935
2026-08-23T14:53:59Z,20214,28190,48935
2026-08-23T14:54:01Z,20214,28190,48935
2026-08-23T14:54:03Z,20214,28190,48935
2026-08-23T14:54:05Z,20214,28190,48935
2026-08-23T14:54:07Z,20214,28190,48935
2026-08-23T14:54:09Z,20214,28190,48935
2026-08-23T14:54:11Z,20214,28190,48935
2026-08-23T14:54:13Z,20214,28190,48935
2026-08-23T14:54:15Z,20214,28190,48935
2026-08-23T14:54:17Z,20214,28190,48935
2026-08-23T14:54:19Z,20214,28190,48935
2026-08-23T14:54:21Z,20214,28190,48935
2026-08-23T14:54:23Z,20214,28190,48935
2026-08-23T14:54:25Z,20214,28190,48935
2026-08-23T14:54:27Z,20214,28190,48935
2026-08-23T14:54:29Z,20214,28190,48935
2026-08-23T14:54:31Z,20214,28190,48935
2026-08-23T14:54:33Z,20214,28190,48935
2026-08-23T14:54:35Z,20214,28190,48935
2026-08-23T14:54:37Z,20214,28190,48935
2026-08-23T14:54:39Z,20214,28190,48935
2026-08-23T14:54:41Z,20214,28190,48935
2026-08-23T14:54:43Z,20214,28190,48935
2026-08-23T14:54:45Z,20214,28190,48935
2026-08-23T14:54:47Z,20214,28190,48935
2026-08-23T14:54:49Z,20214,28190,48935
2026-08-23T14:54:51Z,20214,28190,48935
2026-08-23T14:54:53Z,20214,28190,48935
2026-08-23T14:54:55Z,20214,28190,48935
2026-08-23T14:54:57Z,20214,28190,48935
2026-08-23T14:54:59Z,20214,28190,48935
2026-08-23T14:55:01Z,20214,28190,48935
2026-08-23T14:55:03Z,20214,28190,48935
2026-08-23T14:55:05Z,20214,28190,48935
2026-08-23T14:55:07Z,20214,28190,48935
2026-08-23T14:55:10Z,20214,28190,48935
2026-08-23T14:55:12Z,20214,28190,48935
2026-08-23T14:55:14Z,17059,31345,48935
2026-08-23T14:55:16Z,17398,31006,48935
2026-08-23T14:55:18Z,20214,28190,48935
2026-08-23T14:55:20Z,20214,28190,48935
2026-08-23T14:55:22Z,20214,28190,48935
2026-08-23T14:55:24Z,20214,28190,48935
2026-08-23T14:55:26Z,20214,28190,48935
2026-08-23T14:55:28Z,20214,28190,48935
2026-08-23T14:55:30Z,20214,28190,48935
2026-08-23T14:55:32Z,20214,28190,48935
2026-08-23T14:55:34Z,20214,28190,48935
2026-08-23T14:55:36Z,20214,28190,48935
2026-08-23T14:55:38Z,20214,28190,48935
2026-08-23T14:55:40Z,20214,28190,48935
2026-08-23T14:55:42Z,20214,28190,48935
2026-08-23T14:55:44Z,20214,28190,48935
2026-08-23T14:55:46Z,20214,28190,48935
2026-08-23T14:55:48Z,20214,28190,48935
2026-08-23T14:55:50Z,20214,28190,48935
2026-08-23T14:55:52Z,20214,28190,48935
2026-08-23T14:55:54Z,20214,28190,48935
2026-08-23T14:55:56Z,20214,28190,48935
2026-08-23T14:55:58Z,20214,28190,48935
2026-08-23T14:56:00Z,20214,28190,48935
2026-08-23T14:56:02Z,20214,28190,48935
2026-08-23T14:56:04Z,20214,28190,48935
2026-08-23T14:56:06Z,20214,28190,48935
2026-08-23T14:56:08Z,20214,28190,48935
2026-08-23T14:56:10Z,20214,28190,48935
2026-08-23T14:56:12Z,20214,28190,48935
2026-08-23T14:56:14Z,20214,28190,48935
2026-08-23T14:56:16Z,20214,28190,48935
2026-08-23T14:56:18Z,20214,28190,48935
2026-08-23T14:56:20Z,20214,28190,48935
2026-08-23T14:56:22Z,20214,28190,48935
2026-08-23T14:56:24Z,20214,28190,48935
2026-08-23T14:56:26Z,20214,28190,48935
2026-08-23T14:56:28Z,17059,31345,48935
2026-08-23T14:56:30Z,17398,31006,48935
2026-08-23T14:56:32Z,20214,28190,48935
2026-08-23T14:56:35Z,20214,28190,48935
2026-08-23T14:56:37Z,20214,28190,48935
2026-08-23T14:56:39Z,20214,28190,48935
2026-08-23T14:56:41Z,20214,28190,48935
2026-08-23T14:56:43Z,20214,28190,48935
2026-08-23T14:56:45Z,20214,28190,48935
2026-08-23T14:56:47Z,20214,28190,48935
2026-08-23T14:56:49Z,20214,28190,48935
2026-08-23T14:56:51Z,20214,28190,48935
2026-08-23T14:56:53Z,20214,28190,48935
2026-08-23T14:56:55Z,20214,28190,48935
2026-08-23T14:56:57Z,20214,28190,48935
2026-08-23T14:56:59Z,20214,28190,48935
2026-08-23T14:57:01Z,20214,28190,48935
2026-08-23T14:57:03Z,20214,28190,48935
2026-08-23T14:57:05Z,20214,28190,48935
2026-08-23T14:57:07Z,20214,28190,48935
2026-08-23T14:57:09Z,20214,28190,48935
2026-08-23T14:57:11Z,20214,28190,48935
2026-08-23T14:57:13Z,20214,28190,48935
2026-08-23T14:57:15Z,20214,28190,48935
2026-08-23T14:57:17Z,20214,28190,48935
2026-08-23T14:57:19Z,20214,28190,48935
2026-08-23T14:57:21Z,20214,28190,48935
2026-08-23T14:57:23Z,20214,28190,48935
2026-08-23T14:57:25Z,20214,28190,48935
2026-08-23T14:57:27Z,20214,28190,48935
2026-08-23T14:57:29Z,20214,28190,48935
2026-08-23T14:57:31Z,20214,28190,48935
2026-08-23T14:57:33Z,20214,28190,48935
2026-08-23T14:57:35Z,20214,28190,48935
2026-08-23T14:57:37Z,20214,28190,48935
2026-08-23T14:57:39Z,20214,28190,48935
2026-08-23T14:57:41Z,20214,28190,48935
2026-08-23T14:57:43Z,20214,28190,48935
2026-08-23T14:57:45Z,20214,28190,48935
2026-08-23T14:57:47Z,20214,28190,48935
2026-08-23T14:57:49Z,20214,28190,48935
2026-08-23T14:57:51Z,20214,28190,48935
2026-08-23T14:57:53Z,20214,28190,48935
2026-08-23T14:57:55Z,20214,28190,48935
2026-08-23T14:57:57Z,20214,28190,48935
2026-08-23T14:58:00Z,20214,28190,48935
2026-08-23T14:58:02Z,20214,28190,48935
2026-08-23T14:58:04Z,20214,28190,48935
2026-08-23T14:58:06Z,20214,28190,48935
2026-08-23T14:58:08Z,20214,28190,48935
2026-08-23T14:58:10Z,20214,28190,48935
2026-08-23T14:58:12Z,20214,28190,48935
2026-08-23T14:58:14Z,20214,28190,48935
2026-08-23T14:58:16Z,20214,28190,48935
2026-08-23T14:58:18Z,20214,28190,48935
2026-08-23T14:58:20Z,20214,28190,48935
2026-08-23T14:58:22Z,20214,28190,48935
2026-08-23T14:58:24Z,20214,28190,48935
2026-08-23T14:58:26Z,20214,28190,48935
2026-08-23T14:58:28Z,20214,28190,48935
2026-08-23T14:58:30Z,20214,28190,48935
2026-08-23T14:58:32Z,20214,28190,48935
2026-08-23T14:58:34Z,20214,28190,48935
2026-08-23T14:58:36Z,20214,28190,48935
2026-08-23T14:58:38Z,17398,31006,48935
2026-08-23T14:58:40Z,20214,28190,48935
2026-08-23T14:58:42Z,20214,28190,48935
2026-08-23T14:58:44Z,20214,28190,48935
2026-08-23T14:58:46Z,20214,28190,48935
2026-08-23T14:58:48Z,20214,28190,48935
2026-08-23T14:58:50Z,20214,28190,48935
2026-08-23T14:58:52Z,20214,28190,48935
2026-08-23T14:58:54Z,20214,28190,48935
2026-08-23T14:58:56Z,20214,28190,48935
2026-08-23T14:58:58Z,20214,28190,48935
2026-08-23T14:59:00Z,20214,28190,48935
2026-08-23T14:59:02Z,20214,28190,48935
2026-08-23T14:59:04Z,20214,28190,48935
2026-08-23T14:59:06Z,20214,28190,48935
2026-08-23T14:59:08Z,20214,28190,48935
2026-08-23T14:59:10Z,20214,28190,48935
2026-08-23T14:59:12Z,20214,28190,48935
2026-08-23T14:59:14Z,20214,28190,48935
2026-08-23T14:59:16Z,20214,28190,48935
2026-08-23T14:59:18Z,20214,28190,48935
2026-08-23T14:59:20Z,20214,28190,48935
2026-08-23T14:59:22Z,20214,28190,48935
2026-08-23T14:59:25Z,20214,28190,48935
2026-08-23T14:59:27Z,20214,28190,48935
2026-08-23T14:59:29Z,20214,28190,48935
2026-08-23T14:59:31Z,20214,28190,48935
2026-08-23T14:59:33Z,20214,28190,48935
2026-08-23T14:59:35Z,20214,28190,48935
2026-08-23T14:59:37Z,20214,28190,48935
2026-08-23T14:59:39Z,20214,28190,48935
2026-08-23T14:59:41Z,20214,28190,48935
2026-08-23T14:59:43Z,20214,28190,48935
2026-08-23T14:59:45Z,20214,28190,48935
2026-08-23T14:59:47Z,20214,28190,48935
2026-08-23T14:59:49Z,20214,28190,48935
2026-08-23T14:59:51Z,20214,28190,48935
2026-08-23T14:59:53Z,20214,28190,48935
2026-08-23T14:59:55Z,20214,28190,48935
2026-08-23T14:59:57Z,20214,28190,48935
2026-08-23T14:59:59Z,20214,28190,48935
2026-08-23T15:00:01Z,20214,28190,48935
2026-08-23T15:00:03Z,20214,28190,48935
2026-08-23T15:00:05Z,20214,28190,48935
2026-08-23T15:00:07Z,20214,28190,48935
2026-08-23T15:00:09Z,20214,28190,48935
2026-08-23T15:00:11Z,20214,28190,48935
2026-08-23T15:00:13Z,20214,28190,48935
2026-08-23T15:00:15Z,20214,28190,48935
2026-08-23T15:00:17Z,20214,28190,48935
2026-08-23T15:00:19Z,20214,28190,48935
2026-08-23T15:00:21Z,20214,28190,48935
2026-08-23T15:00:23Z,20214,28190,48935
2026-08-23T15:00:25Z,20214,28190,48935
2026-08-23T15:00:27Z,20214,28190,48935
2026-08-23T15:00:29Z,20214,28190,48935
2026-08-23T15:00:31Z,20214,28190,48935
2026-08-23T15:00:33Z,20214,28190,48935
2026-08-23T15:00:35Z,20214,28190,48935
2026-08-23T15:00:37Z,20214,28190,48935
2026-08-23T15:00:39Z,20214,28190,48935
2026-08-23T15:00:41Z,20214,28190,48935
2026-08-23T15:00:43Z,20214,28190,48935
2026-08-23T15:00:45Z,20214,28190,48935
2026-08-23T15:00:47Z,20214,28190,48935
2026-08-23T15:00:50Z,20214,28190,48935
2026-08-23T15:00:52Z,20214,28190,48935
2026-08-23T15:00:54Z,20214,28190,48935
2026-08-23T15:00:56Z,20214,28190,48935
2026-08-23T15:00:58Z,20214,28190,48935
2026-08-23T15:01:00Z,20214,28190,48935
2026-08-23T15:01:02Z,20214,28190,48935
2026-08-23T15:01:04Z,20214,28190,48935
2026-08-23T15:01:06Z,20214,28190,48935
2026-08-23T15:01:08Z,20214,28190,48935
2026-08-23T15:01:10Z,20214,28190,48935
2026-08-23T15:01:12Z,20214,28190,48935
2026-08-23T15:01:14Z,20214,28190,48935
2026-08-23T15:01:16Z,20214,28190,48935
2026-08-23T15:01:18Z,20214,28190,48935
2026-08-23T15:01:20Z,20214,28190,48935
2026-08-23T15:01:22Z,20214,28190,48935
2026-08-23T15:01:24Z,20214,28190,48935
2026-08-23T15:01:26Z,20214,28190,48935
2026-08-23T15:01:28Z,20214,28190,48935
2026-08-23T15:01:30Z,20214,28190,48935
2026-08-23T15:01:32Z,20214,28190,48935
2026-08-23T15:01:34Z,20214,28190,48935
2026-08-23T15:01:36Z,20214,28190,48935
2026-08-23T15:01:38Z,20214,28190,48935
2026-08-23T15:01:40Z,20214,28190,48935
2026-08-23T15:01:42Z,20214,28190,48935
2026-08-23T15:01:44Z,20214,28190,48935
2026-08-23T15:01:46Z,20214,28190,48935
2026-08-23T15:01:48Z,20214,28190,48935
2026-08-23T15:01:50Z,20214,28190,48935
2026-08-23T15:01:52Z,20214,28190,48935
2026-08-23T15:01:54Z,20214,28190,48935
2026-08-23T15:01:56Z,20214,28190,48935
2026-08-23T15:01:58Z,20214,28190,48935
2026-08-23T15:02:00Z,20214,28190,48935
2026-08-23T15:02:02Z,20214,28190,48935
2026-08-23T15:02:04Z,20214,28190,48935
2026-08-23T15:02:06Z,20214,28190,48935
2026-08-23T15:02:08Z,20214,28190,48935
2026-08-23T15:02:10Z,20214,28190,48935
2026-08-23T15:02:13Z,20214,28190,48935
2026-08-23T15:02:15Z,20214,28190,48935
2026-08-23T15:02:17Z,20214,28190,48935
2026-08-23T15:02:19Z,20214,28190,48935
2026-08-23T15:02:21Z,20214,28190,48935
2026-08-23T15:02:23Z,20214,28190,48935
2026-08-23T15:02:25Z,20214,28190,48935
2026-08-23T15:02:27Z,20214,28190,48935
2026-08-23T15:02:29Z,20214,28190,48935
2026-08-23T15:02:31Z,20214,28190,48935
2026-08-23T15:02:33Z,20214,28190,48935
2026-08-23T15:02:35Z,20214,28190,48935
2026-08-23T15:02:37Z,20214,28190,48935
2026-08-23T15:02:39Z,20214,28190,48935
2026-08-23T15:02:41Z,20214,28190,48935
2026-08-23T15:02:43Z,20214,28190,48935
2026-08-23T15:02:45Z,20214,28190,48935
2026-08-23T15:02:47Z,20214,28190,48935
2026-08-23T15:02:49Z,20214,28190,48935
2026-08-23T15:02:51Z,20214,28190,48935
2026-08-23T15:02:53Z,20214,28190,48935
2026-08-23T15:02:55Z,20214,28190,48935
2026-08-23T15:02:57Z,20214,28190,48935
2026-08-23T15:02:59Z,20214,28190,48935
2026-08-23T15:03:01Z,20214,28190,48935
2026-08-23T15:03:03Z,20214,28190,48935
2026-08-23T15:03:05Z,20214,28190,48935
2026-08-23T15:03:07Z,20214,28190,48935
2026-08-23T15:03:09Z,20214,28190,48935
2026-08-23T15:03:11Z,20214,28190,48935
2026-08-23T15:03:13Z,20214,28190,48935
2026-08-23T15:03:15Z,20214,28190,48935
2026-08-23T15:03:17Z,20214,28190,48935
2026-08-23T15:03:19Z,20214,28190,48935
2026-08-23T15:03:21Z,20214,28190,48935
2026-08-23T15:03:23Z,20214,28190,48935
2026-08-23T15:03:25Z,20214,28190,48935
2026-08-23T15:03:27Z,20214,28190,48935
2026-08-23T15:03:29Z,20214,28190,48935
2026-08-23T15:03:31Z,20214,28190,48935
2026-08-23T15:03:33Z,20214,28190,48935
2026-08-23T15:03:36Z,20214,28190,48935
2026-08-23T15:03:38Z,20214,28190,48935
2026-08-23T15:03:40Z,20214,28190,48935
2026-08-23T15:03:42Z,20214,28190,48935
2026-08-23T15:03:44Z,20214,28190,48935
2026-08-23T15:03:46Z,20214,28190,48935
2026-08-23T15:03:48Z,20214,28190,48935
2026-08-23T15:03:50Z,20214,28190,48935
2026-08-23T15:03:52Z,20214,28190,48935
2026-08-23T15:03:54Z,20214,28190,48935
2026-08-23T15:03:56Z,20214,28190,48935
2026-08-23T15:03:58Z,20214,28190,48935
2026-08-23T15:04:00Z,20214,28190,48935
2026-08-23T15:04:02Z,20214,28190,48935
2026-08-23T15:04:04Z,20214,28190,48935
2026-08-23T15:04:06Z,20214,28190,48935
2026-08-23T15:04:08Z,20214,28190,48935
2026-08-23T15:04:10Z,20214,28190,48935
2026-08-23T15:04:12Z,20214,28190,48935
2026-08-23T15:04:14Z,20214,28190,48935
2026-08-23T15:04:16Z,20214,28190,48935
2026-08-23T15:04:18Z,20214,28190,48935
2026-08-23T15:04:20Z,20214,28190,48935
2026-08-23T15:04:22Z,20214,28190,48935
2026-08-23T15:04:24Z,20214,28190,48935
2026-08-23T15:04:26Z,20214,28190,48935
2026-08-23T15:04:28Z,20214,28190,48935
2026-08-23T15:04:30Z,20214,28190,48935
2026-08-23T15:04:32Z,20214,28190,48935
2026-08-23T15:04:34Z,20214,28190,48935
2026-08-23T15:04:36Z,20214,28190,48935
2026-08-23T15:04:38Z,20214,28190,48935
2026-08-23T15:04:40Z,20214,28190,48935
2026-08-23T15:04:42Z,20214,28190,48935
2026-08-23T15:04:44Z,20214,28190,48935
2026-08-23T15:04:46Z,20214,28190,48935
2026-08-23T15:04:48Z,20214,28190,48935
2026-08-23T15:04:50Z,20214,28190,48935
2026-08-23T15:04:52Z,20214,28190,48935
2026-08-23T15:04:54Z,20214,28190,48935
2026-08-23T15:04:56Z,20214,28190,48935
2026-08-23T15:04:59Z,20214,28190,48935
2026-08-23T15:05:01Z,20214,28190,48935
2026-08-23T15:05:03Z,20214,28190,48935
2026-08-23T15:05:05Z,20214,28190,48935
2026-08-23T15:05:07Z,20214,28190,48935
2026-08-23T15:05:09Z,20214,28190,48935
2026-08-23T15:05:11Z,20214,28190,48935
2026-08-23T15:05:13Z,20214,28190,48935
2026-08-23T15:05:15Z,20214,28190,48935
2026-08-23T15:05:17Z,20214,28190,48935
2026-08-23T15:05:19Z,20214,28190,48935
2026-08-23T15:05:21Z,20214,28190,48935
2026-08-23T15:05:23Z,20214,28190,48935
2026-08-23T15:05:25Z,20214,28190,48935
2026-08-23T15:05:27Z,20214,28190,48935
2026-08-23T15:05:29Z,20214,28190,48935
2026-08-23T15:05:31Z,20214,28190,48935
2026-08-23T15:05:33Z,20214,28190,48935
2026-08-23T15:05:35Z,20214,28190,48935
2026-08-23T15:05:37Z,20214,28190,48935
2026-08-23T15:05:39Z,20214,28190,48935
2026-08-23T15:05:41Z,20214,28190,48935
2026-08-23T15:05:43Z,20214,28190,48935
2026-08-23T15:05:45Z,20214,28190,48935
2026-08-23T15:05:47Z,20214,28190,48935
2026-08-23T15:05:49Z,20214,28190,48935
2026-08-23T15:05:51Z,20214,28190,48935
2026-08-23T15:05:53Z,20214,28190,48935
2026-08-23T15:05:55Z,20214,28190,48935
2026-08-23T15:05:57Z,20214,28190,48935
2026-08-23T15:05:59Z,20214,28190,48935
2026-08-23T15:06:01Z,20214,28190,48935
2026-08-23T15:06:03Z,20214,28190,48935
2026-08-23T15:06:05Z,20214,28190,48935
2026-08-23T15:06:07Z,20214,28190,48935
2026-08-23T15:06:09Z,20214,28190,48935
2026-08-23T15:06:11Z,20214,28190,48935
2026-08-23T15:06:13Z,20214,28190,48935
2026-08-23T15:06:15Z,20214,28190,48935
2026-08-23T15:06:17Z,20214,28190,48935
2026-08-23T15:06:19Z,20214,28190,48935
2026-08-23T15:06:21Z,20214,28190,48935
2026-08-23T15:06:24Z,20214,28190,48935
2026-08-23T15:06:26Z,20214,28190,48935
2026-08-23T15:06:28Z,20214,28190,48935
2026-08-23T15:06:30Z,20214,28190,48935
2026-08-23T15:06:32Z,20214,28190,48935
2026-08-23T15:06:34Z,20214,28190,48935
2026-08-23T15:06:36Z,20214,28190,48935
2026-08-23T15:06:38Z,20214,28190,48935
2026-08-23T15:06:40Z,20214,28190,48935
2026-08-23T15:06:42Z,20214,28190,48935
2026-08-23T15:06:44Z,20214,28190,48935
2026-08-23T15:06:46Z,20214,28190,48935
2026-08-23T15:06:48Z,20214,28190,48935
2026-08-23T15:06:50Z,20214,28190,48935
2026-08-23T15:06:52Z,20214,28190,48935
2026-08-23T15:06:54Z,20214,28190,48935
2026-08-23T15:06:56Z,20214,28190,48935
2026-08-23T15:06:58Z,20214,28190,48935
2026-08-23T15:07:00Z,20214,28190,48935
2026-08-23T15:07:02Z,20214,28190,48935
2026-08-23T15:07:04Z,20214,28190,48935
2026-08-23T15:07:06Z,20214,28190,48935
2026-08-23T15:07:08Z,20214,28190,48935
2026-08-23T15:07:10Z,20214,28190,48935
2026-08-23T15:07:12Z,20214,28190,48935
2026-08-23T15:07:14Z,20214,28190,48935
2026-08-23T15:07:16Z,20214,28190,48935
2026-08-23T15:07:18Z,20214,28190,48935
2026-08-23T15:07:20Z,20214,28190,48935
2026-08-23T15:07:22Z,20214,28190,48935
2026-08-23T15:07:24Z,20214,28190,48935
2026-08-23T15:07:26Z,20214,28190,48935
2026-08-23T15:07:28Z,20214,28190,48935
2026-08-23T15:07:30Z,20214,28190,48935
2026-08-23T15:07:32Z,20214,28190,48935
2026-08-23T15:07:34Z,20214,28190,48935
2026-08-23T15:07:36Z,20214,28190,48935
2026-08-23T15:07:38Z,20214,28190,48935
2026-08-23T15:07:40Z,20214,28190,48935
2026-08-23T15:07:42Z,20214,28190,48935
2026-08-23T15:07:44Z,20214,28190,48935
2026-08-23T15:07:47Z,20214,28190,48935
2026-08-23T15:07:49Z,20214,28190,48935
2026-08-23T15:07:51Z,20214,28190,48935
2026-08-23T15:07:53Z,20214,28190,48935
2026-08-23T15:07:55Z,20214,28190,48935
2026-08-23T15:07:57Z,20214,28190,48935
2026-08-23T15:07:59Z,20214,28190,48935
2026-08-23T15:08:01Z,20214,28190,48935
2026-08-23T15:08:03Z,20214,28190,48935
2026-08-23T15:08:05Z,20214,28190,48935
2026-08-23T15:08:07Z,20214,28190,48935
2026-08-23T15:08:09Z,20214,28190,48935
2026-08-23T15:08:11Z,20214,28190,48935
2026-08-23T15:08:13Z,20214,28190,48935
2026-08-23T15:08:15Z,20214,28190,48935
2026-08-23T15:08:17Z,20214,28190,48935
2026-08-23T15:08:19Z,20214,28190,48935
2026-08-23T15:08:21Z,20214,28190,48935
2026-08-23T15:08:23Z,20214,28190,48935
2026-08-23T15:08:25Z,20214,28190,48935
2026-08-23T15:08:27Z,20214,28190,48935
2026-08-23T15:08:29Z,20214,28190,48935
2026-08-23T15:08:31Z,20214,28190,48935
2026-08-23T15:08:33Z,20214,28190,48935
2026-08-23T15:08:35Z,20214,28190,48935
2026-08-23T15:08:37Z,20214,28190,48935
2026-08-23T15:08:39Z,20214,28190,48935
2026-08-23T15:08:41Z,20214,28190,48935
2026-08-23T15:08:43Z,20214,28190,48935
2026-08-23T15:08:45Z,20214,28190,48935
2026-08-23T15:08:47Z,20214,28190,48935
2026-08-23T15:08:49Z,20214,28190,48935
2026-08-23T15:08:51Z,20214,28190,48935
2026-08-23T15:08:53Z,20214,28190,48935
2026-08-23T15:08:55Z,20214,28190,48935
2026-08-23T15:08:57Z,17059,31345,48935
2026-08-23T15:08:59Z,17398,31006,48935
2026-08-23T15:09:01Z,20214,28190,48935
2026-08-23T15:09:03Z,20214,28190,48935
2026-08-23T15:09:05Z,20214,28190,48935
2026-08-23T15:09:07Z,20214,28190,48935
2026-08-23T15:09:09Z,20214,28190,48935
2026-08-23T15:09:12Z,20214,28190,48935
2026-08-23T15:09:14Z,20214,28190,48935
2026-08-23T15:09:16Z,20214,28190,48935
2026-08-23T15:09:18Z,20214,28190,48935
2026-08-23T15:09:20Z,20214,28190,48935
2026-08-23T15:09:22Z,20214,28190,48935
2026-08-23T15:09:24Z,20214,28190,48935
2026-08-23T15:09:26Z,20214,28190,48935
2026-08-23T15:09:28Z,20214,28190,48935
2026-08-23T15:09:30Z,20214,28190,48935
2026-08-23T15:09:32Z,20214,28190,48935
2026-08-23T15:09:34Z,20214,28190,48935
2026-08-23T15:09:36Z,20214,28190,48935
2026-08-23T15:09:38Z,20214,28190,48935
2026-08-23T15:09:40Z,20214,28190,48935
2026-08-23T15:09:42Z,20214,28190,48935
2026-08-23T15:09:44Z,20214,28190,48935
2026-08-23T15:09:46Z,20214,28190,48935
2026-08-23T15:09:48Z,20214,28190,48935
2026-08-23T15:09:50Z,20214,28190,48935
2026-08-23T15:09:52Z,20214,28190,48935
2026-08-23T15:09:54Z,20214,28190,48935
2026-08-23T15:09:56Z,20214,28190,48935
2026-08-23T15:09:58Z,20214,28190,48935
2026-08-23T15:10:00Z,20214,28190,48935
2026-08-23T15:10:02Z,20214,28190,48935
2026-08-23T15:10:04Z,20214,28190,48935
2026-08-23T15:10:06Z,20214,28190,48935
2026-08-23T15:10:08Z,20214,28190,48935
2026-08-23T15:10:10Z,20214,28190,48935
2026-08-23T15:10:12Z,20214,28190,48935
2026-08-23T15:10:14Z,20214,28190,48935
2026-08-23T15:10:16Z,20214,28190,48935
2026-08-23T15:10:18Z,20214,28190,48935
2026-08-23T15:10:20Z,17059,31345,48935
2026-08-23T15:10:22Z,17398,31006,48935
2026-08-23T15:10:24Z,20214,28190,48935
2026-08-23T15:10:26Z,20214,28190,48935
2026-08-23T15:10:28Z,20214,28190,48935
2026-08-23T15:10:30Z,20214,28190,48935
2026-08-23T15:10:32Z,20214,28190,48935
2026-08-23T15:10:34Z,20214,28190,48935
2026-08-23T15:10:37Z,20214,28190,48935
2026-08-23T15:10:39Z,20214,28190,48935
2026-08-23T15:10:41Z,20214,28190,48935
2026-08-23T15:10:43Z,20214,28190,48935
2026-08-23T15:10:45Z,20214,28190,48935
2026-08-23T15:10:47Z,20214,28190,48935
2026-08-23T15:10:49Z,20214,28190,48935
2026-08-23T15:10:51Z,20214,28190,48935
2026-08-23T15:10:53Z,20214,28190,48935
2026-08-23T15:10:55Z,20214,28190,48935
2026-08-23T15:10:57Z,20214,28190,48935
2026-08-23T15:10:59Z,20214,28190,48935
2026-08-23T15:11:01Z,20214,28190,48935
2026-08-23T15:11:03Z,20214,28190,48935
2026-08-23T15:11:05Z,20214,28190,48935
2026-08-23T15:11:07Z,20214,28190,48935
2026-08-23T15:11:09Z,20214,28190,48935
2026-08-23T15:11:11Z,20214,28190,48935
2026-08-23T15:11:13Z,20214,28190,48935
2026-08-23T15:11:15Z,20214,28190,48935
2026-08-23T15:11:17Z,20214,28190,48935
2026-08-23T15:11:19Z,20214,28190,48935
2026-08-23T15:11:21Z,20214,28190,48935
2026-08-23T15:11:23Z,20214,28190,48935
2026-08-23T15:11:25Z,20214,28190,48935
2026-08-23T15:11:27Z,20214,28190,48935
2026-08-23T15:11:29Z,20214,28190,48935
2026-08-23T15:11:31Z,20214,28190,48935
2026-08-23T15:11:33Z,20214,28190,48935
2026-08-23T15:11:35Z,20214,28190,48935
2026-08-23T15:11:37Z,20214,28190,48935
2026-08-23T15:11:39Z,20214,28190,48935
2026-08-23T15:11:41Z,20214,28190,48935
2026-08-23T15:11:43Z,20214,28190,48935
2026-08-23T15:11:45Z,20214,28190,48935
2026-08-23T15:11:47Z,20214,28190,48935
2026-08-23T15:11:49Z,20214,28190,48935
2026-08-23T15:11:51Z,20214,28190,48935
2026-08-23T15:11:53Z,20214,28190,48935
2026-08-23T15:11:55Z,20214,28190,48935
2026-08-23T15:11:57Z,20214,28190,48935
2026-08-23T15:12:00Z,20214,28190,48935
2026-08-23T15:12:02Z,20214,28190,48935
2026-08-23T15:12:04Z,20214,28190,48935
2026-08-23T15:12:06Z,20214,28190,48935
2026-08-23T15:12:08Z,20214,28190,48935
2026-08-23T15:12:10Z,20214,28190,48935
2026-08-23T15:12:12Z,20214,28190,48935
2026-08-23T15:12:14Z,20214,28190,48935
2026-08-23T15:12:16Z,20214,28190,48935
2026-08-23T15:12:18Z,20214,28190,48935
2026-08-23T15:12:20Z,20214,28190,48935
2026-08-23T15:12:22Z,20214,28190,48935
2026-08-23T15:12:24Z,20214,28190,48935
2026-08-23T15:12:26Z,20214,28190,48935
2026-08-23T15:12:28Z,20214,28190,48935
2026-08-23T15:12:30Z,20214,28190,48935
2026-08-23T15:12:32Z,20214,28190,48935
2026-08-23T15:12:34Z,17059,31345,48935
2026-08-23T15:12:36Z,17398,31006,48935
2026-08-23T15:12:38Z,20214,28190,48935
2026-08-23T15:12:40Z,20214,28190,48935
2026-08-23T15:12:42Z,20214,28190,48935
2026-08-23T15:12:44Z,20214,28190,48935
2026-08-23T15:12:46Z,20214,28190,48935
2026-08-23T15:12:48Z,20214,28190,48935
2026-08-23T15:12:50Z,20214,28190,48935
2026-08-23T15:12:52Z,20214,28190,48935
2026-08-23T15:12:54Z,20214,28190,48935
2026-08-23T15:12:56Z,20214,28190,48935
2026-08-23T15:12:58Z,20214,28190,48935
2026-08-23T15:13:00Z,20214,28190,48935
2026-08-23T15:13:02Z,20214,28190,48935
2026-08-23T15:13:04Z,20214,28190,48935
2026-08-23T15:13:06Z,20214,28190,48935
2026-08-23T15:13:08Z,20214,28190,48935
2026-08-23T15:13:10Z,20214,28190,48935
2026-08-23T15:13:12Z,20214,28190,48935
2026-08-23T15:13:14Z,20214,28190,48935
2026-08-23T15:13:16Z,20214,28190,48935
2026-08-23T15:13:18Z,20214,28190,48935
2026-08-23T15:13:20Z,20214,28190,48935
2026-08-23T15:13:23Z,20214,28190,48935
2026-08-23T15:13:25Z,20214,28190,48935
2026-08-23T15:13:27Z,20214,28190,48935
2026-08-23T15:13:29Z,20214,28190,48935
2026-08-23T15:13:31Z,20214,28190,48935
2026-08-23T15:13:33Z,20214,28190,48935
2026-08-23T15:13:35Z,20214,28190,48935
2026-08-23T15:13:37Z,20214,28190,48935
2026-08-23T15:13:39Z,20214,28190,48935
2026-08-23T15:13:41Z,20214,28190,48935
2026-08-23T15:13:43Z,20214,28190,48935
2026-08-23T15:13:45Z,20214,28190,48935
2026-08-23T15:13:47Z,20214,28190,48935
2026-08-23T15:13:49Z,20214,28190,48935
2026-08-23T15:13:51Z,20214,28190,48935
2026-08-23T15:13:53Z,20214,28190,48935
2026-08-23T15:13:55Z,20214,28190,48935
2026-08-23T15:13:57Z,20214,28190,48935
2026-08-23T15:13:59Z,20214,28190,48935
2026-08-23T15:14:01Z,20214,28190,48935
2026-08-23T15:14:03Z,20214,28190,48935
2026-08-23T15:14:05Z,20214,28190,48935
2026-08-23T15:14:07Z,20214,28190,48935
2026-08-23T15:14:09Z,20214,28190,48935
2026-08-23T15:14:11Z,20214,28190,48935
2026-08-23T15:14:13Z,20214,28190,48935
2026-08-23T15:14:15Z,20214,28190,48935
2026-08-23T15:14:17Z,20214,28190,48935
2026-08-23T15:14:19Z,20214,28190,48935
2026-08-23T15:14:21Z,20214,28190,48935
2026-08-23T15:14:23Z,20214,28190,48935
2026-08-23T15:14:25Z,20214,28190,48935
2026-08-23T15:14:27Z,20214,28190,48935
2026-08-23T15:14:29Z,20214,28190,48935
2026-08-23T15:14:31Z,20214,28190,48935
2026-08-23T15:14:33Z,20214,28190,48935
2026-08-23T15:14:35Z,20214,28190,48935
2026-08-23T15:14:37Z,20214,28190,48935
2026-08-23T15:14:39Z,20214,28190,48935
2026-08-23T15:14:41Z,17059,31345,48935
2026-08-23T15:14:43Z,20214,28190,48935
2026-08-23T15:14:45Z,20214,28190,48935
2026-08-23T15:14:48Z,20214,28190,48935
2026-08-23T15:14:50Z,20214,28190,48935
2026-08-23T15:14:52Z,20214,28190,48935
2026-08-23T15:14:54Z,20214,28190,48935
2026-08-23T15:14:56Z,20214,28190,48935
2026-08-23T15:14:58Z,20214,28190,48935
2026-08-23T15:15:00Z,20214,28190,48935
2026-08-23T15:15:02Z,20214,28190,48935
2026-08-23T15:15:04Z,20214,28190,48935
2026-08-23T15:15:06Z,20214,28190,48935
2026-08-23T15:15:08Z,20214,28190,48935
2026-08-23T15:15:10Z,20214,28190,48935
2026-08-23T15:15:12Z,20214,28190,48935
2026-08-23T15:15:14Z,20214,28190,48935
2026-08-23T15:15:16Z,20214,28190,48935
2026-08-23T15:15:18Z,20214,28190,48935
2026-08-23T15:15:20Z,20214,28190,48935
2026-08-23T15:15:22Z,20214,28190,48935
2026-08-23T15:15:24Z,20214,28190,48935
2026-08-23T15:15:26Z,20214,28190,48935
2026-08-23T15:15:28Z,20214,28190,48935
2026-08-23T15:15:30Z,20214,28190,48935
2026-08-23T15:15:32Z,20214,28190,48935
2026-08-23T15:15:34Z,20214,28190,48935
2026-08-23T15:15:36Z,20214,28190,48935
2026-08-23T15:15:38Z,20214,28190,48935
2026-08-23T15:15:40Z,20214,28190,48935
2026-08-23T15:15:42Z,20214,28190,48935
2026-08-23T15:15:44Z,20214,28190,48935
2026-08-23T15:15:46Z,20214,28190,48935
2026-08-23T15:15:48Z,20214,28190,48935
2026-08-23T15:15:50Z,20214,28190,48935
2026-08-23T15:15:52Z,20214,28190,48935
2026-08-23T15:15:54Z,20214,28190,48935
2026-08-23T15:15:56Z,20214,28190,48935
2026-08-23T15:15:58Z,20214,28190,48935
2026-08-23T15:16:00Z,20214,28190,48935
2026-08-23T15:16:02Z,20214,28190,48935
2026-08-23T15:16:04Z,20214,28190,48935
2026-08-23T15:16:06Z,20214,28190,48935
2026-08-23T15:16:08Z,20214,28190,48935
2026-08-23T15:16:10Z,20214,28190,48935
2026-08-23T15:16:13Z,20214,28190,48935
2026-08-23T15:16:15Z,20214,28190,48935
2026-08-23T15:16:17Z,20214,28190,48935
2026-08-23T15:16:19Z,20214,28190,48935
2026-08-23T15:16:21Z,20214,28190,48935
2026-08-23T15:16:23Z,20214,28190,48935
2026-08-23T15:16:25Z,20214,28190,48935
2026-08-23T15:16:27Z,20214,28190,48935
2026-08-23T15:16:29Z,20214,28190,48935
2026-08-23T15:16:31Z,20214,28190,48935
2026-08-23T15:16:33Z,20214,28190,48935
2026-08-23T15:16:35Z,20214,28190,48935
2026-08-23T15:16:37Z,20214,28190,48935
2026-08-23T15:16:39Z,20214,28190,48935
2026-08-23T15:16:41Z,20214,28190,48935
2026-08-23T15:16:43Z,20214,28190,48935
2026-08-23T15:16:45Z,20214,28190,48935
2026-08-23T15:16:47Z,20214,28190,48935
2026-08-23T15:16:49Z,20214,28190,48935
2026-08-23T15:16:51Z,20214,28190,48935
2026-08-23T15:16:53Z,20214,28190,48935
2026-08-23T15:16:55Z,20214,28190,48935
2026-08-23T15:16:57Z,20214,28190,48935
2026-08-23T15:16:59Z,20214,28190,48935
2026-08-23T15:17:01Z,20214,28190,48935
2026-08-23T15:17:03Z,20214,28190,48935
2026-08-23T15:17:05Z,20214,28190,48935
2026-08-23T15:17:07Z,20214,28190,48935
2026-08-23T15:17:09Z,20214,28190,48935
2026-08-23T15:17:11Z,20214,28190,48935
2026-08-23T15:17:13Z,20214,28190,48935
2026-08-23T15:17:15Z,20214,28190,48935
2026-08-23T15:17:17Z,20214,28190,48935
2026-08-23T15:17:19Z,20214,28190,48935
2026-08-23T15:17:21Z,20214,28190,48935
2026-08-23T15:17:23Z,20214,28190,48935
2026-08-23T15:17:25Z,20214,28190,48935
2026-08-23T15:17:27Z,20214,28190,48935
2026-08-23T15:17:29Z,20214,28190,48935
2026-08-23T15:17:31Z,20214,28190,48935
2026-08-23T15:17:33Z,20214,28190,48935
2026-08-23T15:17:36Z,20214,28190,48935
2026-08-23T15:17:38Z,20214,28190,48935
2026-08-23T15:17:40Z,20214,28190,48935
2026-08-23T15:17:42Z,20214,28190,48935
2026-08-23T15:17:44Z,20214,28190,48935
2026-08-23T15:17:46Z,20214,28190,48935
2026-08-23T15:17:48Z,20214,28190,48935
2026-08-23T15:17:50Z,20214,28190,48935
2026-08-23T15:17:52Z,20214,28190,48935
2026-08-23T15:17:54Z,20214,28190,48935
2026-08-23T15:17:56Z,20214,28190,48935
2026-08-23T15:17:58Z,20214,28190,48935
2026-08-23T15:18:00Z,20214,28190,48935
2026-08-23T15:18:02Z,20214,28190,48935
2026-08-23T15:18:04Z,20214,28190,48935
2026-08-23T15:18:06Z,20214,28190,48935
2026-08-23T15:18:08Z,20214,28190,48935
2026-08-23T15:18:10Z,20214,28190,48935
2026-08-23T15:18:12Z,20214,28190,48935
2026-08-23T15:18:14Z,20214,28190,48935
2026-08-23T15:18:16Z,20214,28190,48935
2026-08-23T15:18:18Z,20214,28190,48935
2026-08-23T15:18:20Z,20214,28190,48935
2026-08-23T15:18:22Z,20214,28190,48935
2026-08-23T15:18:24Z,20214,28190,48935
2026-08-23T15:18:26Z,20214,28190,48935
2026-08-23T15:18:28Z,20214,28190,48935
2026-08-23T15:18:30Z,20214,28190,48935
2026-08-23T15:18:32Z,20214,28190,48935
2026-08-23T15:18:34Z,20214,28190,48935
2026-08-23T15:18:36Z,20214,28190,48935
2026-08-23T15:18:38Z,20214,28190,48935
2026-08-23T15:18:40Z,20214,28190,48935
2026-08-23T15:18:42Z,20214,28190,48935
2026-08-23T15:18:44Z,20214,28190,48935
2026-08-23T15:18:46Z,20214,28190,48935
2026-08-23T15:18:48Z,20214,28190,48935
2026-08-23T15:18:50Z,20214,28190,48935
2026-08-23T15:18:52Z,20214,28190,48935
2026-08-23T15:18:54Z,20214,28190,48935
2026-08-23T15:18:56Z,20214,28190,48935
2026-08-23T15:18:58Z,20214,28190,48935
2026-08-23T15:19:01Z,20214,28190,48935
2026-08-23T15:19:03Z,20214,28190,48935
2026-08-23T15:19:05Z,20214,28190,48935
2026-08-23T15:19:07Z,20214,28190,48935
2026-08-23T15:19:09Z,20214,28190,48935
2026-08-23T15:19:11Z,20214,28190,48935
2026-08-23T15:19:13Z,20214,28190,48935
2026-08-23T15:19:15Z,20214,28190,48935
2026-08-23T15:19:17Z,20214,28190,48935
2026-08-23T15:19:19Z,20214,28190,48935
2026-08-23T15:19:21Z,20214,28190,48935
2026-08-23T15:19:23Z,20214,28190,48935
2026-08-23T15:19:25Z,20214,28190,48935
2026-08-23T15:19:27Z,20214,28190,48935
2026-08-23T15:19:29Z,20214,28190,48935
2026-08-23T15:19:31Z,20214,28190,48935
2026-08-23T15:19:33Z,20214,28190,48935
2026-08-23T15:19:35Z,20214,28190,48935
2026-08-23T15:19:37Z,20214,28190,48935
2026-08-23T15:19:39Z,20214,28190,48935
2026-08-23T15:19:41Z,20214,28190,48935
2026-08-23T15:19:43Z,20214,28190,48935
2026-08-23T15:19:45Z,20214,28190,48935
2026-08-23T15:19:47Z,20214,28190,48935
2026-08-23T15:19:49Z,20214,28190,48935
2026-08-23T15:19:51Z,20214,28190,48935
2026-08-23T15:19:53Z,20214,28190,48935
2026-08-23T15:19:55Z,20214,28190,48935
2026-08-23T15:19:57Z,20214,28190,48935
2026-08-23T15:19:59Z,20214,28190,48935
2026-08-23T15:20:01Z,20214,28190,48935
2026-08-23T15:20:03Z,20214,28190,48935
2026-08-23T15:20:05Z,20214,28190,48935
2026-08-23T15:20:07Z,20214,28190,48935
2026-08-23T15:20:09Z,20214,28190,48935
2026-08-23T15:20:11Z,20214,28190,48935
2026-08-23T15:20:13Z,20214,28190,48935
2026-08-23T15:20:15Z,20214,28190,48935
2026-08-23T15:20:17Z,20214,28190,48935
2026-08-23T15:20:19Z,20214,28190,48935
2026-08-23T15:20:21Z,20214,28190,48935
2026-08-23T15:20:24Z,20214,28190,48935
2026-08-23T15:20:26Z,20214,28190,48935
2026-08-23T15:20:28Z,20214,28190,48935
2026-08-23T15:20:30Z,20214,28190,48935
2026-08-23T15:20:32Z,20214,28190,48935
2026-08-23T15:20:34Z,20214,28190,48935
2026-08-23T15:20:36Z,20214,28190,48935
2026-08-23T15:20:38Z,20214,28190,48935
2026-08-23T15:20:40Z,20214,28190,48935
2026-08-23T15:20:42Z,20214,28190,48935
2026-08-23T15:20:44Z,20214,28190,48935
2026-08-23T15:20:46Z,20214,28190,48935
2026-08-23T15:20:48Z,20214,28190,48935
2026-08-23T15:20:50Z,20214,28190,48935
2026-08-23T15:20:52Z,20214,28190,48935
2026-08-23T15:20:54Z,20214,28190,48935
2026-08-23T15:20:56Z,20214,28190,48935
2026-08-23T15:20:58Z,20214,28190,48935
2026-08-23T15:21:00Z,20214,28190,48935
2026-08-23T15:21:02Z,20214,28190,48935
2026-08-23T15:21:04Z,20214,28190,48935
2026-08-23T15:21:06Z,20214,28190,48935
2026-08-23T15:21:08Z,20214,28190,48935
2026-08-23T15:21:10Z,20214,28190,48935
2026-08-23T15:21:12Z,20214,28190,48935
2026-08-23T15:21:14Z,20214,28190,48935
2026-08-23T15:21:16Z,20214,28190,48935
2026-08-23T15:21:18Z,20214,28190,48935
2026-08-23T15:21:20Z,20214,28190,48935
2026-08-23T15:21:22Z,20214,28190,48935
2026-08-23T15:21:24Z,20214,28190,48935
2026-08-23T15:21:26Z,20214,28190,48935
2026-08-23T15:21:28Z,20214,28190,48935
2026-08-23T15:21:30Z,20214,28190,48935
2026-08-23T15:21:32Z,20214,28190,48935
2026-08-23T15:21:34Z,20214,28190,48935
2026-08-23T15:21:36Z,20214,28190,48935
2026-08-23T15:21:38Z,20214,28190,48935
2026-08-23T15:21:40Z,20214,28190,48935
2026-08-23T15:21:42Z,20214,28190,48935
2026-08-23T15:21:44Z,20214,28190,48935
2026-08-23T15:21:47Z,20214,28190,48935
2026-08-23T15:21:49Z,20214,28190,48935
2026-08-23T15:21:51Z,20214,28190,48935
2026-08-23T15:21:53Z,20214,28190,48935
2026-08-23T15:21:55Z,20214,28190,48935
2026-08-23T15:21:57Z,20214,28190,48935
2026-08-23T15:21:59Z,20214,28190,48935
2026-08-23T15:22:01Z,20214,28190,48935
2026-08-23T15:22:03Z,20214,28190,48935
2026-08-23T15:22:05Z,20214,28190,48935
2026-08-23T15:22:07Z,20214,28190,48935
2026-08-23T15:22:09Z,20214,28190,48935
2026-08-23T15:22:11Z,20214,28190,48935
2026-08-23T15:22:13Z,20214,28190,48935
2026-08-23T15:22:15Z,20214,28190,48935
2026-08-23T15:22:17Z,20214,28190,48935
2026-08-23T15:22:19Z,20214,28190,48935
2026-08-23T15:22:21Z,20214,28190,48935
2026-08-23T15:22:23Z,20214,28190,48935
2026-08-23T15:22:25Z,20214,28190,48935
2026-08-23T15:22:27Z,20214,28190,48935
2026-08-23T15:22:29Z,20214,28190,48935
2026-08-23T15:22:31Z,20214,28190,48935
2026-08-23T15:22:33Z,20214,28190,48935
2026-08-23T15:22:35Z,20214,28190,48935
2026-08-23T15:22:37Z,20214,28190,48935
2026-08-23T15:22:39Z,20214,28190,48935
2026-08-23T15:22:41Z,20214,28190,48935
2026-08-23T15:22:43Z,20214,28190,48935
2026-08-23T15:22:45Z,20214,28190,48935
2026-08-23T15:22:47Z,20214,28190,48935
2026-08-23T15:22:49Z,20214,28190,48935
2026-08-23T15:22:51Z,20214,28190,48935
2026-08-23T15:22:53Z,20214,28190,48935
2026-08-23T15:22:55Z,20214,28190,48935
2026-08-23T15:22:57Z,20214,28190,48935
2026-08-23T15:22:59Z,20214,28190,48935
2026-08-23T15:23:01Z,20214,28190,48935
2026-08-23T15:23:03Z,20214,28190,48935
2026-08-23T15:23:05Z,20214,28190,48935
2026-08-23T15:23:07Z,20214,28190,48935
2026-08-23T15:23:09Z,20214,28190,48935
2026-08-23T15:23:12Z,20214,28190,48935
2026-08-23T15:23:14Z,20214,28190,48935
2026-08-23T15:23:16Z,20214,28190,48935
2026-08-23T15:23:18Z,20214,28190,48935
2026-08-23T15:23:20Z,20214,28190,48935
2026-08-23T15:23:22Z,20214,28190,48935
2026-08-23T15:23:24Z,20214,28190,48935
2026-08-23T15:23:26Z,20214,28190,48935
2026-08-23T15:23:28Z,20214,28190,48935
2026-08-23T15:23:30Z,20214,28190,48935
2026-08-23T15:23:32Z,20214,28190,48935
2026-08-23T15:23:34Z,20214,28190,48935
2026-08-23T15:23:36Z,20214,28190,48935
2026-08-23T15:23:38Z,20214,28190,48935
2026-08-23T15:23:40Z,20214,28190,48935
2026-08-23T15:23:42Z,20214,28190,48935
2026-08-23T15:23:44Z,20214,28190,48935
2026-08-23T15:23:46Z,20214,28190,48935
2026-08-23T15:23:48Z,20214,28190,48935
2026-08-23T15:23:50Z,20214,28190,48935
2026-08-23T15:23:52Z,20214,28190,48935
2026-08-23T15:23:54Z,20214,28190,48935
2026-08-23T15:23:56Z,20214,28190,48935
2026-08-23T15:23:58Z,20214,28190,48935
2026-08-23T15:24:00Z,20214,28190,48935
2026-08-23T15:24:02Z,20214,28190,48935
2026-08-23T15:24:04Z,17059,31345,48935
2026-08-23T15:24:06Z,17398,31006,48935
2026-08-23T15:24:08Z,20214,28190,48935
2026-08-23T15:24:10Z,20214,28190,48935
2026-08-23T15:24:12Z,20214,28190,48935
2026-08-23T15:24:14Z,20214,28190,48935
2026-08-23T15:24:16Z,20214,28190,48935
2026-08-23T15:24:18Z,20214,28190,48935
2026-08-23T15:24:20Z,20214,28190,48935
2026-08-23T15:24:22Z,20214,28190,48935
2026-08-23T15:24:24Z,20214,28190,48935
2026-08-23T15:24:26Z,20214,28190,48935
2026-08-23T15:24:28Z,20214,28190,48935
2026-08-23T15:24:30Z,20214,28190,48935
2026-08-23T15:24:32Z,20214,28190,48935
2026-08-23T15:24:35Z,20214,28190,48935
2026-08-23T15:24:37Z,20214,28190,48935
2026-08-23T15:24:39Z,20214,28190,48935
2026-08-23T15:24:41Z,20214,28190,48935
2026-08-23T15:24:43Z,20214,28190,48935
2026-08-23T15:24:45Z,20214,28190,48935
2026-08-23T15:24:47Z,20214,28190,48935
2026-08-23T15:24:49Z,17059,31345,48935
2026-08-23T15:24:51Z,17398,31006,48935
2026-08-23T15:24:53Z,20214,28190,48935
2026-08-23T15:24:55Z,20214,28190,48935
2026-08-23T15:24:57Z,20214,28190,48935
2026-08-23T15:24:59Z,20214,28190,48935
2026-08-23T15:25:01Z,20214,28190,48935
2026-08-23T15:25:03Z,20214,28190,48935
2026-08-23T15:25:05Z,20214,28190,48935
2026-08-23T15:25:07Z,20214,28190,48935
2026-08-23T15:25:09Z,20214,28190,48935
2026-08-23T15:25:11Z,20214,28190,48935
2026-08-23T15:25:13Z,20214,28190,48935
2026-08-23T15:25:15Z,20214,28190,48935
2026-08-23T15:25:17Z,20214,28190,48935
2026-08-23T15:25:19Z,20214,28190,48935
2026-08-23T15:25:21Z,20214,28190,48935
2026-08-23T15:25:23Z,20214,28190,48935
2026-08-23T15:25:25Z,20214,28190,48935
2026-08-23T15:25:27Z,20214,28190,48935
2026-08-23T15:25:29Z,20214,28190,48935
2026-08-23T15:25:31Z,20214,28190,48935
2026-08-23T15:25:33Z,20214,28190,48935
2026-08-23T15:25:35Z,20214,28190,48935
2026-08-23T15:25:37Z,20214,28190,48935
2026-08-23T15:25:39Z,20214,28190,48935
2026-08-23T15:25:41Z,20214,28190,48935
2026-08-23T15:25:43Z,20214,28190,48935
2026-08-23T15:25:45Z,20214,28190,48935
2026-08-23T15:25:47Z,20214,28190,48935
2026-08-23T15:25:49Z,20214,28190,48935
2026-08-23T15:25:51Z,20214,28190,48935
2026-08-23T15:25:53Z,20214,28190,48935
2026-08-23T15:25:55Z,20214,28190,48935
2026-08-23T15:25:57Z,20214,28190,48935
2026-08-23T15:26:00Z,20214,28190,48935
2026-08-23T15:26:02Z,20214,28190,48935
2026-08-23T15:26:04Z,20214,28190,48935
2026-08-23T15:26:06Z,20214,28190,48935
2026-08-23T15:26:08Z,20214,28190,48935
2026-08-23T15:26:10Z,20214,28190,48935
2026-08-23T15:26:12Z,20214,28190,48935
2026-08-23T15:26:14Z,20214,28190,48935
2026-08-23T15:26:16Z,20214,28190,48935
2026-08-23T15:26:18Z,20214,28190,48935
2026-08-23T15:26:20Z,20214,28190,48935
2026-08-23T15:26:22Z,20214,28190,48935
2026-08-23T15:26:24Z,20214,28190,48935
2026-08-23T15:26:26Z,20214,28190,48935
2026-08-23T15:26:28Z,20214,28190,48935
2026-08-23T15:26:30Z,20214,28190,48935
2026-08-23T15:26:32Z,20214,28190,48935
2026-08-23T15:26:34Z,20214,28190,48935
2026-08-23T15:26:36Z,20214,28190,48935
2026-08-23T15:26:38Z,20214,28190,48935
2026-08-23T15:26:40Z,20214,28190,48935
2026-08-23T15:26:42Z,20214,28190,48935
2026-08-23T15:26:44Z,20214,28190,48935
2026-08-23T15:26:46Z,20214,28190,48935
2026-08-23T15:26:48Z,20214,28190,48935
2026-08-23T15:26:50Z,20214,28190,48935
2026-08-23T15:26:52Z,20214,28190,48935
2026-08-23T15:26:54Z,17059,31345,48935
2026-08-23T15:26:56Z,17398,31006,48935
2026-08-23T15:26:58Z,20214,28190,48935
2026-08-23T15:27:00Z,20214,28190,48935
2026-08-23T15:27:02Z,20214,28190,48935
2026-08-23T15:27:04Z,20214,28190,48935
2026-08-23T15:27:06Z,20214,28190,48935
2026-08-23T15:27:08Z,20214,28190,48935
2026-08-23T15:27:10Z,20214,28190,48935
2026-08-23T15:27:12Z,20214,28190,48935
2026-08-23T15:27:14Z,20214,28190,48935
2026-08-23T15:27:16Z,20214,28190,48935
2026-08-23T15:27:18Z,20214,28190,48935
2026-08-23T15:27:20Z,20214,28190,48935
2026-08-23T15:27:23Z,20214,28190,48935
2026-08-23T15:27:25Z,20214,28190,48935
2026-08-23T15:27:27Z,20214,28190,48935
2026-08-23T15:27:29Z,20214,28190,48935
2026-08-23T15:27:31Z,20214,28190,48935
2026-08-23T15:27:33Z,20214,28190,48935
2026-08-23T15:27:35Z,20214,28190,48935
2026-08-23T15:27:37Z,20214,28190,48935
2026-08-23T15:27:39Z,20214,28190,48935
2026-08-23T15:27:41Z,20214,28190,48935
2026-08-23T15:27:43Z,20214,28190,48935
2026-08-23T15:27:45Z,20214,28190,48935
2026-08-23T15:27:47Z,20214,28190,48935
2026-08-23T15:27:49Z,20214,28190,48935
2026-08-23T15:27:51Z,20214,28190,48935
2026-08-23T15:27:53Z,20214,28190,48935
2026-08-23T15:27:55Z,20214,28190,48935
2026-08-23T15:27:57Z,20214,28190,48935
2026-08-23T15:27:59Z,20214,28190,48935
2026-08-23T15:28:01Z,20214,28190,48935
2026-08-23T15:28:04Z,20214,28190,48935
2026-08-23T15:28:06Z,20214,28190,48935
2026-08-23T15:28:08Z,20214,28190,48935
2026-08-23T15:28:10Z,20214,28190,48935
2026-08-23T15:28:12Z,20214,28190,48935
2026-08-23T15:28:14Z,20214,28190,48935
2026-08-23T15:28:16Z,20214,28190,48935
2026-08-23T15:28:18Z,20214,28190,48935
2026-08-23T15:28:20Z,20214,28190,48935
2026-08-23T15:28:22Z,20214,28190,48935
2026-08-23T15:28:24Z,20214,28190,48935
2026-08-23T15:28:26Z,20214,28190,48935
2026-08-23T15:28:28Z,20214,28190,48935
2026-08-23T15:28:30Z,20214,28190,48935
2026-08-23T15:28:32Z,20214,28190,48935
2026-08-23T15:28:34Z,20214,28190,48935
2026-08-23T15:28:36Z,20214,28190,48935
2026-08-23T15:28:38Z,20214,28190,48935
2026-08-23T15:28:40Z,20214,28190,48935
2026-08-23T15:28:42Z,20214,28190,48935
2026-08-23T15:28:44Z,20214,28190,48935
2026-08-23T15:28:46Z,20214,28190,48935
2026-08-23T15:28:48Z,20214,28190,48935
2026-08-23T15:28:50Z,20214,28190,48935
2026-08-23T15:28:52Z,20214,28190,48935
2026-08-23T15:28:54Z,20214,28190,48935
2026-08-23T15:28:56Z,20214,28190,48935
2026-08-23T15:28:58Z,20214,28190,48935
2026-08-23T15:29:00Z,20214,28190,48935
2026-08-23T15:29:02Z,20214,28190,48935
2026-08-23T15:29:04Z,20214,28190,48935
2026-08-23T15:29:06Z,20214,28190,48935
2026-08-23T15:29:08Z,20214,28190,48935
2026-08-23T15:29:10Z,20214,28190,48935
2026-08-23T15:29:13Z,20214,28190,48935
2026-08-23T15:29:15Z,20214,28190,48935
2026-08-23T15:29:17Z,20214,28190,48935
2026-08-23T15:29:19Z,20214,28190,48935
2026-08-23T15:29:21Z,20214,28190,48935
2026-08-23T15:29:23Z,20214,28190,48935
2026-08-23T15:29:25Z,20214,28190,48935
2026-08-23T15:29:27Z,20214,28190,48935
2026-08-23T15:29:29Z,20214,28190,48935
2026-08-23T15:29:31Z,20214,28190,48935
2026-08-23T15:29:33Z,20214,28190,48935
2026-08-23T15:29:35Z,20214,28190,48935
2026-08-23T15:29:37Z,20214,28190,48935
2026-08-23T15:29:39Z,20214,28190,48935
2026-08-23T15:29:41Z,20214,28190,48935
2026-08-23T15:29:43Z,20214,28190,48935
2026-08-23T15:29:45Z,20214,28190,48935
2026-08-23T15:29:47Z,20214,28190,48935
2026-08-23T15:29:49Z,20214,28190,48935
2026-08-23T15:29:51Z,20214,28190,48935
2026-08-23T15:29:53Z,20214,28190,48935
2026-08-23T15:29:55Z,20214,28190,48935
2026-08-23T15:29:57Z,20214,28190,48935
2026-08-23T15:29:59Z,20214,28190,48935
2026-08-23T15:30:01Z,20214,28190,48935
2026-08-23T15:30:03Z,20214,28190,48935
2026-08-23T15:30:05Z,20214,28190,48935
2026-08-23T15:30:07Z,20214,28190,48935
2026-08-23T15:30:09Z,20214,28190,48935
2026-08-23T15:30:11Z,20214,28190,48935
2026-08-23T15:30:13Z,20214,28190,48935
2026-08-23T15:30:15Z,20214,28190,48935
2026-08-23T15:30:17Z,20214,28190,48935
2026-08-23T15:30:19Z,20214,28190,48935
2026-08-23T15:30:21Z,20214,28190,48935
2026-08-23T15:30:23Z,20214,28190,48935
2026-08-23T15:30:25Z,20214,28190,48935
2026-08-23T15:30:27Z,20214,28190,48935
2026-08-23T15:30:29Z,20214,28190,48935
2026-08-23T15:30:31Z,20214,28190,48935
2026-08-23T15:30:33Z,20214,28190,48935
2026-08-23T15:30:36Z,20214,28190,48935
2026-08-23T15:30:38Z,20214,28190,48935
2026-08-23T15:30:40Z,20214,28190,48935
2026-08-23T15:30:42Z,20214,28190,48935
2026-08-23T15:30:44Z,20214,28190,48935
2026-08-23T15:30:46Z,20214,28190,48935
2026-08-23T15:30:48Z,20214,28190,48935
2026-08-23T15:30:50Z,20214,28190,48935
2026-08-23T15:30:52Z,20214,28190,48935
2026-08-23T15:30:54Z,20214,28190,48935
2026-08-23T15:30:56Z,20214,28190,48935
2026-08-23T15:30:58Z,20214,28190,48935
2026-08-23T15:31:00Z,20214,28190,48935
2026-08-23T15:31:02Z,20214,28190,48935
2026-08-23T15:31:04Z,20214,28190,48935
2026-08-23T15:31:06Z,20214,28190,48935
2026-08-23T15:31:08Z,20214,28190,48935
2026-08-23T15:31:10Z,20214,28190,48935
2026-08-23T15:31:12Z,20214,28190,48935
2026-08-23T15:31:14Z,20214,28190,48935
2026-08-23T15:31:16Z,20214,28190,48935
2026-08-23T15:31:18Z,20214,28190,48935
2026-08-23T15:31:20Z,20214,28190,48935
2026-08-23T15:31:22Z,20214,28190,48935
2026-08-23T15:31:24Z,20214,28190,48935
2026-08-23T15:31:26Z,20214,28190,48935
2026-08-23T15:31:28Z,20214,28190,48935
2026-08-23T15:31:30Z,20214,28190,48935
2026-08-23T15:31:32Z,20214,28190,48935
2026-08-23T15:31:34Z,20214,28190,48935
2026-08-23T15:31:36Z,20214,28190,48935
2026-08-23T15:31:38Z,20214,28190,48935
2026-08-23T15:31:40Z,20214,28190,48935
2026-08-23T15:31:42Z,20214,28190,48935
2026-08-23T15:31:44Z,20214,28190,48935
2026-08-23T15:31:46Z,20214,28190,48935
2026-08-23T15:31:48Z,20214,28190,48935
2026-08-23T15:31:50Z,20214,28190,48935
2026-08-23T15:31:52Z,20214,28190,48935
2026-08-23T15:31:54Z,20214,28190,48935
2026-08-23T15:31:56Z,20214,28190,48935
2026-08-23T15:31:58Z,20214,28190,48935
2026-08-23T15:32:01Z,20214,28190,48935
2026-08-23T15:32:03Z,20214,28190,48935
2026-08-23T15:32:05Z,20214,28190,48935
2026-08-23T15:32:07Z,20214,28190,48935
2026-08-23T15:32:09Z,20214,28190,48935
2026-08-23T15:32:11Z,20214,28190,48935
2026-08-23T15:32:13Z,20214,28190,48935
2026-08-23T15:32:15Z,20214,28190,48935
2026-08-23T15:32:17Z,20214,28190,48935
2026-08-23T15:32:19Z,20214,28190,48935
2026-08-23T15:32:21Z,20214,28190,48935
2026-08-23T15:32:23Z,20214,28190,48935
2026-08-23T15:32:25Z,20214,28190,48935
2026-08-23T15:32:27Z,20214,28190,48935
2026-08-23T15:32:29Z,20214,28190,48935
2026-08-23T15:32:31Z,20214,28190,48935
2026-08-23T15:32:33Z,20214,28190,48935
2026-08-23T15:32:35Z,20214,28190,48935
2026-08-23T15:32:37Z,20214,28190,48935
2026-08-23T15:32:39Z,20214,28190,48935
2026-08-23T15:32:41Z,20214,28190,48935
2026-08-23T15:32:43Z,20214,28190,48935
2026-08-23T15:32:45Z,20214,28190,48935
2026-08-23T15:32:47Z,20214,28190,48935
2026-08-23T15:32:49Z,20214,28190,48935
2026-08-23T15:32:51Z,20214,28190,48935
2026-08-23T15:32:53Z,20214,28190,48935
2026-08-23T15:32:55Z,20214,28190,48935
2026-08-23T15:32:57Z,20214,28190,48935
2026-08-23T15:32:59Z,20214,28190,48935
2026-08-23T15:33:01Z,20214,28190,48935
2026-08-23T15:33:03Z,20214,28190,48935
2026-08-23T15:33:05Z,20214,28190,48935
2026-08-23T15:33:07Z,20214,28190,48935
2026-08-23T15:33:09Z,20214,28190,48935
2026-08-23T15:33:11Z,20214,28190,48935
2026-08-23T15:33:13Z,20214,28190,48935
2026-08-23T15:33:15Z,20214,28190,48935
2026-08-23T15:33:17Z,20214,28190,48935
2026-08-23T15:33:19Z,20214,28190,48935
2026-08-23T15:33:21Z,20214,28190,48935
2026-08-23T15:33:24Z,20214,28190,48935
2026-08-23T15:33:26Z,20214,28190,48935
2026-08-23T15:33:28Z,20214,28190,48935
2026-08-23T15:33:30Z,20214,28190,48935
2026-08-23T15:33:32Z,20214,28190,48935
2026-08-23T15:33:34Z,20214,28190,48935
2026-08-23T15:33:36Z,20214,28190,48935
2026-08-23T15:33:38Z,20214,28190,48935
2026-08-23T15:33:40Z,20214,28190,48935
2026-08-23T15:33:42Z,20214,28190,48935
2026-08-23T15:33:44Z,20214,28190,48935
2026-08-23T15:33:46Z,20214,28190,48935
2026-08-23T15:33:48Z,20214,28190,48935
2026-08-23T15:33:50Z,20214,28190,48935
2026-08-23T15:33:52Z,20214,28190,48935
2026-08-23T15:33:54Z,20214,28190,48935
2026-08-23T15:33:56Z,20214,28190,48935
2026-08-23T15:33:58Z,20214,28190,48935
2026-08-23T15:34:00Z,20214,28190,48935
2026-08-23T15:34:02Z,20214,28190,48935
2026-08-23T15:34:04Z,20214,28190,48935
2026-08-23T15:34:06Z,20214,28190,48935
2026-08-23T15:34:08Z,20214,28190,48935
2026-08-23T15:34:10Z,20214,28190,48935
2026-08-23T15:34:12Z,20214,28190,48935
2026-08-23T15:34:14Z,20214,28190,48935
2026-08-23T15:34:16Z,20214,28190,48935
2026-08-23T15:34:18Z,20214,28190,48935
2026-08-23T15:34:20Z,20214,28190,48935
2026-08-23T15:34:22Z,20214,28190,48935
2026-08-23T15:34:24Z,20214,28190,48935
2026-08-23T15:34:26Z,20214,28190,48935
2026-08-23T15:34:28Z,20214,28190,48935
2026-08-23T15:34:30Z,20214,28190,48935
2026-08-23T15:34:32Z,20214,28190,48935
2026-08-23T15:34:34Z,20214,28190,48935
2026-08-23T15:34:36Z,20214,28190,48935
2026-08-23T15:34:38Z,20214,28190,48935
2026-08-23T15:34:40Z,20214,28190,48935
2026-08-23T15:34:42Z,20214,28190,48935
2026-08-23T15:34:44Z,20214,28190,48935
2026-08-23T15:34:47Z,20214,28190,48935
2026-08-23T15:34:49Z,20214,28190,48935
2026-08-23T15:34:51Z,20214,28190,48935
2026-08-23T15:34:53Z,20214,28190,48935
2026-08-23T15:34:55Z,17059,31345,48935
2026-08-23T15:34:57Z,17398,31006,48935
2026-08-23T15:34:59Z,20214,28190,48935
2026-08-23T15:35:01Z,20214,28190,48935
2026-08-23T15:35:03Z,20214,28190,48935
2026-08-23T15:35:05Z,20214,28190,48935
2026-08-23T15:35:07Z,20214,28190,48935
2026-08-23T15:35:09Z,20214,28190,48935
2026-08-23T15:35:11Z,20214,28190,48935
2026-08-23T15:35:13Z,20214,28190,48935
2026-08-23T15:35:15Z,20214,28190,48935
2026-08-23T15:35:17Z,20214,28190,48935
2026-08-23T15:35:19Z,20214,28190,48935
2026-08-23T15:35:21Z,20214,28190,48935
2026-08-23T15:35:23Z,20214,28190,48935
2026-08-23T15:35:25Z,20214,28190,48935
2026-08-23T15:35:27Z,20214,28190,48935
2026-08-23T15:35:29Z,20214,28190,48935
2026-08-23T15:35:31Z,20214,28190,48935
2026-08-23T15:35:33Z,20214,28190,48935
2026-08-23T15:35:35Z,20214,28190,48935
2026-08-23T15:35:37Z,20214,28190,48935
2026-08-23T15:35:39Z,20214,28190,48935
2026-08-23T15:35:41Z,20214,28190,48935
2026-08-23T15:35:43Z,20214,28190,48935
2026-08-23T15:35:45Z,20214,28190,48935
2026-08-23T15:35:47Z,20214,28190,48935
2026-08-23T15:35:49Z,20214,28190,48935
2026-08-23T15:35:51Z,20214,28190,48935
2026-08-23T15:35:53Z,20214,28190,48935
2026-08-23T15:35:55Z,20214,28190,48935
2026-08-23T15:35:57Z,20214,28190,48935
2026-08-23T15:35:59Z,20214,28190,48935
2026-08-23T15:36:01Z,20214,28190,48935
2026-08-23T15:36:03Z,20214,28190,48935
2026-08-23T15:36:05Z,20214,28190,48935
2026-08-23T15:36:07Z,20214,28190,48935
2026-08-23T15:36:09Z,20214,28190,48935
2026-08-23T15:36:12Z,20214,28190,48935
2026-08-23T15:36:14Z,20214,28190,48935
2026-08-23T15:36:16Z,20214,28190,48935
2026-08-23T15:36:18Z,20214,28190,48935
2026-08-23T15:36:20Z,20214,28190,48935
2026-08-23T15:36:22Z,20214,28190,48935
2026-08-23T15:36:24Z,20214,28190,48935
2026-08-23T15:36:26Z,20214,28190,48935
2026-08-23T15:36:28Z,20214,28190,48935
2026-08-23T15:36:30Z,20214,28190,48935
2026-08-23T15:36:32Z,20214,28190,48935
2026-08-23T15:36:34Z,20214,28190,48935
2026-08-23T15:36:36Z,20214,28190,48935
2026-08-23T15:36:38Z,20214,28190,48935
2026-08-23T15:36:40Z,20214,28190,48935
2026-08-23T15:36:42Z,20214,28190,48935
2026-08-23T15:36:44Z,20214,28190,48935
2026-08-23T15:36:46Z,20214,28190,48935
2026-08-23T15:36:48Z,20214,28190,48935
2026-08-23T15:36:50Z,20214,28190,48935
2026-08-23T15:36:52Z,20214,28190,48935
2026-08-23T15:36:54Z,20214,28190,48935
2026-08-23T15:36:56Z,20214,28190,48935
2026-08-23T15:36:58Z,20214,28190,48935
2026-08-23T15:37:00Z,20214,28190,48935
2026-08-23T15:37:02Z,20214,28190,48935
2026-08-23T15:37:04Z,20214,28190,48935
2026-08-23T15:37:06Z,20214,28190,48935
2026-08-23T15:37:08Z,20214,28190,48935
2026-08-23T15:37:10Z,20214,28190,48935
2026-08-23T15:37:12Z,20214,28190,48935
2026-08-23T15:37:14Z,20214,28190,48935
2026-08-23T15:37:16Z,20214,28190,48935
2026-08-23T15:37:18Z,20214,28190,48935
2026-08-23T15:37:20Z,20214,28190,48935
2026-08-23T15:37:22Z,20214,28190,48935
2026-08-23T15:37:24Z,20214,28190,48935
2026-08-23T15:37:26Z,20214,28190,48935
2026-08-23T15:37:28Z,20214,28190,48935
2026-08-23T15:37:30Z,20214,28190,48935
2026-08-23T15:37:32Z,20214,28190,48935
2026-08-23T15:37:35Z,20214,28190,48935
2026-08-23T15:37:37Z,20214,28190,48935
2026-08-23T15:37:39Z,20214,28190,48935
2026-08-23T15:37:41Z,20214,28190,48935
2026-08-23T15:37:43Z,20214,28190,48935
2026-08-23T15:37:45Z,20214,28190,48935
2026-08-23T15:37:47Z,20214,28190,48935
2026-08-23T15:37:49Z,20214,28190,48935
2026-08-23T15:37:51Z,20214,28190,48935
2026-08-23T15:37:53Z,20214,28190,48935
2026-08-23T15:37:55Z,20214,28190,48935
2026-08-23T15:37:57Z,20214,28190,48935
2026-08-23T15:37:59Z,20214,28190,48935
2026-08-23T15:38:01Z,20214,28190,48935
2026-08-23T15:38:03Z,20214,28190,48935
2026-08-23T15:38:05Z,20214,28190,48935
2026-08-23T15:38:07Z,20214,28190,48935
2026-08-23T15:38:09Z,20214,28190,48935
2026-08-23T15:38:11Z,20214,28190,48935
2026-08-23T15:38:13Z,20214,28190,48935
2026-08-23T15:38:15Z,20214,28190,48935
2026-08-23T15:38:17Z,20214,28190,48935
2026-08-23T15:38:19Z,20214,28190,48935
2026-08-23T15:38:21Z,20214,28190,48935
2026-08-23T15:38:23Z,20214,28190,48935
2026-08-23T15:38:25Z,20214,28190,48935
2026-08-23T15:38:27Z,20214,28190,48935
2026-08-23T15:38:29Z,20214,28190,48935
2026-08-23T15:38:31Z,20214,28190,48935
2026-08-23T15:38:33Z,20214,28190,48935
2026-08-23T15:38:35Z,20214,28190,48935
2026-08-23T15:38:37Z,20214,28190,48935
2026-08-23T15:38:39Z,20214,28190,48935
2026-08-23T15:38:41Z,20214,28190,48935
2026-08-23T15:38:43Z,20214,28190,48935
2026-08-23T15:38:45Z,20214,28190,48935
2026-08-23T15:38:47Z,20214,28190,48935
2026-08-23T15:38:49Z,20214,28190,48935
2026-08-23T15:38:51Z,20214,28190,48935
2026-08-23T15:38:53Z,20214,28190,48935
2026-08-23T15:38:55Z,20214,28190,48935
2026-08-23T15:38:57Z,20214,28190,48935
2026-08-23T15:39:00Z,20214,28190,48935
2026-08-23T15:39:02Z,20214,28190,48935
2026-08-23T15:39:04Z,20214,28190,48935
2026-08-23T15:39:06Z,20214,28190,48935
2026-08-23T15:39:08Z,20214,28190,48935
2026-08-23T15:39:10Z,20214,28190,48935
2026-08-23T15:39:12Z,20214,28190,48935
2026-08-23T15:39:14Z,20214,28190,48935
2026-08-23T15:39:16Z,20214,28190,48935
2026-08-23T15:39:18Z,20214,28190,48935
2026-08-23T15:39:20Z,20214,28190,48935
2026-08-23T15:39:22Z,20214,28190,48935
2026-08-23T15:39:24Z,20214,28190,48935
2026-08-23T15:39:26Z,20214,28190,48935
2026-08-23T15:39:28Z,20214,28190,48935
2026-08-23T15:39:30Z,17059,31345,48935
2026-08-23T15:39:32Z,20214,28190,48935
2026-08-23T15:39:34Z,20214,28190,48935
2026-08-23T15:39:36Z,20214,28190,48935
2026-08-23T15:39:38Z,20214,28190,48935
2026-08-23T15:39:40Z,20214,28190,48935
2026-08-23T15:39:42Z,20214,28190,48935
2026-08-23T15:39:44Z,20214,28190,48935
2026-08-23T15:39:46Z,20214,28190,48935
2026-08-23T15:39:48Z,20214,28190,48935
2026-08-23T15:39:50Z,20214,28190,48935
2026-08-23T15:39:52Z,20214,28190,48935
2026-08-23T15:39:54Z,20214,28190,48935
2026-08-23T15:39:56Z,20214,28190,48935
2026-08-23T15:39:58Z,20214,28190,48935
2026-08-23T15:40:00Z,20214,28190,48935
2026-08-23T15:40:02Z,20214,28190,48935
2026-08-23T15:40:04Z,20214,28190,48935
2026-08-23T15:40:06Z,20214,28190,48935
2026-08-23T15:40:08Z,20214,28190,48935
2026-08-23T15:40:10Z,20214,28190,48935
2026-08-23T15:40:12Z,20214,28190,48935
2026-08-23T15:40:14Z,20214,28190,48935
2026-08-23T15:40:16Z,20214,28190,48935
2026-08-23T15:40:18Z,20214,28190,48935
2026-08-23T15:40:20Z,20214,28190,48935
2026-08-23T15:40:23Z,20214,28190,48935
2026-08-23T15:40:25Z,20214,28190,48935
2026-08-23T15:40:27Z,20214,28190,48935
2026-08-23T15:40:29Z,20214,28190,48935
2026-08-23T15:40:31Z,20214,28190,48935
2026-08-23T15:40:33Z,20214,28190,48935
2026-08-23T15:40:35Z,20214,28190,48935
2026-08-23T15:40:37Z,20214,28190,48935
2026-08-23T15:40:39Z,20214,28190,48935
2026-08-23T15:40:41Z,20214,28190,48935
2026-08-23T15:40:43Z,20214,28190,48935
2026-08-23T15:40:45Z,20214,28190,48935
2026-08-23T15:40:47Z,20214,28190,48935
2026-08-23T15:40:49Z,20214,28190,48935
2026-08-23T15:40:51Z,20214,28190,48935
2026-08-23T15:40:53Z,20214,28190,48935
2026-08-23T15:40:55Z,20214,28190,48935
2026-08-23T15:40:57Z,20214,28190,48935
2026-08-23T15:40:59Z,20214,28190,48935
2026-08-23T15:41:01Z,20214,28190,48935
2026-08-23T15:41:03Z,20214,28190,48935
2026-08-23T15:41:05Z,20214,28190,48935
2026-08-23T15:41:07Z,20214,28190,48935
2026-08-23T15:41:09Z,20214,28190,48935
2026-08-23T15:41:11Z,20214,28190,48935
2026-08-23T15:41:13Z,20214,28190,48935
2026-08-23T15:41:15Z,20214,28190,48935
2026-08-23T15:41:17Z,20214,28190,48935
2026-08-23T15:41:19Z,20214,28190,48935
2026-08-23T15:41:21Z,20214,28190,48935
2026-08-23T15:41:23Z,20214,28190,48935
2026-08-23T15:41:25Z,20214,28190,48935
2026-08-23T15:41:27Z,20214,28190,48935
2026-08-23T15:41:29Z,20214,28190,48935
2026-08-23T15:41:31Z,20214,28190,48935
2026-08-23T15:41:33Z,20214,28190,48935
2026-08-23T15:41:35Z,20214,28190,48935
2026-08-23T15:41:37Z,20214,28190,48935
2026-08-23T15:41:39Z,20214,28190,48935
2026-08-23T15:41:41Z,20214,28190,48935
2026-08-23T15:41:43Z,20214,28190,48935
2026-08-23T15:41:45Z,20214,28190,48935
2026-08-23T15:41:48Z,20214,28190,48935
2026-08-23T15:41:50Z,20214,28190,48935
2026-08-23T15:41:52Z,20214,28190,48935
2026-08-23T15:41:54Z,20214,28190,48935
2026-08-23T15:41:56Z,20214,28190,48935
2026-08-23T15:41:58Z,20214,28190,48935
2026-08-23T15:42:00Z,20214,28190,48935
2026-08-23T15:42:02Z,20214,28190,48935
2026-08-23T15:42:04Z,20214,28190,48935
2026-08-23T15:42:06Z,20214,28190,48935
2026-08-23T15:42:08Z,14243,34161,48935
2026-08-23T15:42:10Z,17398,31006,48935
2026-08-23T15:42:12Z,20214,28190,48935
2026-08-23T15:42:14Z,20214,28190,48935
2026-08-23T15:42:16Z,20214,28190,48935
2026-08-23T15:42:18Z,20214,28190,48935
2026-08-23T15:42:20Z,20214,28190,48935
2026-08-23T15:42:22Z,20214,28190,48935
2026-08-23T15:42:24Z,20214,28190,48935
2026-08-23T15:42:26Z,20214,28190,48935
2026-08-23T15:42:28Z,20214,28190,48935
2026-08-23T15:42:30Z,20214,28190,48935
2026-08-23T15:42:32Z,20214,28190,48935
2026-08-23T15:42:34Z,20214,28190,48935
2026-08-23T15:42:36Z,20214,28190,48935
2026-08-23T15:42:38Z,20214,28190,48935
2026-08-23T15:42:40Z,20214,28190,48935
2026-08-23T15:42:42Z,20214,28190,48935
2026-08-23T15:42:44Z,20214,28190,48935
2026-08-23T15:42:46Z,20214,28190,48935
2026-08-23T15:42:48Z,20214,28190,48935
2026-08-23T15:42:50Z,20214,28190,48935
2026-08-23T15:42:52Z,20214,28190,48935
2026-08-23T15:42:54Z,20214,28190,48935
2026-08-23T15:42:56Z,20214,28190,48935
2026-08-23T15:42:58Z,20214,28190,48935
2026-08-23T15:43:00Z,20214,28190,48935
2026-08-23T15:43:02Z,20214,28190,48935
2026-08-23T15:43:04Z,20214,28190,48935
2026-08-23T15:43:06Z,20214,28190,48935
2026-08-23T15:43:08Z,20214,28190,48935
2026-08-23T15:43:11Z,20214,28190,48935
2026-08-23T15:43:13Z,20214,28190,48935
2026-08-23T15:43:15Z,20214,28190,48935
2026-08-23T15:43:17Z,20214,28190,48935
2026-08-23T15:43:19Z,20214,28190,48935
2026-08-23T15:43:21Z,20214,28190,48935
2026-08-23T15:43:23Z,20214,28190,48935
2026-08-23T15:43:25Z,20214,28190,48935
2026-08-23T15:43:27Z,20214,28190,48935
2026-08-23T15:43:29Z,20214,28190,48935
2026-08-23T15:43:31Z,20214,28190,48935
2026-08-23T15:43:33Z,20214,28190,48935
2026-08-23T15:43:35Z,20214,28190,48935
2026-08-23T15:43:37Z,20214,28190,48935
2026-08-23T15:43:39Z,20214,28190,48935
2026-08-23T15:43:41Z,20214,28190,48935
2026-08-23T15:43:43Z,20214,28190,48935
2026-08-23T15:43:45Z,20214,28190,48935
2026-08-23T15:43:47Z,20214,28190,48935
2026-08-23T15:43:49Z,20214,28190,48935
2026-08-23T15:43:51Z,20214,28190,48935
2026-08-23T15:43:53Z,20214,28190,48935
2026-08-23T15:43:55Z,20214,28190,48935
2026-08-23T15:43:57Z,20214,28190,48935
2026-08-23T15:43:59Z,20214,28190,48935
2026-08-23T15:44:01Z,20214,28190,48935
2026-08-23T15:44:03Z,20214,28190,48935
2026-08-23T15:44:05Z,20214,28190,48935
2026-08-23T15:44:07Z,20214,28190,48935
2026-08-23T15:44:09Z,20214,28190,48935
2026-08-23T15:44:11Z,20214,28190,48935
2026-08-23T15:44:13Z,20214,28190,48935
2026-08-23T15:44:15Z,20214,28190,48935
2026-08-23T15:44:17Z,20214,28190,48935
2026-08-23T15:44:19Z,20214,28190,48935
2026-08-23T15:44:21Z,20214,28190,48935
2026-08-23T15:44:23Z,20214,28190,48935
2026-08-23T15:44:25Z,20214,28190,48935
2026-08-23T15:44:27Z,20214,28190,48935
2026-08-23T15:44:29Z,20214,28190,48935
2026-08-23T15:44:31Z,20214,28190,48935
2026-08-23T15:44:33Z,20214,28190,48935
2026-08-23T15:44:36Z,20214,28190,48935
2026-08-23T15:44:38Z,20214,28190,48935
2026-08-23T15:44:40Z,20214,28190,48935
2026-08-23T15:44:42Z,20214,28190,48935
2026-08-23T15:44:44Z,20214,28190,48935
2026-08-23T15:44:46Z,20214,28190,48935
2026-08-23T15:44:48Z,20214,28190,48935
2026-08-23T15:44:50Z,20214,28190,48935
2026-08-23T15:44:52Z,20214,28190,48935
2026-08-23T15:44:54Z,20214,28190,48935
2026-08-23T15:44:56Z,20214,28190,48935
2026-08-23T15:44:58Z,20214,28190,48935
2026-08-23T15:45:00Z,20214,28190,48935
2026-08-23T15:45:02Z,20214,28190,48935
2026-08-23T15:45:04Z,20214,28190,48935
2026-08-23T15:45:06Z,20214,28190,48935
2026-08-23T15:45:08Z,20214,28190,48935
2026-08-23T15:45:10Z,20214,28190,48935
2026-08-23T15:45:12Z,20214,28190,48935
2026-08-23T15:45:14Z,20214,28190,48935
2026-08-23T15:45:16Z,20214,28190,48935
2026-08-23T15:45:18Z,20214,28190,48935
2026-08-23T15:45:20Z,20214,28190,48935
2026-08-23T15:45:22Z,20214,28190,48935
2026-08-23T15:45:24Z,20214,28190,48935
2026-08-23T15:45:26Z,20214,28190,48935
2026-08-23T15:45:28Z,20214,28190,48935
2026-08-23T15:45:30Z,20214,28190,48935
2026-08-23T15:45:32Z,20214,28190,48935
2026-08-23T15:45:34Z,20214,28190,48935
2026-08-23T15:45:36Z,20214,28190,48935
2026-08-23T15:45:38Z,20214,28190,48935
2026-08-23T15:45:40Z,20214,28190,48935
2026-08-23T15:45:42Z,20214,28190,48935
2026-08-23T15:45:44Z,20214,28190,48935
2026-08-23T15:45:46Z,20214,28190,48935
2026-08-23T15:45:48Z,20214,28190,48935
2026-08-23T15:45:50Z,20214,28190,48935
2026-08-23T15:45:52Z,20214,28190,48935
2026-08-23T15:45:54Z,20214,28190,48935
2026-08-23T15:45:57Z,20214,28190,48935
2026-08-23T15:45:59Z,20214,28190,48935
2026-08-23T15:46:01Z,20214,28190,48935
2026-08-23T15:46:03Z,20214,28190,48935
2026-08-23T15:46:05Z,20214,28190,48935
2026-08-23T15:46:07Z,20214,28190,48935
2026-08-23T15:46:09Z,20214,28190,48935
2026-08-23T15:46:11Z,20214,28190,48935
2026-08-23T15:46:13Z,20214,28190,48935
2026-08-23T15:46:15Z,20214,28190,48935
2026-08-23T15:46:17Z,20214,28190,48935
2026-08-23T15:46:19Z,20214,28190,48935
2026-08-23T15:46:21Z,20214,28190,48935
2026-08-23T15:46:23Z,20214,28190,48935
2026-08-23T15:46:25Z,20214,28190,48935
2026-08-23T15:46:27Z,20214,28190,48935
2026-08-23T15:46:29Z,20214,28190,48935
2026-08-23T15:46:31Z,20214,28190,48935
2026-08-23T15:46:33Z,20214,28190,48935
2026-08-23T15:46:35Z,20214,28190,48935
2026-08-23T15:46:37Z,20214,28190,48935
2026-08-23T15:46:39Z,20214,28190,48935
2026-08-23T15:46:41Z,20214,28190,48935
2026-08-23T15:46:43Z,20214,28190,48935
2026-08-23T15:46:45Z,20214,28190,48935
2026-08-23T15:46:47Z,20214,28190,48935
2026-08-23T15:46:49Z,20214,28190,48935
2026-08-23T15:46:51Z,20214,28190,48935
2026-08-23T15:46:53Z,20214,28190,48935
2026-08-23T15:46:55Z,20214,28190,48935
2026-08-23T15:46:57Z,20214,28190,48935
2026-08-23T15:46:59Z,20214,28190,48935
2026-08-23T15:47:01Z,20214,28190,48935
2026-08-23T15:47:03Z,20214,28190,48935
2026-08-23T15:47:05Z,20214,28190,48935
2026-08-23T15:47:07Z,20214,28190,48935
2026-08-23T15:47:09Z,20214,28190,48935
2026-08-23T15:47:11Z,20214,28190,48935
2026-08-23T15:47:13Z,20214,28190,48935
2026-08-23T15:47:15Z,20214,28190,48935
2026-08-23T15:47:17Z,20214,28190,48935
2026-08-23T15:47:20Z,20214,28190,48935
2026-08-23T15:47:22Z,20214,28190,48935
2026-08-23T15:47:24Z,20214,28190,48935
2026-08-23T15:47:26Z,20214,28190,48935
2026-08-23T15:47:28Z,20214,28190,48935
2026-08-23T15:47:30Z,20214,28190,48935
2026-08-23T15:47:32Z,20214,28190,48935
2026-08-23T15:47:34Z,20214,28190,48935
2026-08-23T15:47:36Z,20214,28190,48935
2026-08-23T15:47:38Z,20214,28190,48935
2026-08-23T15:47:40Z,20214,28190,48935
2026-08-23T15:47:42Z,20214,28190,48935
2026-08-23T15:47:44Z,20214,28190,48935
2026-08-23T15:47:46Z,20214,28190,48935
2026-08-23T15:47:48Z,20214,28190,48935
2026-08-23T15:47:50Z,20214,28190,48935
2026-08-23T15:47:52Z,20214,28190,48935
2026-08-23T15:47:54Z,20214,28190,48935
2026-08-23T15:47:56Z,20214,28190,48935
2026-08-23T15:47:58Z,20214,28190,48935
2026-08-23T15:48:00Z,20214,28190,48935
2026-08-23T15:48:02Z,20214,28190,48935
2026-08-23T15:48:04Z,20214,28190,48935
2026-08-23T15:48:06Z,20214,28190,48935
2026-08-23T15:48:08Z,20214,28190,48935
2026-08-23T15:48:10Z,20214,28190,48935
2026-08-23T15:48:12Z,20214,28190,48935
2026-08-23T15:48:14Z,20214,28190,48935
2026-08-23T15:48:16Z,20214,28190,48935
2026-08-23T15:48:18Z,20214,28190,48935
2026-08-23T15:48:20Z,20214,28190,48935
2026-08-23T15:48:22Z,20214,28190,48935
2026-08-23T15:48:24Z,20214,28190,48935
2026-08-23T15:48:26Z,20214,28190,48935
2026-08-23T15:48:28Z,20214,28190,48935
2026-08-23T15:48:30Z,20214,28190,48935
2026-08-23T15:48:32Z,20214,28190,48935
2026-08-23T15:48:34Z,20214,28190,48935
2026-08-23T15:48:36Z,20214,28190,48935
2026-08-23T15:48:38Z,20214,28190,48935
2026-08-23T15:48:40Z,20214,28190,48935
2026-08-23T15:48:43Z,20214,28190,48935
2026-08-23T15:48:45Z,20214,28190,48935
2026-08-23T15:48:47Z,20214,28190,48935
2026-08-23T15:48:49Z,20214,28190,48935
2026-08-23T15:48:51Z,20214,28190,48935
2026-08-23T15:48:53Z,20214,28190,48935
2026-08-23T15:48:55Z,20214,28190,48935
2026-08-23T15:48:57Z,20214,28190,48935
2026-08-23T15:48:59Z,20214,28190,48935
2026-08-23T15:49:01Z,20214,28190,48935
2026-08-23T15:49:03Z,20214,28190,48935
2026-08-23T15:49:05Z,20214,28190,48935
2026-08-23T15:49:07Z,20214,28190,48935
2026-08-23T15:49:09Z,20214,28190,48935
2026-08-23T15:49:11Z,20214,28190,48935
2026-08-23T15:49:13Z,20214,28190,48935
2026-08-23T15:49:15Z,20214,28190,48935
2026-08-23T15:49:17Z,20214,28190,48935
2026-08-23T15:49:19Z,20214,28190,48935
2026-08-23T15:49:21Z,20214,28190,48935
2026-08-23T15:49:23Z,20214,28190,48935
2026-08-23T15:49:25Z,20214,28190,48935
2026-08-23T15:49:27Z,20214,28190,48935
2026-08-23T15:49:29Z,20214,28190,48935
2026-08-23T15:49:31Z,20214,28190,48935
2026-08-23T15:49:33Z,20214,28190,48935
2026-08-23T15:49:35Z,20214,28190,48935
2026-08-23T15:49:37Z,20214,28190,48935
2026-08-23T15:49:39Z,20214,28190,48935
2026-08-23T15:49:41Z,20214,28190,48935
2026-08-23T15:49:43Z,20214,28190,48935
2026-08-23T15:49:45Z,20214,28190,48935
2026-08-23T15:49:47Z,20214,28190,48935
2026-08-23T15:49:49Z,20214,28190,48935
2026-08-23T15:49:51Z,20214,28190,48935
2026-08-23T15:49:53Z,20214,28190,48935
2026-08-23T15:49:55Z,20214,28190,48935
2026-08-23T15:49:57Z,20214,28190,48935
2026-08-23T15:49:59Z,20214,28190,48935
2026-08-23T15:50:01Z,20214,28190,48935
2026-08-23T15:50:03Z,20214,28190,48935
2026-08-23T15:50:05Z,20214,28190,48935
2026-08-23T15:50:08Z,20214,28190,48935
2026-08-23T15:50:10Z,20214,28190,48935
2026-08-23T15:50:12Z,20214,28190,48935
2026-08-23T15:50:14Z,20214,28190,48935
2026-08-23T15:50:16Z,20214,28190,48935
2026-08-23T15:50:18Z,20214,28190,48935
2026-08-23T15:50:20Z,20214,28190,48935
2026-08-23T15:50:22Z,20214,28190,48935
2026-08-23T15:50:24Z,20214,28190,48935
2026-08-23T15:50:26Z,20214,28190,48935
2026-08-23T15:50:28Z,20214,28190,48935
2026-08-23T15:50:30Z,20214,28190,48935
2026-08-23T15:50:32Z,20214,28190,48935
2026-08-23T15:50:34Z,20214,28190,48935
2026-08-23T15:50:36Z,20214,28190,48935
2026-08-23T15:50:38Z,20214,28190,48935
2026-08-23T15:50:40Z,20214,28190,48935
2026-08-23T15:50:42Z,20214,28190,48935
2026-08-23T15:50:44Z,20214,28190,48935
2026-08-23T15:50:46Z,20214,28190,48935
2026-08-23T15:50:48Z,20214,28190,48935
2026-08-23T15:50:50Z,20214,28190,48935
2026-08-23T15:50:52Z,20214,28190,48935
2026-08-23T15:50:54Z,20214,28190,48935
2026-08-23T15:50:56Z,20214,28190,48935
2026-08-23T15:50:58Z,20214,28190,48935
2026-08-23T15:51:00Z,20214,28190,48935
2026-08-23T15:51:02Z,20214,28190,48935
2026-08-23T15:51:04Z,20214,28190,48935
2026-08-23T15:51:06Z,20214,28190,48935
2026-08-23T15:51:08Z,20214,28190,48935
2026-08-23T15:51:10Z,20214,28190,48935
2026-08-23T15:51:12Z,20214,28190,48935
2026-08-23T15:51:14Z,20214,28190,48935
2026-08-23T15:51:16Z,20214,28190,48935
2026-08-23T15:51:18Z,20214,28190,48935
2026-08-23T15:51:20Z,20214,28190,48935
2026-08-23T15:51:22Z,20214,28190,48935
2026-08-23T15:51:24Z,20214,28190,48935
2026-08-23T15:51:26Z,20214,28190,48935
2026-08-23T15:51:28Z,20214,28190,48935
2026-08-23T15:51:31Z,20214,28190,48935
2026-08-23T15:51:33Z,20214,28190,48935
2026-08-23T15:51:35Z,20214,28190,48935
2026-08-23T15:51:37Z,20214,28190,48935
2026-08-23T15:51:39Z,20214,28190,48935
2026-08-23T15:51:41Z,20214,28190,48935
2026-08-23T15:51:43Z,20214,28190,48935
2026-08-23T15:51:45Z,20214,28190,48935
2026-08-23T15:51:47Z,20214,28190,48935
2026-08-23T15:51:49Z,20214,28190,48935
2026-08-23T15:51:51Z,20214,28190,48935
2026-08-23T15:51:53Z,20214,28190,48935
2026-08-23T15:51:55Z,20214,28190,48935
2026-08-23T15:51:57Z,20214,28190,48935
2026-08-23T15:51:59Z,20214,28190,48935
2026-08-23T15:52:01Z,20214,28190,48935
2026-08-23T15:52:03Z,20214,28190,48935
2026-08-23T15:52:05Z,20214,28190,48935
2026-08-23T15:52:07Z,20214,28190,48935
2026-08-23T15:52:09Z,20214,28190,48935
2026-08-23T15:52:11Z,20214,28190,48935
2026-08-23T15:52:13Z,20214,28190,48935
2026-08-23T15:52:15Z,20214,28190,48935
2026-08-23T15:52:17Z,20214,28190,48935
2026-08-23T15:52:19Z,20214,28190,48935
2026-08-23T15:52:21Z,20214,28190,48935
2026-08-23T15:52:23Z,20214,28190,48935
2026-08-23T15:52:25Z,20214,28190,48935
2026-08-23T15:52:27Z,20214,28190,48935
2026-08-23T15:52:29Z,20214,28190,48935
2026-08-23T15:52:31Z,17059,31345,48935
2026-08-23T15:52:33Z,17398,31006,48935
2026-08-23T15:52:35Z,20214,28190,48935
2026-08-23T15:52:37Z,20214,28190,48935
2026-08-23T15:52:39Z,20214,28190,48935
2026-08-23T15:52:41Z,20214,28190,48935
2026-08-23T15:52:43Z,20214,28190,48935
2026-08-23T15:52:45Z,20214,28190,48935
2026-08-23T15:52:47Z,20214,28190,48935
2026-08-23T15:52:49Z,20214,28190,48935
2026-08-23T15:52:51Z,20214,28190,48935
2026-08-23T15:52:53Z,20214,28190,48935
2026-08-23T15:52:56Z,20214,28190,48935
2026-08-23T15:52:58Z,20214,28190,48935
2026-08-23T15:53:00Z,20214,28190,48935
2026-08-23T15:53:02Z,20214,28190,48935
2026-08-23T15:53:04Z,20214,28190,48935
2026-08-23T15:53:06Z,20214,28190,48935
2026-08-23T15:53:08Z,20214,28190,48935
2026-08-23T15:53:10Z,20214,28190,48935
2026-08-23T15:53:12Z,20214,28190,48935
2026-08-23T15:53:14Z,20214,28190,48935
2026-08-23T15:53:16Z,20214,28190,48935
2026-08-23T15:53:18Z,20214,28190,48935
2026-08-23T15:53:20Z,20214,28190,48935
2026-08-23T15:53:22Z,20214,28190,48935
2026-08-23T15:53:24Z,20214,28190,48935
2026-08-23T15:53:26Z,20214,28190,48935
2026-08-23T15:53:28Z,20214,28190,48935
2026-08-23T15:53:30Z,20214,28190,48935
2026-08-23T15:53:32Z,20214,28190,48935
2026-08-23T15:53:34Z,20214,28190,48935
2026-08-23T15:53:36Z,20214,28190,48935
2026-08-23T15:53:38Z,20214,28190,48935
2026-08-23T15:53:40Z,20214,28190,48935
2026-08-23T15:53:42Z,20214,28190,48935
2026-08-23T15:53:44Z,20214,28190,48935
2026-08-23T15:53:46Z,20214,28190,48935
2026-08-23T15:53:48Z,20214,28190,48935
2026-08-23T15:53:50Z,20214,28190,48935
2026-08-23T15:53:52Z,20214,28190,48935
2026-08-23T15:53:54Z,20214,28190,48935
2026-08-23T15:53:56Z,20214,28190,48935
2026-08-23T15:53:58Z,20214,28190,48935
2026-08-23T15:54:00Z,20214,28190,48935
2026-08-23T15:54:02Z,20214,28190,48935
2026-08-23T15:54:04Z,20214,28190,48935
2026-08-23T15:54:06Z,20214,28190,48935
2026-08-23T15:54:08Z,20214,28190,48935
2026-08-23T15:54:10Z,20214,28190,48935
2026-08-23T15:54:12Z,20214,28190,48935
2026-08-23T15:54:14Z,20214,28190,48935
2026-08-23T15:54:16Z,20214,28190,48935
2026-08-23T15:54:19Z,20214,28190,48935
2026-08-23T15:54:21Z,20214,28190,48935
2026-08-23T15:54:23Z,20214,28190,48935
2026-08-23T15:54:25Z,20214,28190,48935
2026-08-23T15:54:27Z,20214,28190,48935
2026-08-23T15:54:29Z,20214,28190,48935
2026-08-23T15:54:31Z,20214,28190,48935
2026-08-23T15:54:33Z,20214,28190,48935
2026-08-23T15:54:35Z,20214,28190,48935
2026-08-23T15:54:37Z,20214,28190,48935
2026-08-23T15:54:39Z,20214,28190,48935
2026-08-23T15:54:41Z,20214,28190,48935
2026-08-23T15:54:43Z,20214,28190,48935
2026-08-23T15:54:45Z,20214,28190,48935
2026-08-23T15:54:47Z,20214,28190,48935
2026-08-23T15:54:49Z,20214,28190,48935
2026-08-23T15:54:51Z,20214,28190,48935
2026-08-23T15:54:53Z,20214,28190,48935
2026-08-23T15:54:55Z,20214,28190,48935
2026-08-23T15:54:57Z,20214,28190,48935
2026-08-23T15:54:59Z,20214,28190,48935
2026-08-23T15:55:01Z,20214,28190,48935
2026-08-23T15:55:03Z,20214,28190,48935
2026-08-23T15:55:05Z,20214,28190,48935
2026-08-23T15:55:07Z,20214,28190,48935
2026-08-23T15:55:09Z,20214,28190,48935
2026-08-23T15:55:11Z,20214,28190,48935
2026-08-23T15:55:13Z,20214,28190,48935
2026-08-23T15:55:15Z,20214,28190,48935
2026-08-23T15:55:17Z,20214,28190,48935
2026-08-23T15:55:19Z,20214,28190,48935
2026-08-23T15:55:21Z,20214,28190,48935
2026-08-23T15:55:23Z,20214,28190,48935
2026-08-23T15:55:25Z,20214,28190,48935
2026-08-23T15:55:27Z,20214,28190,48935
2026-08-23T15:55:29Z,20214,28190,48935
2026-08-23T15:55:31Z,20214,28190,48935
2026-08-23T15:55:33Z,20214,28190,48935
2026-08-23T15:55:35Z,20214,28190,48935
2026-08-23T15:55:37Z,20214,28190,48935
2026-08-23T15:55:39Z,20214,28190,48935
2026-08-23T15:55:42Z,20214,28190,48935
2026-08-23T15:55:44Z,20214,28190,48935
2026-08-23T15:55:46Z,20214,28190,48935
2026-08-23T15:55:48Z,20214,28190,48935
2026-08-23T15:55:50Z,20214,28190,48935
2026-08-23T15:55:52Z,20214,28190,48935
2026-08-23T15:55:54Z,20214,28190,48935
2026-08-23T15:55:56Z,20214,28190,48935
2026-08-23T15:55:58Z,20214,28190,48935
2026-08-23T15:56:00Z,20214,28190,48935
2026-08-23T15:56:02Z,20214,28190,48935
2026-08-23T15:56:04Z,20214,28190,48935
2026-08-23T15:56:06Z,20214,28190,48935
2026-08-23T15:56:08Z,20214,28190,48935
2026-08-23T15:56:10Z,20214,28190,48935
2026-08-23T15:56:12Z,20214,28190,48935
2026-08-23T15:56:14Z,20214,28190,48935
2026-08-23T15:56:16Z,20214,28190,48935
2026-08-23T15:56:18Z,20214,28190,48935
2026-08-23T15:56:20Z,20214,28190,48935
2026-08-23T15:56:22Z,20214,28190,48935
2026-08-23T15:56:24Z,20214,28190,48935
2026-08-23T15:56:26Z,20214,28190,48935
2026-08-23T15:56:28Z,20214,28190,48935
2026-08-23T15:56:30Z,20214,28190,48935
2026-08-23T15:56:32Z,20214,28190,48935
2026-08-23T15:56:34Z,20214,28190,48935
2026-08-23T15:56:36Z,20214,28190,48935
2026-08-23T15:56:38Z,20214,28190,48935
2026-08-23T15:56:40Z,20214,28190,48935
2026-08-23T15:56:42Z,20214,28190,48935
2026-08-23T15:56:44Z,20214,28190,48935
2026-08-23T15:56:46Z,20214,28190,48935
2026-08-23T15:56:48Z,20214,28190,48935
2026-08-23T15:56:50Z,20214,28190,48935
2026-08-23T15:56:52Z,20214,28190,48935
2026-08-23T15:56:54Z,20214,28190,48935
2026-08-23T15:56:56Z,20214,28190,48935
2026-08-23T15:56:58Z,17059,31345,48935
2026-08-23T15:57:00Z,17398,31006,48935
2026-08-23T15:57:02Z,20214,28190,48935
2026-08-23T15:57:05Z,20214,28190,48935
2026-08-23T15:57:07Z,20214,28190,48935
2026-08-23T15:57:09Z,20214,28190,48935
2026-08-23T15:57:11Z,20214,28190,48935
2026-08-23T15:57:13Z,20214,28190,48935
2026-08-23T15:57:15Z,20214,28190,48935
2026-08-23T15:57:17Z,20214,28190,48935
2026-08-23T15:57:19Z,20214,28190,48935
2026-08-23T15:57:21Z,20214,28190,48935
2026-08-23T15:57:23Z,20214,28190,48935
2026-08-23T15:57:25Z,20214,28190,48935
2026-08-23T15:57:27Z,20214,28190,48935
2026-08-23T15:57:29Z,20214,28190,48935
2026-08-23T15:57:31Z,20214,28190,48935
2026-08-23T15:57:33Z,20214,28190,48935
2026-08-23T15:57:35Z,20214,28190,48935
2026-08-23T15:57:37Z,20214,28190,48935
2026-08-23T15:57:39Z,20214,28190,48935
2026-08-23T15:57:41Z,20214,28190,48935
2026-08-23T15:57:43Z,20214,28190,48935
2026-08-23T15:57:45Z,20214,28190,48935
2026-08-23T15:57:47Z,20214,28190,48935
2026-08-23T15:57:49Z,20214,28190,48935
2026-08-23T15:57:51Z,20214,28190,48935
2026-08-23T15:57:53Z,20214,28190,48935
2026-08-23T15:57:55Z,20214,28190,48935
2026-08-23T15:57:57Z,20214,28190,48935
2026-08-23T15:57:59Z,20214,28190,48935
2026-08-23T15:58:01Z,20214,28190,48935
2026-08-23T15:58:03Z,20214,28190,48935
2026-08-23T15:58:05Z,20214,28190,48935
2026-08-23T15:58:07Z,20214,28190,48935
2026-08-23T15:58:09Z,20214,28190,48935
2026-08-23T15:58:11Z,20214,28190,48935
2026-08-23T15:58:13Z,20214,28190,48935
2026-08-23T15:58:15Z,20214,28190,48935
2026-08-23T15:58:17Z,20214,28190,48935
2026-08-23T15:58:19Z,20214,28190,48935
2026-08-23T15:58:21Z,20214,28190,48935
2026-08-23T15:58:23Z,20214,28190,48935
2026-08-23T15:58:25Z,20214,28190,48935
2026-08-23T15:58:28Z,20214,28190,48935
2026-08-23T15:58:30Z,20214,28190,48935
2026-08-23T15:58:32Z,20214,28190,48935
2026-08-23T15:58:34Z,20214,28190,48935
2026-08-23T15:58:36Z,20214,28190,48935
2026-08-23T15:58:38Z,20214,28190,48935
2026-08-23T15:58:40Z,17059,31345,48935
2026-08-23T15:58:42Z,17398,31006,48935
2026-08-23T15:58:44Z,20214,28190,48935
2026-08-23T15:58:46Z,20214,28190,48935
2026-08-23T15:58:48Z,20214,28190,48935
2026-08-23T15:58:50Z,20214,28190,48935
2026-08-23T15:58:52Z,20214,28190,48935
2026-08-23T15:58:54Z,20214,28190,48935
2026-08-23T15:58:56Z,20214,28190,48935
2026-08-23T15:58:58Z,20214,28190,48935
2026-08-23T15:59:00Z,20214,28190,48935
2026-08-23T15:59:02Z,20214,28190,48935
2026-08-23T15:59:04Z,20214,28190,48935
2026-08-23T15:59:06Z,20214,28190,48935
2026-08-23T15:59:08Z,20214,28190,48935
2026-08-23T15:59:10Z,20214,28190,48935
2026-08-23T15:59:12Z,20214,28190,48935
2026-08-23T15:59:14Z,20214,28190,48935
2026-08-23T15:59:16Z,20214,28190,48935
2026-08-23T15:59:18Z,20214,28190,48935
2026-08-23T15:59:20Z,20214,28190,48935
2026-08-23T15:59:22Z,20214,28190,48935
2026-08-23T15:59:24Z,20214,28190,48935
2026-08-23T15:59:26Z,20214,28190,48935
2026-08-23T15:59:28Z,20214,28190,48935
2026-08-23T15:59:30Z,20214,28190,48935
2026-08-23T15:59:32Z,20214,28190,48935
2026-08-23T15:59:34Z,20214,28190,48935
2026-08-23T15:59:36Z,20214,28190,48935
2026-08-23T15:59:38Z,20214,28190,48935
2026-08-23T15:59:40Z,20214,28190,48935
2026-08-23T15:59:42Z,20214,28190,48935
2026-08-23T15:59:44Z,20214,28190,48935
2026-08-23T15:59:46Z,20214,28190,48935
2026-08-23T15:59:48Z,20214,28190,48935
2026-08-23T15:59:51Z,20214,28190,48935
2026-08-23T15:59:53Z,20214,28190,48935
2026-08-23T15:59:55Z,20214,28190,48935
2026-08-23T15:59:57Z,20214,28190,48935
2026-08-23T15:59:59Z,20214,28190,48935
2026-08-23T16:00:01Z,20214,28190,48935
2026-08-23T16:00:03Z,20214,28190,48935
2026-08-23T16:00:05Z,20214,28190,48935
2026-08-23T16:00:07Z,20214,28190,48935
2026-08-23T16:00:09Z,20214,28190,48935
2026-08-23T16:00:11Z,20214,28190,48935
2026-08-23T16:00:13Z,20214,28190,48935
2026-08-23T16:00:15Z,20214,28190,48935
2026-08-23T16:00:17Z,20214,28190,48935
2026-08-23T16:00:19Z,20214,28190,48935
2026-08-23T16:00:21Z,20214,28190,48935
2026-08-23T16:00:23Z,20214,28190,48935
2026-08-23T16:00:25Z,20214,28190,48935
2026-08-23T16:00:27Z,20214,28190,48935
2026-08-23T16:00:29Z,20214,28190,48935
2026-08-23T16:00:31Z,20214,28190,48935
2026-08-23T16:00:33Z,20214,28190,48935
2026-08-23T16:00:35Z,20214,28190,48935
2026-08-23T16:00:37Z,20214,28190,48935
2026-08-23T16:00:39Z,20214,28190,48935
2026-08-23T16:00:41Z,20214,28190,48935
2026-08-23T16:00:43Z,20214,28190,48935
2026-08-23T16:00:45Z,20214,28190,48935
2026-08-23T16:00:47Z,20214,28190,48935
2026-08-23T16:00:49Z,20214,28190,48935
2026-08-23T16:00:51Z,20214,28190,48935
2026-08-23T16:00:53Z,20214,28190,48935
2026-08-23T16:00:55Z,20214,28190,48935
2026-08-23T16:00:57Z,20214,28190,48935
2026-08-23T16:00:59Z,20214,28190,48935
2026-08-23T16:01:01Z,20214,28190,48935
2026-08-23T16:01:03Z,20214,28190,48935
2026-08-23T16:01:05Z,20214,28190,48935
2026-08-23T16:01:07Z,20214,28190,48935
2026-08-23T16:01:09Z,20214,28190,48935
2026-08-23T16:01:11Z,20214,28190,48935
2026-08-23T16:01:14Z,17059,31345,48935
2026-08-23T16:01:16Z,17398,31006,48935
2026-08-23T16:01:18Z,20214,28190,48935
2026-08-23T16:01:20Z,20214,28190,48935
2026-08-23T16:01:22Z,20214,28190,48935
2026-08-23T16:01:24Z,20214,28190,48935
2026-08-23T16:01:26Z,20214,28190,48935
2026-08-23T16:01:28Z,20214,28190,48935
2026-08-23T16:01:30Z,20214,28190,48935
2026-08-23T16:01:32Z,20214,28190,48935
2026-08-23T16:01:34Z,20214,28190,48935
2026-08-23T16:01:36Z,20214,28190,48935
2026-08-23T16:01:38Z,20214,28190,48935
2026-08-23T16:01:40Z,20214,28190,48935
2026-08-23T16:01:42Z,20214,28190,48935
2026-08-23T16:01:44Z,20214,28190,48935
2026-08-23T16:01:46Z,20214,28190,48935
2026-08-23T16:01:48Z,20214,28190,48935
2026-08-23T16:01:50Z,20214,28190,48935
2026-08-23T16:01:52Z,20214,28190,48935
2026-08-23T16:01:54Z,20214,28190,48935
2026-08-23T16:01:56Z,20214,28190,48935
2026-08-23T16:01:58Z,20214,28190,48935
2026-08-23T16:02:00Z,20214,28190,48935
2026-08-23T16:02:02Z,20214,28190,48935
2026-08-23T16:02:04Z,20214,28190,48935
2026-08-23T16:02:06Z,20214,28190,48935
2026-08-23T16:02:08Z,20214,28190,48935
2026-08-23T16:02:10Z,20214,28190,48935
2026-08-23T16:02:12Z,20214,28190,48935
2026-08-23T16:02:14Z,20214,28190,48935
2026-08-23T16:02:16Z,20214,28190,48935
2026-08-23T16:02:18Z,20214,28190,48935
2026-08-23T16:02:21Z,20214,28190,48935
2026-08-23T16:02:23Z,20214,28190,48935
2026-08-23T16:02:25Z,20214,28190,48935
2026-08-23T16:02:27Z,20214,28190,48935
2026-08-23T16:02:29Z,20214,28190,48935
2026-08-23T16:02:31Z,20214,28190,48935
2026-08-23T16:02:33Z,20214,28190,48935
2026-08-23T16:02:35Z,20214,28190,48935
2026-08-23T16:02:37Z,20214,28190,48935
2026-08-23T16:02:39Z,20214,28190,48935
2026-08-23T16:02:41Z,20214,28190,48935
2026-08-23T16:02:43Z,20214,28190,48935
2026-08-23T16:02:45Z,20214,28190,48935
2026-08-23T16:02:47Z,20214,28190,48935
2026-08-23T16:02:49Z,20214,28190,48935
2026-08-23T16:02:51Z,20214,28190,48935
2026-08-23T16:02:53Z,20214,28190,48935
2026-08-23T16:02:55Z,20214,28190,48935
2026-08-23T16:02:57Z,20214,28190,48935
2026-08-23T16:02:59Z,20214,28190,48935
2026-08-23T16:03:01Z,20214,28190,48935
2026-08-23T16:03:03Z,20214,28190,48935
2026-08-23T16:03:05Z,20214,28190,48935
2026-08-23T16:03:07Z,20214,28190,48935
2026-08-23T16:03:09Z,20214,28190,48935
2026-08-23T16:03:11Z,20214,28190,48935
2026-08-23T16:03:13Z,20214,28190,48935
2026-08-23T16:03:15Z,20214,28190,48935
2026-08-23T16:03:17Z,20214,28190,48935
2026-08-23T16:03:19Z,20214,28190,48935
2026-08-23T16:03:21Z,20214,28190,48935
2026-08-23T16:03:23Z,20214,28190,48935
2026-08-23T16:03:25Z,20214,28190,48935
2026-08-23T16:03:27Z,20214,28190,48935
2026-08-23T16:03:29Z,20214,28190,48935
2026-08-23T16:03:31Z,20214,28190,48935
2026-08-23T16:03:33Z,20214,28190,48935
2026-08-23T16:03:35Z,20214,28190,48935
2026-08-23T16:03:37Z,20214,28190,48935
2026-08-23T16:03:39Z,20214,28190,48935
2026-08-23T16:03:41Z,20214,28190,48935
2026-08-23T16:03:44Z,20214,28190,48935
2026-08-23T16:03:46Z,20214,28190,48935
2026-08-23T16:03:48Z,20214,28190,48935
2026-08-23T16:03:50Z,20214,28190,48935
2026-08-23T16:03:52Z,20214,28190,48935
2026-08-23T16:03:54Z,20214,28190,48935
2026-08-23T16:03:56Z,20214,28190,48935
2026-08-23T16:03:58Z,20214,28190,48935
2026-08-23T16:04:00Z,20214,28190,48935
2026-08-23T16:04:02Z,20214,28190,48935
2026-08-23T16:04:04Z,20214,28190,48935
2026-08-23T16:04:06Z,20214,28190,48935
2026-08-23T16:04:08Z,20214,28190,48935
2026-08-23T16:04:10Z,20214,28190,48935
2026-08-23T16:04:12Z,20214,28190,48935
2026-08-23T16:04:14Z,20214,28190,48935
2026-08-23T16:04:16Z,20214,28190,48935
2026-08-23T16:04:18Z,20214,28190,48935
2026-08-23T16:04:20Z,20214,28190,48935
2026-08-23T16:04:22Z,20214,28190,48935
2026-08-23T16:04:24Z,20214,28190,48935
2026-08-23T16:04:26Z,20214,28190,48935
2026-08-23T16:04:28Z,20214,28190,48935
2026-08-23T16:04:30Z,20214,28190,48935
2026-08-23T16:04:32Z,20214,28190,48935
2026-08-23T16:04:34Z,20214,28190,48935
2026-08-23T16:04:36Z,20214,28190,48935
2026-08-23T16:04:38Z,20214,28190,48935
2026-08-23T16:04:40Z,20214,28190,48935
2026-08-23T16:04:42Z,20214,28190,48935
2026-08-23T16:04:44Z,20214,28190,48935
2026-08-23T16:04:46Z,20214,28190,48935
2026-08-23T16:04:48Z,20214,28190,48935
2026-08-23T16:04:50Z,20214,28190,48935
2026-08-23T16:04:52Z,20214,28190,48935
2026-08-23T16:04:54Z,20214,28190,48935
2026-08-23T16:04:56Z,20214,28190,48935
2026-08-23T16:04:58Z,20214,28190,48935
2026-08-23T16:05:00Z,20214,28190,48935
2026-08-23T16:05:02Z,20214,28190,48935
2026-08-23T16:05:04Z,20214,28190,48935
2026-08-23T16:05:06Z,20214,28190,48935
2026-08-23T16:05:09Z,20214,28190,48935
2026-08-23T16:05:11Z,20214,28190,48935
2026-08-23T16:05:13Z,20214,28190,48935
2026-08-23T16:05:15Z,20214,28190,48935
2026-08-23T16:05:17Z,20214,28190,48935
2026-08-23T16:05:19Z,20214,28190,48935
2026-08-23T16:05:21Z,20214,28190,48935
2026-08-23T16:05:23Z,20214,28190,48935
2026-08-23T16:05:25Z,20214,28190,48935
2026-08-23T16:05:27Z,20214,28190,48935
2026-08-23T16:05:29Z,20214,28190,48935
2026-08-23T16:05:31Z,20214,28190,48935
2026-08-23T16:05:33Z,20214,28190,48935
2026-08-23T16:05:35Z,20214,28190,48935
2026-08-23T16:05:37Z,20214,28190,48935
2026-08-23T16:05:39Z,20214,28190,48935
2026-08-23T16:05:41Z,20214,28190,48935
2026-08-23T16:05:43Z,20214,28190,48935
2026-08-23T16:05:45Z,20214,28190,48935
2026-08-23T16:05:47Z,20214,28190,48935
2026-08-23T16:05:49Z,20214,28190,48935
2026-08-23T16:05:51Z,20214,28190,48935
2026-08-23T16:05:53Z,20214,28190,48935
2026-08-23T16:05:55Z,20214,28190,48935
2026-08-23T16:05:57Z,20214,28190,48935
2026-08-23T16:05:59Z,20214,28190,48935
2026-08-23T16:06:01Z,20214,28190,48935
2026-08-23T16:06:03Z,20214,28190,48935
2026-08-23T16:06:05Z,20214,28190,48935
2026-08-23T16:06:07Z,20214,28190,48935
2026-08-23T16:06:09Z,20214,28190,48935
2026-08-23T16:06:11Z,20214,28190,48935
2026-08-23T16:06:13Z,20214,28190,48935
2026-08-23T16:06:15Z,20214,28190,48935
2026-08-23T16:06:17Z,20214,28190,48935
2026-08-23T16:06:19Z,20214,28190,48935
2026-08-23T16:06:21Z,20214,28190,48935
2026-08-23T16:06:23Z,20214,28190,48935
2026-08-23T16:06:25Z,20214,28190,48935
2026-08-23T16:06:27Z,20214,28190,48935
2026-08-23T16:06:29Z,20214,28190,48935
2026-08-23T16:06:32Z,20214,28190,48935
2026-08-23T16:06:34Z,20214,28190,48935
2026-08-23T16:06:36Z,20214,28190,48935
2026-08-23T16:06:38Z,20214,28190,48935
2026-08-23T16:06:40Z,20214,28190,48935
2026-08-23T16:06:42Z,20214,28190,48935
2026-08-23T16:06:44Z,20214,28190,48935
2026-08-23T16:06:46Z,20214,28190,48935
2026-08-23T16:06:48Z,20214,28190,48935
2026-08-23T16:06:50Z,20214,28190,48935
2026-08-23T16:06:52Z,20214,28190,48935
2026-08-23T16:06:54Z,20214,28190,48935
2026-08-23T16:06:56Z,20214,28190,48935
2026-08-23T16:06:58Z,20214,28190,48935
2026-08-23T16:07:00Z,20214,28190,48935
2026-08-23T16:07:02Z,20214,28190,48935
2026-08-23T16:07:04Z,20214,28190,48935
2026-08-23T16:07:06Z,20214,28190,48935
2026-08-23T16:07:08Z,20214,28190,48935
2026-08-23T16:07:10Z,20214,28190,48935
2026-08-23T16:07:12Z,20214,28190,48935
2026-08-23T16:07:14Z,20214,28190,48935
2026-08-23T16:07:16Z,20214,28190,48935
2026-08-23T16:07:18Z,20214,28190,48935
2026-08-23T16:07:20Z,20214,28190,48935
2026-08-23T16:07:22Z,20214,28190,48935
2026-08-23T16:07:24Z,20214,28190,48935
2026-08-23T16:07:26Z,20214,28190,48935
2026-08-23T16:07:28Z,20214,28190,48935
2026-08-23T16:07:30Z,20214,28190,48935
2026-08-23T16:07:32Z,20214,28190,48935
2026-08-23T16:07:34Z,20214,28190,48935
2026-08-23T16:07:36Z,20214,28190,48935
2026-08-23T16:07:38Z,20214,28190,48935
2026-08-23T16:07:40Z,20214,28190,48935
2026-08-23T16:07:42Z,20214,28190,48935
2026-08-23T16:07:44Z,20214,28190,48935
2026-08-23T16:07:46Z,20214,28190,48935
2026-08-23T16:07:48Z,20214,28190,48935
2026-08-23T16:07:50Z,20214,28190,48935
2026-08-23T16:07:52Z,20214,28190,48935
2026-08-23T16:07:54Z,20214,28190,48935
2026-08-23T16:07:57Z,20214,28190,48935
2026-08-23T16:07:59Z,20214,28190,48935
2026-08-23T16:08:01Z,20214,28190,48935
2026-08-23T16:08:03Z,20214,28190,48935
2026-08-23T16:08:05Z,20214,28190,48935
2026-08-23T16:08:07Z,20214,28190,48935
2026-08-23T16:08:09Z,20214,28190,48935
2026-08-23T16:08:11Z,20214,28190,48935
2026-08-23T16:08:13Z,20214,28190,48935
2026-08-23T16:08:15Z,20214,28190,48935
2026-08-23T16:08:17Z,20214,28190,48935
2026-08-23T16:08:19Z,20214,28190,48935
2026-08-23T16:08:21Z,20214,28190,48935
2026-08-23T16:08:23Z,20214,28190,48935
2026-08-23T16:08:25Z,20214,28190,48935
2026-08-23T16:08:27Z,20214,28190,48935
2026-08-23T16:08:29Z,20214,28190,48935
2026-08-23T16:08:31Z,20214,28190,48935
2026-08-23T16:08:33Z,20214,28190,48935
2026-08-23T16:08:35Z,20214,28190,48935
2026-08-23T16:08:37Z,20214,28190,48935
2026-08-23T16:08:39Z,20214,28190,48935
2026-08-23T16:08:41Z,20214,28190,48935
2026-08-23T16:08:43Z,20214,28190,48935
2026-08-23T16:08:45Z,17398,31006,48935
2026-08-23T16:08:47Z,20214,28190,48935
2026-08-23T16:08:49Z,20214,28190,48935
2026-08-23T16:08:51Z,20214,28190,48935
2026-08-23T16:08:53Z,20214,28190,48935
2026-08-23T16:08:55Z,20214,28190,48935
2026-08-23T16:08:57Z,20214,28190,48935
2026-08-23T16:08:59Z,20214,28190,48935
2026-08-23T16:09:01Z,20214,28190,48935
2026-08-23T16:09:03Z,20214,28190,48935
2026-08-23T16:09:05Z,20214,28190,48935
2026-08-23T16:09:07Z,20214,28190,48935
2026-08-23T16:09:09Z,20214,28190,48935
2026-08-23T16:09:11Z,20214,28190,48935
2026-08-23T16:09:13Z,20214,28190,48935
2026-08-23T16:09:15Z,20214,28190,48935
2026-08-23T16:09:17Z,20214,28190,48935
2026-08-23T16:09:20Z,20214,28190,48935
2026-08-23T16:09:22Z,20214,28190,48935
2026-08-23T16:09:24Z,20214,28190,48935
2026-08-23T16:09:26Z,20214,28190,48935
2026-08-23T16:09:28Z,20214,28190,48935
2026-08-23T16:09:30Z,20214,28190,48935
2026-08-23T16:09:32Z,20214,28190,48935
2026-08-23T16:09:34Z,20214,28190,48935
2026-08-23T16:09:36Z,20214,28190,48935
2026-08-23T16:09:38Z,20214,28190,48935
2026-08-23T16:09:40Z,20214,28190,48935
2026-08-23T16:09:42Z,20214,28190,48935
2026-08-23T16:09:44Z,20214,28190,48935
2026-08-23T16:09:46Z,20214,28190,48935
2026-08-23T16:09:48Z,20214,28190,48935
2026-08-23T16:09:50Z,20214,28190,48935
2026-08-23T16:09:52Z,20214,28190,48935
2026-08-23T16:09:54Z,20214,28190,48935
2026-08-23T16:09:56Z,20214,28190,48935
2026-08-23T16:09:58Z,20214,28190,48935
2026-08-23T16:10:00Z,20214,28190,48935
2026-08-23T16:10:02Z,20214,28190,48935
2026-08-23T16:10:04Z,20214,28190,48935
2026-08-23T16:10:06Z,20214,28190,48935
2026-08-23T16:10:08Z,20214,28190,48935
2026-08-23T16:10:10Z,20214,28190,48935
2026-08-23T16:10:12Z,20214,28190,48935
2026-08-23T16:10:14Z,20214,28190,48935
2026-08-23T16:10:16Z,20214,28190,48935
2026-08-23T16:10:18Z,20214,28190,48935
2026-08-23T16:10:20Z,20214,28190,48935
2026-08-23T16:10:22Z,20214,28190,48935
2026-08-23T16:10:24Z,20214,28190,48935
2026-08-23T16:10:26Z,20214,28190,48935
2026-08-23T16:10:28Z,20214,28190,48935
2026-08-23T16:10:30Z,20214,28190,48935
2026-08-23T16:10:32Z,20214,28190,48935
2026-08-23T16:10:34Z,20214,28190,48935
2026-08-23T16:10:36Z,20214,28190,48935
2026-08-23T16:10:38Z,20214,28190,48935
2026-08-23T16:10:40Z,20214,28190,48935
2026-08-23T16:10:43Z,20214,28190,48935
2026-08-23T16:10:45Z,20214,28190,48935
2026-08-23T16:10:47Z,20214,28190,48935
2026-08-23T16:10:49Z,20214,28190,48935
2026-08-23T16:10:51Z,20214,28190,48935
2026-08-23T16:10:53Z,17059,31345,48935
2026-08-23T16:10:55Z,17398,31006,48935
2026-08-23T16:10:57Z,20214,28190,48935
2026-08-23T16:10:59Z,20214,28190,48935
2026-08-23T16:11:01Z,20214,28190,48935
2026-08-23T16:11:03Z,20214,28190,48935
2026-08-23T16:11:05Z,20214,28190,48935
2026-08-23T16:11:07Z,20214,28190,48935
2026-08-23T16:11:09Z,20214,28190,48935
2026-08-23T16:11:11Z,20214,28190,48935
2026-08-23T16:11:13Z,20214,28190,48935
2026-08-23T16:11:15Z,20214,28190,48935
2026-08-23T16:11:17Z,20214,28190,48935
2026-08-23T16:11:19Z,20214,28190,48935
2026-08-23T16:11:21Z,20214,28190,48935
2026-08-23T16:11:23Z,20214,28190,48935
2026-08-23T16:11:25Z,20214,28190,48935
2026-08-23T16:11:27Z,20214,28190,48935
2026-08-23T16:11:29Z,20214,28190,48935
2026-08-23T16:11:31Z,20214,28190,48935
2026-08-23T16:11:33Z,20214,28190,48935
2026-08-23T16:11:35Z,20214,28190,48935
2026-08-23T16:11:37Z,20214,28190,48935
2026-08-23T16:11:39Z,20214,28190,48935
2026-08-23T16:11:41Z,20214,28190,48935
2026-08-23T16:11:43Z,20214,28190,48935
2026-08-23T16:11:45Z,20214,28190,48935
2026-08-23T16:11:47Z,20214,28190,48935
2026-08-23T16:11:49Z,20214,28190,48935
2026-08-23T16:11:51Z,20214,28190,48935
2026-08-23T16:11:53Z,20214,28190,48935
2026-08-23T16:11:55Z,20214,28190,48935
2026-08-23T16:11:57Z,20214,28190,48935
2026-08-23T16:11:59Z,20214,28190,48935
2026-08-23T16:12:01Z,20214,28190,48935
2026-08-23T16:12:03Z,20214,28190,48935
2026-08-23T16:12:06Z,20214,28190,48935
2026-08-23T16:12:08Z,20214,28190,48935
2026-08-23T16:12:10Z,20214,28190,48935
2026-08-23T16:12:12Z,20214,28190,48935
2026-08-23T16:12:14Z,20214,28190,48935
2026-08-23T16:12:16Z,20214,28190,48935
2026-08-23T16:12:18Z,20214,28190,48935
2026-08-23T16:12:20Z,20214,28190,48935
2026-08-23T16:12:22Z,20214,28190,48935
2026-08-23T16:12:24Z,20214,28190,48935
2026-08-23T16:12:26Z,20214,28190,48935
2026-08-23T16:12:28Z,20214,28190,48935
2026-08-23T16:12:30Z,20214,28190,48935
2026-08-23T16:12:32Z,20214,28190,48935
2026-08-23T16:12:34Z,20214,28190,48935
2026-08-23T16:12:36Z,20214,28190,48935
2026-08-23T16:12:38Z,20214,28190,48935
2026-08-23T16:12:40Z,20214,28190,48935
2026-08-23T16:12:42Z,20214,28190,48935
2026-08-23T16:12:44Z,20214,28190,48935
2026-08-23T16:12:46Z,20214,28190,48935
2026-08-23T16:12:48Z,20214,28190,48935
2026-08-23T16:12:50Z,20214,28190,48935
2026-08-23T16:12:52Z,20214,28190,48935
2026-08-23T16:12:54Z,20214,28190,48935
2026-08-23T16:12:56Z,20214,28190,48935
2026-08-23T16:12:58Z,20214,28190,48935
2026-08-23T16:13:00Z,20214,28190,48935
2026-08-23T16:13:02Z,20214,28190,48935
2026-08-23T16:13:04Z,20214,28190,48935
2026-08-23T16:13:06Z,20214,28190,48935
2026-08-23T16:13:08Z,20214,28190,48935
2026-08-23T16:13:10Z,20214,28190,48935
2026-08-23T16:13:12Z,20214,28190,48935
2026-08-23T16:13:14Z,20214,28190,48935
2026-08-23T16:13:16Z,20214,28190,48935
2026-08-23T16:13:18Z,20214,28190,48935
2026-08-23T16:13:20Z,20214,28190,48935
2026-08-23T16:13:22Z,20214,28190,48935
2026-08-23T16:13:24Z,20214,28190,48935
2026-08-23T16:13:26Z,20214,28190,48935
2026-08-23T16:13:28Z,20214,28190,48935
2026-08-23T16:13:31Z,20214,28190,48935
2026-08-23T16:13:33Z,20214,28190,48935
2026-08-23T16:13:35Z,20214,28190,48935
2026-08-23T16:13:37Z,20214,28190,48935
2026-08-23T16:13:39Z,20214,28190,48935
2026-08-23T16:13:41Z,20214,28190,48935
2026-08-23T16:13:43Z,20214,28190,48935
2026-08-23T16:13:45Z,20214,28190,48935
2026-08-23T16:13:47Z,20214,28190,48935
2026-08-23T16:13:49Z,20214,28190,48935
2026-08-23T16:13:51Z,20214,28190,48935
2026-08-23T16:13:53Z,20214,28190,48935
2026-08-23T16:13:55Z,20214,28190,48935
2026-08-23T16:13:57Z,20214,28190,48935
2026-08-23T16:13:59Z,20214,28190,48935
2026-08-23T16:14:01Z,20214,28190,48935
2026-08-23T16:14:03Z,20214,28190,48935
2026-08-23T16:14:05Z,20214,28190,48935
2026-08-23T16:14:07Z,20214,28190,48935
2026-08-23T16:14:09Z,20214,28190,48935
2026-08-23T16:14:11Z,20214,28190,48935
2026-08-23T16:14:13Z,20214,28190,48935
2026-08-23T16:14:15Z,20214,28190,48935
2026-08-23T16:14:17Z,20214,28190,48935
2026-08-23T16:14:19Z,20214,28190,48935
2026-08-23T16:14:21Z,20214,28190,48935
2026-08-23T16:14:23Z,20214,28190,48935
2026-08-23T16:14:25Z,20214,28190,48935
2026-08-23T16:14:27Z,20214,28190,48935
2026-08-23T16:14:29Z,20214,28190,48935
2026-08-23T16:14:31Z,20214,28190,48935
2026-08-23T16:14:33Z,20214,28190,48935
2026-08-23T16:14:35Z,20214,28190,48935
2026-08-23T16:14:37Z,20214,28190,48935
2026-08-23T16:14:39Z,20214,28190,48935
2026-08-23T16:14:41Z,20214,28190,48935
2026-08-23T16:14:43Z,20214,28190,48935
2026-08-23T16:14:45Z,20214,28190,48935
2026-08-23T16:14:47Z,20214,28190,48935
2026-08-23T16:14:49Z,17059,31345,48935
2026-08-23T16:14:51Z,17398,31006,48935
2026-08-23T16:14:54Z,20214,28190,48935
2026-08-23T16:14:56Z,20214,28190,48935
2026-08-23T16:14:58Z,20214,28190,48935
2026-08-23T16:15:00Z,20214,28190,48935
2026-08-23T16:15:02Z,17059,31345,48935
2026-08-23T16:15:04Z,17398,31006,48935
2026-08-23T16:15:06Z,20214,28190,48935
2026-08-23T16:15:08Z,20214,28190,48935
2026-08-23T16:15:10Z,20214,28190,48935
2026-08-23T16:15:12Z,20214,28190,48935
2026-08-23T16:15:14Z,20214,28190,48935
2026-08-23T16:15:16Z,20214,28190,48935
2026-08-23T16:15:18Z,20214,28190,48935
2026-08-23T16:15:20Z,20214,28190,48935
2026-08-23T16:15:22Z,20214,28190,48935
2026-08-23T16:15:24Z,20214,28190,48935
2026-08-23T16:15:26Z,20214,28190,48935
2026-08-23T16:15:28Z,20214,28190,48935
2026-08-23T16:15:30Z,20214,28190,48935
2026-08-23T16:15:32Z,20214,28190,48935
2026-08-23T16:15:34Z,20214,28190,48935
2026-08-23T16:15:36Z,20214,28190,48935
2026-08-23T16:15:38Z,20214,28190,48935
2026-08-23T16:15:40Z,20214,28190,48935
2026-08-23T16:15:42Z,20214,28190,48935
2026-08-23T16:15:44Z,20214,28190,48935
2026-08-23T16:15:46Z,20214,28190,48935
2026-08-23T16:15:48Z,20214,28190,48935
2026-08-23T16:15:50Z,20214,28190,48935
2026-08-23T16:15:52Z,20214,28190,48935
2026-08-23T16:15:54Z,20214,28190,48935
2026-08-23T16:15:56Z,20214,28190,48935
2026-08-23T16:15:58Z,20214,28190,48935
2026-08-23T16:16:00Z,20214,28190,48935
2026-08-23T16:16:02Z,20214,28190,48935
2026-08-23T16:16:04Z,20214,28190,48935
2026-08-23T16:16:06Z,20214,28190,48935
2026-08-23T16:16:08Z,20214,28190,48935
2026-08-23T16:16:10Z,20214,28190,48935
2026-08-23T16:16:12Z,20214,28190,48935
2026-08-23T16:16:14Z,20214,28190,48935
2026-08-23T16:16:16Z,20214,28190,48935
2026-08-23T16:16:19Z,20214,28190,48935
2026-08-23T16:16:21Z,20214,28190,48935
2026-08-23T16:16:23Z,20214,28190,48935
2026-08-23T16:16:25Z,20214,28190,48935
2026-08-23T16:16:27Z,20214,28190,48935
2026-08-23T16:16:29Z,20214,28190,48935
2026-08-23T16:16:31Z,20214,28190,48935
2026-08-23T16:16:33Z,20214,28190,48935
2026-08-23T16:16:35Z,20214,28190,48935
2026-08-23T16:16:37Z,20214,28190,48935
2026-08-23T16:16:39Z,20214,28190,48935
2026-08-23T16:16:41Z,20214,28190,48935
2026-08-23T16:16:43Z,20214,28190,48935
2026-08-23T16:16:45Z,20214,28190,48935
2026-08-23T16:16:47Z,20214,28190,48935
2026-08-23T16:16:49Z,20214,28190,48935
2026-08-23T16:16:51Z,20214,28190,48935
2026-08-23T16:16:53Z,20214,28190,48935
2026-08-23T16:16:55Z,20214,28190,48935
2026-08-23T16:16:57Z,20214,28190,48935
2026-08-23T16:16:59Z,20214,28190,48935
2026-08-23T16:17:01Z,20214,28190,48935
2026-08-23T16:17:03Z,20214,28190,48935
2026-08-23T16:17:05Z,20214,28190,48935
2026-08-23T16:17:07Z,20214,28190,48935
2026-08-23T16:17:09Z,20214,28190,48935
2026-08-23T16:17:11Z,20214,28190,48935
2026-08-23T16:17:13Z,20214,28190,48935
2026-08-23T16:17:15Z,20214,28190,48935
2026-08-23T16:17:17Z,20214,28190,48935
2026-08-23T16:17:19Z,20214,28190,48935
2026-08-23T16:17:21Z,20214,28190,48935
2026-08-23T16:17:23Z,20214,28190,48935
2026-08-23T16:17:25Z,20214,28190,48935
2026-08-23T16:17:27Z,20214,28190,48935
2026-08-23T16:17:29Z,20214,28190,48935
2026-08-23T16:17:31Z,20214,28190,48935
2026-08-23T16:17:33Z,20214,28190,48935
2026-08-23T16:17:35Z,20214,28190,48935
2026-08-23T16:17:37Z,20214,28190,48935
2026-08-23T16:17:39Z,20214,28190,48935
2026-08-23T16:17:42Z,20214,28190,48935
2026-08-23T16:17:44Z,20214,28190,48935
2026-08-23T16:17:46Z,20214,28190,48935
2026-08-23T16:17:48Z,20214,28190,48935
2026-08-23T16:17:50Z,20214,28190,48935
2026-08-23T16:17:52Z,20214,28190,48935
2026-08-23T16:17:54Z,20214,28190,48935
2026-08-23T16:17:56Z,20214,28190,48935
2026-08-23T16:17:58Z,20214,28190,48935
2026-08-23T16:18:00Z,20214,28190,48935
2026-08-23T16:18:02Z,20214,28190,48935
2026-08-23T16:18:04Z,20214,28190,48935
2026-08-23T16:18:06Z,20214,28190,48935
2026-08-23T16:18:08Z,20214,28190,48935
2026-08-23T16:18:10Z,20214,28190,48935
2026-08-23T16:18:12Z,20214,28190,48935
2026-08-23T16:18:14Z,20214,28190,48935
2026-08-23T16:18:16Z,20214,28190,48935
2026-08-23T16:18:18Z,20214,28190,48935
2026-08-23T16:18:20Z,20214,28190,48935
2026-08-23T16:18:22Z,20214,28190,48935
2026-08-23T16:18:24Z,20214,28190,48935
2026-08-23T16:18:26Z,20214,28190,48935
2026-08-23T16:18:28Z,20214,28190,48935
2026-08-23T16:18:30Z,20214,28190,48935
2026-08-23T16:18:32Z,20214,28190,48935
2026-08-23T16:18:34Z,20214,28190,48935
2026-08-23T16:18:36Z,20214,28190,48935
2026-08-23T16:18:38Z,20214,28190,48935
2026-08-23T16:18:40Z,20214,28190,48935
2026-08-23T16:18:42Z,20214,28190,48935
2026-08-23T16:18:44Z,20214,28190,48935
2026-08-23T16:18:46Z,20214,28190,48935
2026-08-23T16:18:48Z,20214,28190,48935
2026-08-23T16:18:50Z,20214,28190,48935
2026-08-23T16:18:52Z,20214,28190,48935
2026-08-23T16:18:54Z,20214,28190,48935
2026-08-23T16:18:56Z,20214,28190,48935
2026-08-23T16:18:58Z,20214,28190,48935
2026-08-23T16:19:00Z,20214,28190,48935
2026-08-23T16:19:02Z,20214,28190,48935
2026-08-23T16:19:04Z,20214,28190,48935
2026-08-23T16:19:07Z,20214,28190,48935
2026-08-23T16:19:09Z,20214,28190,48935
2026-08-23T16:19:11Z,20214,28190,48935
2026-08-23T16:19:13Z,20214,28190,48935
2026-08-23T16:19:15Z,20214,28190,48935
2026-08-23T16:19:17Z,20214,28190,48935
2026-08-23T16:19:19Z,20214,28190,48935
2026-08-23T16:19:21Z,20214,28190,48935
2026-08-23T16:19:23Z,20214,28190,48935
2026-08-23T16:19:25Z,20214,28190,48935
2026-08-23T16:19:27Z,20214,28190,48935
2026-08-23T16:19:29Z,20214,28190,48935
2026-08-23T16:19:31Z,20214,28190,48935
2026-08-23T16:19:33Z,20214,28190,48935
2026-08-23T16:19:35Z,20214,28190,48935
2026-08-23T16:19:37Z,20214,28190,48935
2026-08-23T16:19:39Z,20214,28190,48935
2026-08-23T16:19:41Z,20214,28190,48935
2026-08-23T16:19:43Z,20214,28190,48935
2026-08-23T16:19:45Z,20214,28190,48935
2026-08-23T16:19:47Z,20214,28190,48935
2026-08-23T16:19:49Z,20214,28190,48935
2026-08-23T16:19:51Z,20214,28190,48935
2026-08-23T16:19:53Z,20214,28190,48935
2026-08-23T16:19:55Z,20214,28190,48935
2026-08-23T16:19:57Z,20214,28190,48935
2026-08-23T16:19:59Z,20214,28190,48935
2026-08-23T16:20:01Z,20214,28190,48935
2026-08-23T16:20:03Z,20214,28190,48935
2026-08-23T16:20:05Z,20214,28190,48935
2026-08-23T16:20:07Z,20214,28190,48935
2026-08-23T16:20:09Z,20214,28190,48935
2026-08-23T16:20:11Z,20214,28190,48935
2026-08-23T16:20:13Z,20214,28190,48935
2026-08-23T16:20:15Z,20214,28190,48935
2026-08-23T16:20:17Z,20214,28190,48935
2026-08-23T16:20:19Z,20214,28190,48935
2026-08-23T16:20:21Z,20214,28190,48935
2026-08-23T16:20:23Z,20214,28190,48935
2026-08-23T16:20:25Z,20214,28190,48935
2026-08-23T16:20:27Z,20214,28190,48935
2026-08-23T16:20:30Z,20214,28190,48935
2026-08-23T16:20:32Z,20214,28190,48935
2026-08-23T16:20:34Z,20214,28190,48935
2026-08-23T16:20:36Z,20214,28190,48935
2026-08-23T16:20:38Z,20214,28190,48935
2026-08-23T16:20:40Z,20214,28190,48935
2026-08-23T16:20:42Z,20214,28190,48935
2026-08-23T16:20:44Z,20214,28190,48935
2026-08-23T16:20:46Z,20214,28190,48935
2026-08-23T16:20:48Z,20214,28190,48935
2026-08-23T16:20:50Z,20214,28190,48935
2026-08-23T16:20:52Z,20214,28190,48935
2026-08-23T16:20:54Z,20214,28190,48935
2026-08-23T16:20:56Z,20214,28190,48935
2026-08-23T16:20:58Z,20214,28190,48935
2026-08-23T16:21:00Z,20214,28190,48935
2026-08-23T16:21:02Z,20214,28190,48935
2026-08-23T16:21:04Z,20214,28190,48935
2026-08-23T16:21:06Z,20214,28190,48935
2026-08-23T16:21:08Z,20214,28190,48935
2026-08-23T16:21:10Z,20214,28190,48935
2026-08-23T16:21:12Z,20214,28190,48935
2026-08-23T16:21:14Z,20214,28190,48935
2026-08-23T16:21:16Z,20214,28190,48935
2026-08-23T16:21:18Z,20214,28190,48935
2026-08-23T16:21:20Z,17059,31345,48935
2026-08-23T16:21:22Z,17398,31006,48935
2026-08-23T16:21:24Z,20214,28190,48935
2026-08-23T16:21:26Z,20214,28190,48935
2026-08-23T16:21:28Z,20214,28190,48935
2026-08-23T16:21:30Z,20214,28190,48935
2026-08-23T16:21:32Z,20214,28190,48935
2026-08-23T16:21:34Z,20214,28190,48935
2026-08-23T16:21:36Z,20214,28190,48935
2026-08-23T16:21:38Z,20214,28190,48935
2026-08-23T16:21:40Z,20214,28190,48935
2026-08-23T16:21:42Z,20214,28190,48935
2026-08-23T16:21:44Z,20214,28190,48935
2026-08-23T16:21:46Z,20214,28190,48935
2026-08-23T16:21:49Z,20214,28190,48935
2026-08-23T16:21:51Z,20214,28190,48935
2026-08-23T16:21:53Z,20214,28190,48935
2026-08-23T16:21:55Z,20214,28190,48935
2026-08-23T16:21:57Z,20214,28190,48935
2026-08-23T16:21:59Z,20214,28190,48935
2026-08-23T16:22:01Z,20214,28190,48935
2026-08-23T16:22:03Z,20214,28190,48935
2026-08-23T16:22:05Z,20214,28190,48935
2026-08-23T16:22:07Z,20214,28190,48935
2026-08-23T16:22:09Z,20214,28190,48935
2026-08-23T16:22:11Z,20214,28190,48935
2026-08-23T16:22:13Z,20214,28190,48935
2026-08-23T16:22:15Z,20214,28190,48935
2026-08-23T16:22:17Z,20214,28190,48935
2026-08-23T16:22:19Z,20214,28190,48935
2026-08-23T16:22:21Z,20214,28190,48935
2026-08-23T16:22:23Z,20214,28190,48935
2026-08-23T16:22:25Z,20214,28190,48935
2026-08-23T16:22:27Z,20214,28190,48935
2026-08-23T16:22:29Z,20214,28190,48935
2026-08-23T16:22:31Z,20214,28190,48935
2026-08-23T16:22:33Z,20214,28190,48935
2026-08-23T16:22:35Z,20214,28190,48935
2026-08-23T16:22:37Z,20214,28190,48935
2026-08-23T16:22:39Z,20214,28190,48935
2026-08-23T16:22:41Z,20214,28190,48935
2026-08-23T16:22:43Z,20214,28190,48935
2026-08-23T16:22:45Z,20214,28190,48935
2026-08-23T16:22:47Z,20214,28190,48935
2026-08-23T16:22:49Z,20214,28190,48935
2026-08-23T16:22:51Z,20214,28190,48935
2026-08-23T16:22:53Z,20214,28190,48935
2026-08-23T16:22:55Z,20214,28190,48935
2026-08-23T16:22:57Z,20214,28190,48935
2026-08-23T16:22:59Z,20214,28190,48935
2026-08-23T16:23:01Z,20214,28190,48935
2026-08-23T16:23:03Z,20214,28190,48935
2026-08-23T16:23:05Z,20214,28190,48935
2026-08-23T16:23:07Z,20214,28190,48935
2026-08-23T16:23:09Z,20214,28190,48935
2026-08-23T16:23:11Z,20214,28190,48935
2026-08-23T16:23:14Z,20214,28190,48935
2026-08-23T16:23:16Z,20214,28190,48935
2026-08-23T16:23:18Z,20214,28190,48935
2026-08-23T16:23:20Z,20214,28190,48935
2026-08-23T16:23:22Z,20214,28190,48935
2026-08-23T16:23:24Z,20214,28190,48935
2026-08-23T16:23:26Z,20214,28190,48935
2026-08-23T16:23:28Z,20214,28190,48935
2026-08-23T16:23:30Z,20214,28190,48935
2026-08-23T16:23:32Z,20214,28190,48935
2026-08-23T16:23:34Z,20214,28190,48935
2026-08-23T16:23:36Z,20214,28190,48935
2026-08-23T16:23:38Z,20214,28190,48935
2026-08-23T16:23:40Z,20214,28190,48935
2026-08-23T16:23:42Z,20214,28190,48935
2026-08-23T16:23:44Z,20214,28190,48935
2026-08-23T16:23:46Z,20214,28190,48935
2026-08-23T16:23:48Z,20214,28190,48935
2026-08-23T16:23:50Z,20214,28190,48935
2026-08-23T16:23:52Z,17059,31345,48935
2026-08-23T16:23:54Z,20214,28190,48935
2026-08-23T16:23:56Z,20214,28190,48935
2026-08-23T16:23:58Z,20214,28190,48935
2026-08-23T16:24:00Z,20214,28190,48935
2026-08-23T16:24:02Z,20214,28190,48935
2026-08-23T16:24:04Z,20214,28190,48935
2026-08-23T16:24:06Z,20214,28190,48935
2026-08-23T16:24:08Z,20214,28190,48935
2026-08-23T16:24:10Z,20214,28190,48935
2026-08-23T16:24:12Z,20214,28190,48935
2026-08-23T16:24:14Z,20214,28190,48935
2026-08-23T16:24:16Z,20214,28190,48935
2026-08-23T16:24:18Z,20214,28190,48935
2026-08-23T16:24:20Z,20214,28190,48935
2026-08-23T16:24:22Z,20214,28190,48935
2026-08-23T16:24:24Z,20214,28190,48935
2026-08-23T16:24:26Z,20214,28190,48935
2026-08-23T16:24:28Z,20214,28190,48935
2026-08-23T16:24:30Z,20214,28190,48935
2026-08-23T16:24:32Z,20214,28190,48935
2026-08-23T16:24:34Z,20214,28190,48935
2026-08-23T16:24:37Z,20214,28190,48935
2026-08-23T16:24:39Z,20214,28190,48935
2026-08-23T16:24:41Z,20214,28190,48935
2026-08-23T16:24:43Z,20214,28190,48935
2026-08-23T16:24:45Z,20214,28190,48935
2026-08-23T16:24:47Z,20214,28190,48935
2026-08-23T16:24:49Z,20214,28190,48935
2026-08-23T16:24:51Z,20214,28190,48935
2026-08-23T16:24:53Z,20214,28190,48935
2026-08-23T16:24:55Z,20214,28190,48935
2026-08-23T16:24:57Z,20214,28190,48935
2026-08-23T16:24:59Z,20214,28190,48935
2026-08-23T16:25:01Z,20214,28190,48935
2026-08-23T16:25:03Z,20214,28190,48935
2026-08-23T16:25:05Z,20214,28190,48935
2026-08-23T16:25:07Z,20214,28190,48935
2026-08-23T16:25:09Z,20214,28190,48935
2026-08-23T16:25:11Z,20214,28190,48935
2026-08-23T16:25:13Z,20214,28190,48935
2026-08-23T16:25:15Z,20214,28190,48935
2026-08-23T16:25:17Z,20214,28190,48935
2026-08-23T16:25:19Z,20214,28190,48935
2026-08-23T16:25:21Z,20214,28190,48935
2026-08-23T16:25:23Z,20214,28190,48935
2026-08-23T16:25:25Z,20214,28190,48935
2026-08-23T16:25:27Z,20214,28190,48935
2026-08-23T16:25:29Z,20214,28190,48935
2026-08-23T16:25:31Z,20214,28190,48935
2026-08-23T16:25:33Z,20214,28190,48935
2026-08-23T16:25:35Z,20214,28190,48935
2026-08-23T16:25:37Z,20214,28190,48935
2026-08-23T16:25:39Z,20214,28190,48935
2026-08-23T16:25:41Z,20214,28190,48935
2026-08-23T16:25:43Z,20214,28190,48935
2026-08-23T16:25:45Z,20214,28190,48935
2026-08-23T16:25:47Z,20214,28190,48935
2026-08-23T16:25:49Z,20214,28190,48935
2026-08-23T16:25:51Z,20214,28190,48935
2026-08-23T16:25:53Z,20214,28190,48935
2026-08-23T16:25:55Z,20214,28190,48935
2026-08-23T16:25:57Z,20214,28190,48935
2026-08-23T16:25:59Z,20214,28190,48935
2026-08-23T16:26:02Z,20214,28190,48935
2026-08-23T16:26:04Z,20214,28190,48935
2026-08-23T16:26:06Z,20214,28190,48935
2026-08-23T16:26:08Z,20214,28190,48935
2026-08-23T16:26:10Z,20214,28190,48935
2026-08-23T16:26:12Z,20214,28190,48935
2026-08-23T16:26:14Z,20214,28190,48935
2026-08-23T16:26:16Z,20214,28190,48935
2026-08-23T16:26:18Z,20214,28190,48935
2026-08-23T16:26:20Z,20214,28190,48935
2026-08-23T16:26:22Z,20214,28190,48935
2026-08-23T16:26:24Z,20214,28190,48935
2026-08-23T16:26:26Z,20214,28190,48935
2026-08-23T16:26:28Z,20214,28190,48935
2026-08-23T16:26:30Z,20214,28190,48935
2026-08-23T16:26:32Z,20214,28190,48935
2026-08-23T16:26:34Z,20214,28190,48935
2026-08-23T16:26:36Z,20214,28190,48935
2026-08-23T16:26:38Z,20214,28190,48935
2026-08-23T16:26:40Z,20214,28190,48935
2026-08-23T16:26:42Z,20214,28190,48935
2026-08-23T16:26:44Z,20214,28190,48935
2026-08-23T16:26:46Z,20214,28190,48935
2026-08-23T16:26:48Z,20214,28190,48935
2026-08-23T16:26:50Z,20214,28190,48935
2026-08-23T16:26:52Z,20214,28190,48935
2026-08-23T16:26:54Z,20214,28190,48935
2026-08-23T16:26:56Z,20214,28190,48935
2026-08-23T16:26:58Z,20214,28190,48935
2026-08-23T16:27:00Z,20214,28190,48935
2026-08-23T16:27:02Z,20214,28190,48935
2026-08-23T16:27:04Z,20214,28190,48935
2026-08-23T16:27:06Z,20214,28190,48935
2026-08-23T16:27:08Z,20214,28190,48935
2026-08-23T16:27:10Z,20214,28190,48935
2026-08-23T16:27:12Z,20214,28190,48935
2026-08-23T16:27:14Z,20214,28190,48935
2026-08-23T16:27:16Z,20214,28190,48935
2026-08-23T16:27:18Z,20214,28190,48935
2026-08-23T16:27:20Z,20214,28190,48935
2026-08-23T16:27:22Z,20214,28190,48935
2026-08-23T16:27:25Z,20214,28190,48935
2026-08-23T16:27:27Z,20214,28190,48935
2026-08-23T16:27:29Z,20214,28190,48935
2026-08-23T16:27:31Z,20214,28190,48935
2026-08-23T16:27:33Z,20214,28190,48935
2026-08-23T16:27:35Z,20214,28190,48935
2026-08-23T16:27:37Z,20214,28190,48935
2026-08-23T16:27:39Z,20214,28190,48935
2026-08-23T16:27:41Z,20214,28190,48935
2026-08-23T16:27:43Z,20214,28190,48935
2026-08-23T16:27:45Z,20214,28190,48935
2026-08-23T16:27:47Z,20214,28190,48935
2026-08-23T16:27:49Z,20214,28190,48935
2026-08-23T16:27:51Z,20214,28190,48935
2026-08-23T16:27:53Z,20214,28190,48935
2026-08-23T16:27:55Z,20214,28190,48935
2026-08-23T16:27:57Z,20214,28190,48935
2026-08-23T16:27:59Z,20214,28190,48935
2026-08-23T16:28:01Z,20214,28190,48935
2026-08-23T16:28:03Z,20214,28190,48935
2026-08-23T16:28:05Z,20214,28190,48935
2026-08-23T16:28:07Z,20214,28190,48935
2026-08-23T16:28:09Z,20214,28190,48935
2026-08-23T16:28:11Z,20214,28190,48935
2026-08-23T16:28:13Z,20214,28190,48935
2026-08-23T16:28:15Z,20214,28190,48935
2026-08-23T16:28:17Z,20214,28190,48935
2026-08-23T16:28:19Z,17398,31006,48935
2026-08-23T16:28:21Z,20214,28190,48935
2026-08-23T16:28:23Z,20214,28190,48935
2026-08-23T16:28:25Z,20214,28190,48935
2026-08-23T16:28:27Z,20214,28190,48935
2026-08-23T16:28:29Z,20214,28190,48935
2026-08-23T16:28:31Z,20214,28190,48935
2026-08-23T16:28:33Z,20214,28190,48935
2026-08-23T16:28:35Z,20214,28190,48935
2026-08-23T16:28:37Z,20214,28190,48935
2026-08-23T16:28:39Z,20214,28190,48935
2026-08-23T16:28:41Z,20214,28190,48935
2026-08-23T16:28:43Z,20214,28190,48935
2026-08-23T16:28:45Z,20214,28190,48935
2026-08-23T16:28:47Z,20214,28190,48935
2026-08-23T16:28:50Z,20214,28190,48935
2026-08-23T16:28:52Z,20214,28190,48935
2026-08-23T16:28:54Z,20214,28190,48935
2026-08-23T16:28:56Z,20214,28190,48935
2026-08-23T16:28:58Z,20214,28190,48935
2026-08-23T16:29:00Z,20214,28190,48935
2026-08-23T16:29:02Z,20214,28190,48935
2026-08-23T16:29:04Z,20214,28190,48935
2026-08-23T16:29:06Z,20214,28190,48935
2026-08-23T16:29:08Z,20214,28190,48935
2026-08-23T16:29:10Z,20214,28190,48935
2026-08-23T16:29:12Z,20214,28190,48935
2026-08-23T16:29:14Z,20214,28190,48935
2026-08-23T16:29:16Z,20214,28190,48935
2026-08-23T16:29:18Z,20214,28190,48935
2026-08-23T16:29:20Z,20214,28190,48935
2026-08-23T16:29:22Z,17059,31345,48935
2026-08-23T16:29:24Z,20214,28190,48935
2026-08-23T16:29:26Z,20214,28190,48935
2026-08-23T16:29:28Z,20214,28190,48935
2026-08-23T16:29:30Z,20214,28190,48935
2026-08-23T16:29:32Z,20214,28190,48935
2026-08-23T16:29:34Z,20214,28190,48935
2026-08-23T16:29:36Z,20214,28190,48935
2026-08-23T16:29:38Z,20214,28190,48935
2026-08-23T16:29:40Z,20214,28190,48935
2026-08-23T16:29:42Z,20214,28190,48935
2026-08-23T16:29:44Z,20214,28190,48935
2026-08-23T16:29:46Z,20214,28190,48935
2026-08-23T16:29:48Z,20214,28190,48935
2026-08-23T16:29:50Z,20214,28190,48935
2026-08-23T16:29:52Z,20214,28190,48935
2026-08-23T16:29:54Z,20214,28190,48935
2026-08-23T16:29:56Z,20214,28190,48935
2026-08-23T16:29:58Z,20214,28190,48935
2026-08-23T16:30:00Z,20214,28190,48935
2026-08-23T16:30:02Z,20214,28190,48935
2026-08-23T16:30:04Z,20214,28190,48935
2026-08-23T16:30:06Z,20214,28190,48935
2026-08-23T16:30:08Z,20214,28190,48935
2026-08-23T16:30:10Z,20214,28190,48935
2026-08-23T16:30:12Z,20214,28190,48935
2026-08-23T16:30:15Z,20214,28190,48935
2026-08-23T16:30:17Z,20214,28190,48935
2026-08-23T16:30:19Z,20214,28190,48935
2026-08-23T16:30:21Z,20214,28190,48935
2026-08-23T16:30:23Z,20214,28190,48935
2026-08-23T16:30:25Z,20214,28190,48935
2026-08-23T16:30:27Z,20214,28190,48935
2026-08-23T16:30:29Z,20214,28190,48935
2026-08-23T16:30:31Z,20214,28190,48935
2026-08-23T16:30:33Z,20214,28190,48935
2026-08-23T16:30:35Z,20214,28190,48935
2026-08-23T16:30:37Z,20214,28190,48935
2026-08-23T16:30:39Z,20214,28190,48935
2026-08-23T16:30:41Z,20214,28190,48935
2026-08-23T16:30:43Z,20214,28190,48935
2026-08-23T16:30:45Z,20214,28190,48935
2026-08-23T16:30:47Z,20214,28190,48935
2026-08-23T16:30:49Z,20214,28190,48935
2026-08-23T16:30:51Z,20214,28190,48935
2026-08-23T16:30:53Z,20214,28190,48935
2026-08-23T16:30:55Z,20214,28190,48935
2026-08-23T16:30:57Z,20214,28190,48935
2026-08-23T16:30:59Z,20214,28190,48935
2026-08-23T16:31:01Z,20214,28190,48935
2026-08-23T16:31:03Z,20214,28190,48935
2026-08-23T16:31:05Z,20214,28190,48935
2026-08-23T16:31:07Z,20214,28190,48935
2026-08-23T16:31:09Z,20214,28190,48935
2026-08-23T16:31:11Z,20214,28190,48935
2026-08-23T16:31:13Z,20214,28190,48935
2026-08-23T16:31:15Z,20214,28190,48935
2026-08-23T16:31:17Z,20214,28190,48935
2026-08-23T16:31:19Z,20214,28190,48935
2026-08-23T16:31:21Z,20214,28190,48935
2026-08-23T16:31:23Z,20214,28190,48935
2026-08-23T16:31:25Z,20214,28190,48935
2026-08-23T16:31:27Z,20214,28190,48935
2026-08-23T16:31:29Z,20214,28190,48935
2026-08-23T16:31:31Z,20214,28190,48935
2026-08-23T16:31:33Z,20214,28190,48935
2026-08-23T16:31:35Z,20214,28190,48935
2026-08-23T16:31:38Z,20214,28190,48935
2026-08-23T16:31:40Z,20214,28190,48935
2026-08-23T16:31:42Z,20214,28190,48935
2026-08-23T16:31:44Z,20214,28190,48935
2026-08-23T16:31:46Z,20214,28190,48935
2026-08-23T16:31:48Z,20214,28190,48935
2026-08-23T16:31:50Z,20214,28190,48935
2026-08-23T16:31:52Z,20214,28190,48935
2026-08-23T16:31:54Z,20214,28190,48935
2026-08-23T16:31:56Z,20214,28190,48935
2026-08-23T16:31:58Z,20214,28190,48935
2026-08-23T16:32:00Z,20214,28190,48935
2026-08-23T16:32:02Z,20214,28190,48935
2026-08-23T16:32:04Z,20214,28190,48935
2026-08-23T16:32:06Z,20214,28190,48935
2026-08-23T16:32:08Z,20214,28190,48935
2026-08-23T16:32:10Z,20214,28190,48935
2026-08-23T16:32:12Z,20214,28190,48935
2026-08-23T16:32:14Z,20214,28190,48935
2026-08-23T16:32:16Z,20214,28190,48935
2026-08-23T16:32:18Z,20214,28190,48935
2026-08-23T16:32:20Z,20214,28190,48935
2026-08-23T16:32:22Z,20214,28190,48935
2026-08-23T16:32:24Z,20214,28190,48935
2026-08-23T16:32:26Z,20214,28190,48935
2026-08-23T16:32:28Z,20214,28190,48935
2026-08-23T16:32:30Z,20214,28190,48935
2026-08-23T16:32:32Z,20214,28190,48935
2026-08-23T16:32:34Z,20214,28190,48935
2026-08-23T16:32:36Z,20214,28190,48935
2026-08-23T16:32:38Z,20214,28190,48935
2026-08-23T16:32:40Z,20214,28190,48935
2026-08-23T16:32:42Z,20214,28190,48935
2026-08-23T16:32:44Z,20214,28190,48935
2026-08-23T16:32:46Z,20214,28190,48935
2026-08-23T16:32:48Z,20214,28190,48935
2026-08-23T16:32:50Z,20214,28190,48935
2026-08-23T16:32:52Z,20214,28190,48935
2026-08-23T16:32:54Z,20214,28190,48935
2026-08-23T16:32:56Z,20214,28190,48935
2026-08-23T16:32:58Z,20214,28190,48935
2026-08-23T16:33:01Z,20214,28190,48935
2026-08-23T16:33:03Z,20214,28190,48935
2026-08-23T16:33:05Z,20214,28190,48935
2026-08-23T16:33:07Z,20214,28190,48935
2026-08-23T16:33:09Z,20214,28190,48935
2026-08-23T16:33:11Z,20214,28190,48935
2026-08-23T16:33:13Z,20214,28190,48935
2026-08-23T16:33:15Z,20214,28190,48935
2026-08-23T16:33:17Z,20214,28190,48935
2026-08-23T16:33:19Z,20214,28190,48935
2026-08-23T16:33:21Z,20214,28190,48935
2026-08-23T16:33:23Z,20214,28190,48935
2026-08-23T16:33:25Z,20214,28190,48935
2026-08-23T16:33:27Z,20214,28190,48935
2026-08-23T16:33:29Z,20214,28190,48935
2026-08-23T16:33:31Z,20214,28190,48935
2026-08-23T16:33:33Z,20214,28190,48935
2026-08-23T16:33:35Z,20214,28190,48935
2026-08-23T16:33:37Z,20214,28190,48935
2026-08-23T16:33:39Z,20214,28190,48935
2026-08-23T16:33:41Z,20214,28190,48935
2026-08-23T16:33:43Z,20214,28190,48935
2026-08-23T16:33:45Z,20214,28190,48935
2026-08-23T16:33:47Z,20214,28190,48935
2026-08-23T16:33:49Z,20214,28190,48935
2026-08-23T16:33:51Z,20214,28190,48935
2026-08-23T16:33:53Z,20214,28190,48935
2026-08-23T16:33:55Z,20214,28190,48935
2026-08-23T16:33:57Z,20214,28190,48935
2026-08-23T16:33:59Z,20214,28190,48935
2026-08-23T16:34:01Z,20214,28190,48935
2026-08-23T16:34:03Z,20214,28190,48935
2026-08-23T16:34:05Z,20214,28190,48935
2026-08-23T16:34:07Z,20214,28190,48935
2026-08-23T16:34:09Z,20214,28190,48935
2026-08-23T16:34:11Z,20214,28190,48935
2026-08-23T16:34:13Z,20214,28190,48935
2026-08-23T16:34:15Z,20214,28190,48935
2026-08-23T16:34:17Z,20214,28190,48935
2026-08-23T16:34:19Z,20214,28190,48935
2026-08-23T16:34:21Z,20214,28190,48935
2026-08-23T16:34:23Z,20214,28190,48935
2026-08-23T16:34:26Z,20214,28190,48935
2026-08-23T16:34:28Z,20214,28190,48935
2026-08-23T16:34:30Z,20214,28190,48935
2026-08-23T16:34:32Z,20214,28190,48935
2026-08-23T16:34:34Z,20214,28190,48935
2026-08-23T16:34:36Z,20214,28190,48935
2026-08-23T16:34:38Z,20214,28190,48935
2026-08-23T16:34:40Z,20214,28190,48935
2026-08-23T16:34:42Z,20214,28190,48935
2026-08-23T16:34:44Z,20214,28190,48935
2026-08-23T16:34:46Z,20214,28190,48935
2026-08-23T16:34:48Z,20214,28190,48935
2026-08-23T16:34:50Z,20214,28190,48935
2026-08-23T16:34:52Z,20214,28190,48935
2026-08-23T16:34:54Z,20214,28190,48935
2026-08-23T16:34:56Z,20214,28190,48935
2026-08-23T16:34:58Z,20214,28190,48935
2026-08-23T16:35:00Z,20214,28190,48935
2026-08-23T16:35:02Z,20214,28190,48935
2026-08-23T16:35:04Z,20214,28190,48935
2026-08-23T16:35:06Z,20214,28190,48935
2026-08-23T16:35:08Z,20214,28190,48935
2026-08-23T16:35:10Z,20214,28190,48935
2026-08-23T16:35:12Z,20214,28190,48935
2026-08-23T16:35:14Z,20214,28190,48935
2026-08-23T16:35:16Z,20214,28190,48935
2026-08-23T16:35:18Z,20214,28190,48935
2026-08-23T16:35:20Z,20214,28190,48935
2026-08-23T16:35:22Z,20214,28190,48935
2026-08-23T16:35:24Z,20214,28190,48935
2026-08-23T16:35:26Z,20214,28190,48935
2026-08-23T16:35:28Z,20214,28190,48935
2026-08-23T16:35:30Z,20214,28190,48935
2026-08-23T16:35:32Z,20214,28190,48935
2026-08-23T16:35:34Z,20214,28190,48935
2026-08-23T16:35:36Z,20214,28190,48935
2026-08-23T16:35:38Z,20214,28190,48935
2026-08-23T16:35:40Z,20214,28190,48935
2026-08-23T16:35:42Z,20214,28190,48935
2026-08-23T16:35:44Z,20214,28190,48935
2026-08-23T16:35:46Z,20214,28190,48935
2026-08-23T16:35:49Z,20214,28190,48935
2026-08-23T16:35:51Z,20214,28190,48935
2026-08-23T16:35:53Z,20214,28190,48935
2026-08-23T16:35:55Z,20214,28190,48935
2026-08-23T16:35:57Z,20214,28190,48935
2026-08-23T16:35:59Z,20214,28190,48935
2026-08-23T16:36:01Z,17059,31345,48935
2026-08-23T16:36:03Z,17398,31006,48935
2026-08-23T16:36:05Z,20214,28190,48935
2026-08-23T16:36:07Z,20214,28190,48935
2026-08-23T16:36:09Z,20214,28190,48935
2026-08-23T16:36:11Z,20214,28190,48935
2026-08-23T16:36:13Z,20214,28190,48935
2026-08-23T16:36:15Z,20214,28190,48935
2026-08-23T16:36:17Z,20214,28190,48935
2026-08-23T16:36:19Z,20214,28190,48935
2026-08-23T16:36:21Z,20214,28190,48935
2026-08-23T16:36:23Z,20214,28190,48935
2026-08-23T16:36:25Z,20214,28190,48935
2026-08-23T16:36:27Z,20214,28190,48935
2026-08-23T16:36:29Z,20214,28190,48935
2026-08-23T16:36:31Z,20214,28190,48935
2026-08-23T16:36:33Z,20214,28190,48935
2026-08-23T16:36:35Z,20214,28190,48935
2026-08-23T16:36:37Z,20214,28190,48935
2026-08-23T16:36:39Z,20214,28190,48935
2026-08-23T16:36:41Z,20214,28190,48935
2026-08-23T16:36:43Z,20214,28190,48935
2026-08-23T16:36:45Z,20214,28190,48935
2026-08-23T16:36:47Z,17398,31006,48935
2026-08-23T16:36:49Z,20214,28190,48935
2026-08-23T16:36:51Z,20214,28190,48935
2026-08-23T16:36:53Z,20214,28190,48935
2026-08-23T16:36:55Z,20214,28190,48935
2026-08-23T16:36:57Z,20214,28190,48935
2026-08-23T16:36:59Z,20214,28190,48935
2026-08-23T16:37:01Z,20214,28190,48935
2026-08-23T16:37:03Z,20214,28190,48935
2026-08-23T16:37:05Z,20214,28190,48935
2026-08-23T16:37:07Z,20214,28190,48935
2026-08-23T16:37:09Z,20214,28190,48935
2026-08-23T16:37:12Z,20214,28190,48935
2026-08-23T16:37:14Z,20214,28190,48935
2026-08-23T16:37:16Z,20214,28190,48935
2026-08-23T16:37:18Z,20214,28190,48935
2026-08-23T16:37:20Z,20214,28190,48935
2026-08-23T16:37:22Z,20214,28190,48935
2026-08-23T16:37:24Z,20214,28190,48935
2026-08-23T16:37:26Z,20214,28190,48935
2026-08-23T16:37:28Z,20214,28190,48935
2026-08-23T16:37:30Z,20214,28190,48935
2026-08-23T16:37:32Z,20214,28190,48935
2026-08-23T16:37:34Z,20214,28190,48935
2026-08-23T16:37:36Z,20214,28190,48935
2026-08-23T16:37:38Z,20214,28190,48935
2026-08-23T16:37:40Z,20214,28190,48935
2026-08-23T16:37:42Z,20214,28190,48935
2026-08-23T16:37:44Z,20214,28190,48935
2026-08-23T16:37:46Z,20214,28190,48935
2026-08-23T16:37:48Z,20214,28190,48935
2026-08-23T16:37:50Z,17059,31345,48935
2026-08-23T16:37:52Z,17398,31006,48935
2026-08-23T16:37:54Z,20214,28190,48935
2026-08-23T16:37:56Z,20214,28190,48935
2026-08-23T16:37:58Z,20214,28190,48935
2026-08-23T16:38:00Z,20214,28190,48935
2026-08-23T16:38:02Z,20214,28190,48935
2026-08-23T16:38:04Z,20214,28190,48935
2026-08-23T16:38:06Z,20214,28190,48935
2026-08-23T16:38:08Z,20214,28190,48935
2026-08-23T16:38:10Z,20214,28190,48935
2026-08-23T16:38:12Z,20214,28190,48935
2026-08-23T16:38:14Z,20214,28190,48935
2026-08-23T16:38:16Z,20214,28190,48935
2026-08-23T16:38:18Z,20214,28190,48935
2026-08-23T16:38:20Z,20214,28190,48935
2026-08-23T16:38:22Z,20214,28190,48935
2026-08-23T16:38:24Z,20214,28190,48935
2026-08-23T16:38:26Z,20214,28190,48935
2026-08-23T16:38:28Z,20214,28190,48935
2026-08-23T16:38:30Z,20214,28190,48935
2026-08-23T16:38:32Z,20214,28190,48935
2026-08-23T16:38:35Z,20214,28190,48935
2026-08-23T16:38:37Z,20214,28190,48935
2026-08-23T16:38:39Z,20214,28190,48935
2026-08-23T16:38:41Z,20214,28190,48935
2026-08-23T16:38:43Z,20214,28190,48935
2026-08-23T16:38:45Z,20214,28190,48935
2026-08-23T16:38:47Z,20214,28190,48935
2026-08-23T16:38:49Z,20214,28190,48935
2026-08-23T16:38:51Z,20214,28190,48935
2026-08-23T16:38:53Z,20214,28190,48935
2026-08-23T16:38:55Z,20214,28190,48935
2026-08-23T16:38:57Z,20214,28190,48935
2026-08-23T16:38:59Z,20214,28190,48935
2026-08-23T16:39:01Z,20214,28190,48935
2026-08-23T16:39:03Z,20214,28190,48935
2026-08-23T16:39:05Z,20214,28190,48935
2026-08-23T16:39:07Z,20214,28190,48935
2026-08-23T16:39:09Z,20214,28190,48935
2026-08-23T16:39:11Z,20214,28190,48935
2026-08-23T16:39:13Z,20214,28190,48935
2026-08-23T16:39:15Z,20214,28190,48935
2026-08-23T16:39:17Z,20214,28190,48935
2026-08-23T16:39:19Z,20214,28190,48935
2026-08-23T16:39:21Z,20214,28190,48935
2026-08-23T16:39:23Z,20214,28190,48935
2026-08-23T16:39:25Z,20214,28190,48935
2026-08-23T16:39:27Z,20214,28190,48935
2026-08-23T16:39:29Z,20214,28190,48935
2026-08-23T16:39:31Z,20214,28190,48935
2026-08-23T16:39:33Z,20214,28190,48935
2026-08-23T16:39:35Z,20214,28190,48935
2026-08-23T16:39:37Z,20214,28190,48935
2026-08-23T16:39:39Z,20214,28190,48935
2026-08-23T16:39:41Z,20214,28190,48935
2026-08-23T16:39:43Z,20214,28190,48935
2026-08-23T16:39:45Z,20214,28190,48935
2026-08-23T16:39:47Z,20214,28190,48935
2026-08-23T16:39:49Z,20214,28190,48935
2026-08-23T16:39:51Z,20214,28190,48935
2026-08-23T16:39:53Z,20214,28190,48935
2026-08-23T16:39:55Z,20214,28190,48935
2026-08-23T16:39:58Z,20214,28190,48935
2026-08-23T16:40:00Z,20214,28190,48935
2026-08-23T16:40:02Z,20214,28190,48935
2026-08-23T16:40:04Z,20214,28190,48935
2026-08-23T16:40:06Z,20214,28190,48935
2026-08-23T16:40:08Z,20214,28190,48935
2026-08-23T16:40:10Z,20214,28190,48935
2026-08-23T16:40:12Z,20214,28190,48935
2026-08-23T16:40:14Z,20214,28190,48935
2026-08-23T16:40:16Z,20214,28190,48935
2026-08-23T16:40:18Z,20214,28190,48935
2026-08-23T16:40:20Z,20214,28190,48935
2026-08-23T16:40:22Z,20214,28190,48935
2026-08-23T16:40:24Z,20214,28190,48935
2026-08-23T16:40:26Z,20214,28190,48935
2026-08-23T16:40:28Z,20214,28190,48935
2026-08-23T16:40:30Z,20214,28190,48935
2026-08-23T16:40:32Z,20214,28190,48935
2026-08-23T16:40:34Z,20214,28190,48935
2026-08-23T16:40:36Z,20214,28190,48935
2026-08-23T16:40:38Z,20214,28190,48935
2026-08-23T16:40:40Z,20214,28190,48935
2026-08-23T16:40:42Z,20214,28190,48935
2026-08-23T16:40:44Z,20214,28190,48935
2026-08-23T16:40:46Z,20214,28190,48935
2026-08-23T16:40:48Z,20214,28190,48935
2026-08-23T16:40:50Z,20214,28190,48935
2026-08-23T16:40:52Z,20214,28190,48935
2026-08-23T16:40:54Z,20214,28190,48935
2026-08-23T16:40:56Z,20214,28190,48935
2026-08-23T16:40:58Z,20214,28190,48935
2026-08-23T16:41:00Z,20214,28190,48935
2026-08-23T16:41:02Z,20214,28190,48935
2026-08-23T16:41:04Z,20214,28190,48935
2026-08-23T16:41:06Z,20214,28190,48935
2026-08-23T16:41:08Z,20214,28190,48935
2026-08-23T16:41:10Z,20214,28190,48935
2026-08-23T16:41:12Z,20214,28190,48935
2026-08-23T16:41:14Z,20214,28190,48935
2026-08-23T16:41:16Z,20214,28190,48935
2026-08-23T16:41:18Z,20214,28190,48935
2026-08-23T16:41:21Z,20214,28190,48935
2026-08-23T16:41:23Z,20214,28190,48935
2026-08-23T16:41:25Z,20214,28190,48935
2026-08-23T16:41:27Z,20214,28190,48935
2026-08-23T16:41:29Z,20214,28190,48935
2026-08-23T16:41:31Z,20214,28190,48935
2026-08-23T16:41:33Z,20214,28190,48935
2026-08-23T16:41:35Z,20214,28190,48935
2026-08-23T16:41:37Z,20214,28190,48935
2026-08-23T16:41:39Z,20214,28190,48935
2026-08-23T16:41:41Z,20214,28190,48935
2026-08-23T16:41:43Z,20214,28190,48935
2026-08-23T16:41:45Z,20214,28190,48935
2026-08-23T16:41:47Z,20214,28190,48935
2026-08-23T16:41:49Z,20214,28190,48935
2026-08-23T16:41:51Z,20214,28190,48935
2026-08-23T16:41:53Z,20214,28190,48935
2026-08-23T16:41:55Z,20214,28190,48935
2026-08-23T16:41:57Z,20214,28190,48935
2026-08-23T16:41:59Z,20214,28190,48935
2026-08-23T16:42:01Z,20214,28190,48935
2026-08-23T16:42:03Z,20214,28190,48935
2026-08-23T16:42:05Z,20214,28190,48935
2026-08-23T16:42:07Z,20214,28190,48935
2026-08-23T16:42:09Z,20214,28190,48935
2026-08-23T16:42:11Z,20214,28190,48935
2026-08-23T16:42:13Z,20214,28190,48935
2026-08-23T16:42:15Z,20214,28190,48935
2026-08-23T16:42:17Z,20214,28190,48935
2026-08-23T16:42:19Z,20214,28190,48935
2026-08-23T16:42:21Z,20214,28190,48935
2026-08-23T16:42:23Z,20214,28190,48935
2026-08-23T16:42:25Z,20214,28190,48935
2026-08-23T16:42:27Z,20214,28190,48935
2026-08-23T16:42:29Z,20214,28190,48935
2026-08-23T16:42:31Z,20214,28190,48935
2026-08-23T16:42:33Z,20214,28190,48935
2026-08-23T16:42:35Z,20214,28190,48935
2026-08-23T16:42:37Z,20214,28190,48935
2026-08-23T16:42:39Z,20214,28190,48935
2026-08-23T16:42:41Z,20214,28190,48935
2026-08-23T16:42:43Z,20214,28190,48935
2026-08-23T16:42:46Z,20214,28190,48935
2026-08-23T16:42:48Z,20214,28190,48935
2026-08-23T16:42:50Z,20214,28190,48935
2026-08-23T16:42:52Z,20214,28190,48935
2026-08-23T16:42:54Z,20214,28190,48935
2026-08-23T16:42:56Z,20214,28190,48935
2026-08-23T16:42:58Z,20214,28190,48935
2026-08-23T16:43:00Z,20214,28190,48935
2026-08-23T16:43:02Z,20214,28190,48935
2026-08-23T16:43:04Z,20214,28190,48935
2026-08-23T16:43:06Z,20214,28190,48935
2026-08-23T16:43:08Z,20214,28190,48935
2026-08-23T16:43:10Z,20214,28190,48935
2026-08-23T16:43:12Z,20214,28190,48935
2026-08-23T16:43:14Z,20214,28190,48935
2026-08-23T16:43:16Z,20214,28190,48935
2026-08-23T16:43:18Z,20214,28190,48935
2026-08-23T16:43:20Z,20214,28190,48935
2026-08-23T16:43:22Z,20214,28190,48935
2026-08-23T16:43:24Z,20214,28190,48935
2026-08-23T16:43:26Z,20214,28190,48935
2026-08-23T16:43:28Z,20214,28190,48935
2026-08-23T16:43:30Z,20214,28190,48935
2026-08-23T16:43:32Z,20214,28190,48935
2026-08-23T16:43:34Z,20214,28190,48935
2026-08-23T16:43:36Z,20214,28190,48935
2026-08-23T16:43:38Z,20214,28190,48935
2026-08-23T16:43:40Z,20214,28190,48935
2026-08-23T16:43:42Z,20214,28190,48935
2026-08-23T16:43:44Z,20214,28190,48935
2026-08-23T16:43:46Z,20214,28190,48935
2026-08-23T16:43:48Z,20214,28190,48935
2026-08-23T16:43:50Z,20214,28190,48935
2026-08-23T16:43:52Z,20214,28190,48935
2026-08-23T16:43:54Z,20214,28190,48935
2026-08-23T16:43:56Z,20214,28190,48935
2026-08-23T16:43:58Z,20214,28190,48935
2026-08-23T16:44:00Z,20214,28190,48935
2026-08-23T16:44:02Z,20214,28190,48935
2026-08-23T16:44:04Z,20214,28190,48935
2026-08-23T16:44:06Z,20214,28190,48935
2026-08-23T16:44:09Z,20214,28190,48935
2026-08-23T16:44:11Z,20214,28190,48935
2026-08-23T16:44:13Z,20214,28190,48935
2026-08-23T16:44:15Z,20214,28190,48935
2026-08-23T16:44:17Z,20214,28190,48935
2026-08-23T16:44:19Z,20214,28190,48935
2026-08-23T16:44:21Z,20214,28190,48935
2026-08-23T16:44:23Z,20214,28190,48935
2026-08-23T16:44:25Z,20214,28190,48935
2026-08-23T16:44:27Z,20214,28190,48935
2026-08-23T16:44:29Z,20214,28190,48935
2026-08-23T16:44:31Z,20214,28190,48935
2026-08-23T16:44:33Z,20214,28190,48935
2026-08-23T16:44:35Z,20214,28190,48935
2026-08-23T16:44:37Z,20214,28190,48935
2026-08-23T16:44:39Z,20214,28190,48935
2026-08-23T16:44:41Z,20214,28190,48935
2026-08-23T16:44:43Z,20214,28190,48935
2026-08-23T16:44:45Z,20214,28190,48935
2026-08-23T16:44:47Z,20214,28190,48935
2026-08-23T16:44:49Z,20214,28190,48935
2026-08-23T16:44:51Z,20214,28190,48935
2026-08-23T16:44:53Z,20214,28190,48935
2026-08-23T16:44:55Z,20214,28190,48935
2026-08-23T16:44:57Z,20214,28190,48935
2026-08-23T16:44:59Z,20214,28190,48935
2026-08-23T16:45:01Z,20214,28190,48935
2026-08-23T16:45:03Z,20214,28190,48935
2026-08-23T16:45:05Z,20214,28190,48935
2026-08-23T16:45:07Z,20214,28190,48935
2026-08-23T16:45:09Z,20214,28190,48935
2026-08-23T16:45:11Z,20214,28190,48935
2026-08-23T16:45:13Z,20214,28190,48935
2026-08-23T16:45:15Z,20214,28190,48935
2026-08-23T16:45:17Z,20214,28190,48935
2026-08-23T16:45:19Z,20214,28190,48935
2026-08-23T16:45:21Z,20214,28190,48935
2026-08-23T16:45:23Z,20214,28190,48935
2026-08-23T16:45:25Z,20214,28190,48935
2026-08-23T16:45:27Z,20214,28190,48935
2026-08-23T16:45:29Z,20214,28190,48935
2026-08-23T16:45:31Z,20214,28190,48935
2026-08-23T16:45:34Z,20214,28190,48935
2026-08-23T16:45:36Z,20214,28190,48935
2026-08-23T16:45:38Z,20214,28190,48935
2026-08-23T16:45:40Z,20214,28190,48935
2026-08-23T16:45:42Z,20214,28190,48935
2026-08-23T16:45:44Z,20214,28190,48935
2026-08-23T16:45:46Z,20214,28190,48935
2026-08-23T16:45:48Z,20214,28190,48935
2026-08-23T16:45:50Z,20214,28190,48935
2026-08-23T16:45:52Z,20214,28190,48935
2026-08-23T16:45:54Z,20214,28190,48935
2026-08-23T16:45:56Z,20214,28190,48935
2026-08-23T16:45:58Z,20214,28190,48935
2026-08-23T16:46:00Z,20214,28190,48935
2026-08-23T16:46:02Z,20214,28190,48935
2026-08-23T16:46:04Z,20214,28190,48935
2026-08-23T16:46:06Z,20214,28190,48935
2026-08-23T16:46:08Z,20214,28190,48935
2026-08-23T16:46:10Z,17059,31345,48935
2026-08-23T16:46:12Z,17398,31006,48935
2026-08-23T16:46:14Z,20214,28190,48935
2026-08-23T16:46:16Z,20214,28190,48935
2026-08-23T16:46:18Z,20214,28190,48935
2026-08-23T16:46:20Z,20214,28190,48935
2026-08-23T16:46:22Z,20214,28190,48935
2026-08-23T16:46:24Z,20214,28190,48935
2026-08-23T16:46:26Z,20214,28190,48935
2026-08-23T16:46:28Z,20214,28190,48935
2026-08-23T16:46:30Z,20214,28190,48935
2026-08-23T16:46:32Z,20214,28190,48935
2026-08-23T16:46:34Z,20214,28190,48935
2026-08-23T16:46:36Z,20214,28190,48935
2026-08-23T16:46:38Z,20214,28190,48935
2026-08-23T16:46:40Z,20214,28190,48935
2026-08-23T16:46:42Z,20214,28190,48935
2026-08-23T16:46:44Z,20214,28190,48935
2026-08-23T16:46:46Z,20214,28190,48935
2026-08-23T16:46:48Z,20214,28190,48935
2026-08-23T16:46:50Z,20214,28190,48935
2026-08-23T16:46:52Z,20214,28190,48935
2026-08-23T16:46:54Z,20214,28190,48935
2026-08-23T16:46:56Z,20214,28190,48935
2026-08-23T16:46:59Z,20214,28190,48935
2026-08-23T16:47:01Z,20214,28190,48935
2026-08-23T16:47:03Z,20214,28190,48935
2026-08-23T16:47:05Z,20214,28190,48935
2026-08-23T16:47:07Z,20214,28190,48935
2026-08-23T16:47:09Z,20214,28190,48935
2026-08-23T16:47:11Z,20214,28190,48935
2026-08-23T16:47:13Z,20214,28190,48935
2026-08-23T16:47:15Z,20214,28190,48935
2026-08-23T16:47:17Z,20214,28190,48935
2026-08-23T16:47:19Z,20214,28190,48935
2026-08-23T16:47:21Z,20214,28190,48935
2026-08-23T16:47:23Z,20214,28190,48935
2026-08-23T16:47:25Z,20214,28190,48935
2026-08-23T16:47:27Z,20214,28190,48935
2026-08-23T16:47:29Z,20214,28190,48935
2026-08-23T16:47:31Z,20214,28190,48935
2026-08-23T16:47:33Z,20214,28190,48935
2026-08-23T16:47:35Z,20214,28190,48935
2026-08-23T16:47:37Z,20214,28190,48935
2026-08-23T16:47:39Z,20214,28190,48935
2026-08-23T16:47:41Z,20214,28190,48935
2026-08-23T16:47:43Z,20214,28190,48935
2026-08-23T16:47:45Z,20214,28190,48935
2026-08-23T16:47:47Z,20214,28190,48935
2026-08-23T16:47:49Z,20214,28190,48935
2026-08-23T16:47:51Z,20214,28190,48935
2026-08-23T16:47:53Z,20214,28190,48935
2026-08-23T16:47:55Z,20214,28190,48935
2026-08-23T16:47:57Z,20214,28190,48935
2026-08-23T16:47:59Z,20214,28190,48935
2026-08-23T16:48:01Z,20214,28190,48935
2026-08-23T16:48:03Z,20214,28190,48935
2026-08-23T16:48:05Z,20214,28190,48935
2026-08-23T16:48:07Z,20214,28190,48935
2026-08-23T16:48:09Z,20214,28190,48935
2026-08-23T16:48:11Z,20214,28190,48935
2026-08-23T16:48:13Z,20214,28190,48935
2026-08-23T16:48:15Z,20214,28190,48935
2026-08-23T16:48:17Z,20214,28190,48935
2026-08-23T16:48:19Z,20214,28190,48935
2026-08-23T16:48:22Z,20214,28190,48935
2026-08-23T16:48:24Z,20214,28190,48935
2026-08-23T16:48:26Z,20214,28190,48935
2026-08-23T16:48:28Z,20214,28190,48935
2026-08-23T16:48:30Z,20214,28190,48935
2026-08-23T16:48:32Z,20214,28190,48935
2026-08-23T16:48:34Z,20214,28190,48935
2026-08-23T16:48:36Z,20214,28190,48935
2026-08-23T16:48:38Z,20214,28190,48935
2026-08-23T16:48:40Z,20214,28190,48935
2026-08-23T16:48:42Z,20214,28190,48935
2026-08-23T16:48:44Z,20214,28190,48935
2026-08-23T16:48:46Z,20214,28190,48935
2026-08-23T16:48:48Z,20214,28190,48935
2026-08-23T16:48:50Z,20214,28190,48935
2026-08-23T16:48:52Z,20214,28190,48935
2026-08-23T16:48:54Z,20214,28190,48935
2026-08-23T16:48:56Z,20214,28190,48935
2026-08-23T16:48:58Z,20214,28190,48935
2026-08-23T16:49:00Z,20214,28190,48935
2026-08-23T16:49:02Z,20214,28190,48935
2026-08-23T16:49:04Z,20214,28190,48935
2026-08-23T16:49:06Z,20214,28190,48935
2026-08-23T16:49:08Z,20214,28190,48935
2026-08-23T16:49:10Z,20214,28190,48935
2026-08-23T16:49:12Z,20214,28190,48935
2026-08-23T16:49:14Z,20214,28190,48935
2026-08-23T16:49:16Z,20214,28190,48935
2026-08-23T16:49:18Z,20214,28190,48935
2026-08-23T16:49:20Z,20214,28190,48935
2026-08-23T16:49:22Z,20214,28190,48935
2026-08-23T16:49:24Z,20214,28190,48935
2026-08-23T16:49:26Z,20214,28190,48935
2026-08-23T16:49:28Z,17059,31345,48935
2026-08-23T16:49:30Z,17398,31006,48935
2026-08-23T16:49:32Z,20214,28190,48935
2026-08-23T16:49:34Z,20214,28190,48935
2026-08-23T16:49:36Z,20214,28190,48935
2026-08-23T16:49:38Z,20214,28190,48935
2026-08-23T16:49:40Z,20214,28190,48935
2026-08-23T16:49:42Z,20214,28190,48935
2026-08-23T16:49:44Z,20214,28190,48935
2026-08-23T16:49:47Z,20214,28190,48935
2026-08-23T16:49:49Z,17398,31006,48935
2026-08-23T16:49:51Z,20214,28190,48935
2026-08-23T16:49:53Z,20214,28190,48935
2026-08-23T16:49:55Z,20214,28190,48935
2026-08-23T16:49:57Z,20214,28190,48935
2026-08-23T16:49:59Z,20214,28190,48935
2026-08-23T16:50:01Z,20214,28190,48935
2026-08-23T16:50:03Z,20214,28190,48935
2026-08-23T16:50:05Z,20214,28190,48935
2026-08-23T16:50:07Z,20214,28190,48935
2026-08-23T16:50:09Z,20214,28190,48935
2026-08-23T16:50:11Z,20214,28190,48935
2026-08-23T16:50:13Z,20214,28190,48935
2026-08-23T16:50:15Z,20214,28190,48935
2026-08-23T16:50:17Z,20214,28190,48935
2026-08-23T16:50:19Z,20214,28190,48935
2026-08-23T16:50:21Z,20214,28190,48935
2026-08-23T16:50:23Z,20214,28190,48935
2026-08-23T16:50:25Z,20214,28190,48935
2026-08-23T16:50:27Z,20214,28190,48935
2026-08-23T16:50:29Z,20214,28190,48935
2026-08-23T16:50:31Z,20214,28190,48935
2026-08-23T16:50:33Z,20214,28190,48935
2026-08-23T16:50:35Z,20214,28190,48935
2026-08-23T16:50:37Z,20214,28190,48935
2026-08-23T16:50:39Z,20214,28190,48935
2026-08-23T16:50:41Z,20214,28190,48935
2026-08-23T16:50:43Z,20214,28190,48935
2026-08-23T16:50:45Z,20214,28190,48935
2026-08-23T16:50:47Z,20214,28190,48935
2026-08-23T16:50:49Z,20214,28190,48935
2026-08-23T16:50:51Z,20214,28190,48935
2026-08-23T16:50:53Z,20214,28190,48935
2026-08-23T16:50:55Z,20214,28190,48935
2026-08-23T16:50:57Z,20214,28190,48935
2026-08-23T16:50:59Z,20214,28190,48935
2026-08-23T16:51:01Z,20214,28190,48935
2026-08-23T16:51:03Z,20214,28190,48935
2026-08-23T16:51:05Z,20214,28190,48935
2026-08-23T16:51:07Z,20214,28190,48935
2026-08-23T16:51:09Z,20214,28190,48935
2026-08-23T16:51:12Z,20214,28190,48935
2026-08-23T16:51:14Z,20214,28190,48935
2026-08-23T16:51:16Z,20214,28190,48935
2026-08-23T16:51:18Z,20214,28190,48935
2026-08-23T16:51:20Z,17059,31345,48935
2026-08-23T16:51:22Z,17398,31006,48935
2026-08-23T16:51:24Z,20214,28190,48935
2026-08-23T16:51:26Z,20214,28190,48935
2026-08-23T16:51:28Z,20214,28190,48935
2026-08-23T16:51:30Z,20214,28190,48935
2026-08-23T16:51:32Z,20214,28190,48935
2026-08-23T16:51:34Z,20214,28190,48935
2026-08-23T16:51:36Z,20214,28190,48935
2026-08-23T16:51:38Z,20214,28190,48935
2026-08-23T16:51:40Z,20214,28190,48935
2026-08-23T16:51:42Z,20214,28190,48935
2026-08-23T16:51:44Z,20214,28190,48935
2026-08-23T16:51:46Z,20214,28190,48935
2026-08-23T16:51:48Z,20214,28190,48935
2026-08-23T16:51:50Z,20214,28190,48935
2026-08-23T16:51:52Z,20214,28190,48935
2026-08-23T16:51:54Z,20214,28190,48935
2026-08-23T16:51:56Z,20214,28190,48935
2026-08-23T16:51:58Z,20214,28190,48935
2026-08-23T16:52:00Z,20214,28190,48935
2026-08-23T16:52:02Z,20214,28190,48935
2026-08-23T16:52:04Z,20214,28190,48935
2026-08-23T16:52:06Z,20214,28190,48935
2026-08-23T16:52:08Z,20214,28190,48935
2026-08-23T16:52:10Z,20214,28190,48935
2026-08-23T16:52:12Z,20214,28190,48935
2026-08-23T16:52:14Z,20214,28190,48935
2026-08-23T16:52:16Z,20214,28190,48935
2026-08-23T16:52:18Z,20214,28190,48935
2026-08-23T16:52:20Z,20214,28190,48935
2026-08-23T16:52:22Z,20214,28190,48935
2026-08-23T16:52:24Z,20214,28190,48935
2026-08-23T16:52:26Z,20214,28190,48935
2026-08-23T16:52:29Z,20214,28190,48935
2026-08-23T16:52:31Z,20214,28190,48935
2026-08-23T16:52:33Z,20214,28190,48935
2026-08-23T16:52:35Z,20214,28190,48935
2026-08-23T16:52:37Z,20214,28190,48935
2026-08-23T16:52:39Z,20214,28190,48935
2026-08-23T16:52:41Z,20214,28190,48935
2026-08-23T16:52:43Z,20214,28190,48935
2026-08-23T16:52:45Z,20214,28190,48935
2026-08-23T16:52:47Z,20214,28190,48935
2026-08-23T16:52:49Z,20214,28190,48935
2026-08-23T16:52:51Z,20214,28190,48935
2026-08-23T16:52:53Z,20214,28190,48935
2026-08-23T16:52:55Z,20214,28190,48935
2026-08-23T16:52:57Z,20214,28190,48935
2026-08-23T16:52:59Z,20214,28190,48935
2026-08-23T16:53:01Z,20214,28190,48935
2026-08-23T16:53:03Z,20214,28190,48935
2026-08-23T16:53:05Z,20214,28190,48935
2026-08-23T16:53:07Z,20214,28190,48935
2026-08-23T16:53:09Z,20214,28190,48935
2026-08-23T16:53:11Z,20214,28190,48935
2026-08-23T16:53:13Z,20214,28190,48935
2026-08-23T16:53:15Z,20214,28190,48935
2026-08-23T16:53:17Z,20214,28190,48935
2026-08-23T16:53:19Z,20214,28190,48935
2026-08-23T16:53:21Z,20214,28190,48935
2026-08-23T16:53:23Z,20214,28190,48935
2026-08-23T16:53:25Z,20214,28190,48935
2026-08-23T16:53:27Z,20214,28190,48935
2026-08-23T16:53:29Z,20214,28190,48935
2026-08-23T16:53:31Z,20214,28190,48935
2026-08-23T16:53:33Z,20214,28190,48935
2026-08-23T16:53:35Z,20214,28190,48935
2026-08-23T16:53:37Z,20214,28190,48935
2026-08-23T16:53:39Z,20214,28190,48935
2026-08-23T16:53:41Z,20214,28190,48935
2026-08-23T16:53:43Z,20214,28190,48935
2026-08-23T16:53:45Z,20214,28190,48935
2026-08-23T16:53:47Z,20214,28190,48935
2026-08-23T16:53:49Z,20214,28190,48935
2026-08-23T16:53:51Z,20214,28190,48935
2026-08-23T16:53:54Z,20214,28190,48935
2026-08-23T16:53:56Z,20214,28190,48935
2026-08-23T16:53:58Z,20214,28190,48935
2026-08-23T16:54:00Z,20214,28190,48935
2026-08-23T16:54:02Z,20214,28190,48935
2026-08-23T16:54:04Z,20214,28190,48935
2026-08-23T16:54:06Z,20214,28190,48935
2026-08-23T16:54:08Z,20214,28190,48935
2026-08-23T16:54:10Z,20214,28190,48935
2026-08-23T16:54:12Z,20214,28190,48935
2026-08-23T16:54:14Z,20214,28190,48935
2026-08-23T16:54:16Z,20214,28190,48935
2026-08-23T16:54:18Z,20214,28190,48935
2026-08-23T16:54:20Z,20214,28190,48935
2026-08-23T16:54:22Z,20214,28190,48935
2026-08-23T16:54:24Z,20214,28190,48935
2026-08-23T16:54:26Z,20214,28190,48935
2026-08-23T16:54:28Z,20214,28190,48935
2026-08-23T16:54:30Z,20214,28190,48935
2026-08-23T16:54:32Z,20214,28190,48935
2026-08-23T16:54:34Z,20214,28190,48935
2026-08-23T16:54:36Z,20214,28190,48935
2026-08-23T16:54:38Z,20214,28190,48935
2026-08-23T16:54:40Z,20214,28190,48935
2026-08-23T16:54:42Z,20214,28190,48935
2026-08-23T16:54:44Z,20214,28190,48935
2026-08-23T16:54:46Z,20214,28190,48935
2026-08-23T16:54:48Z,20214,28190,48935
2026-08-23T16:54:50Z,20214,28190,48935
2026-08-23T16:54:52Z,20214,28190,48935
2026-08-23T16:54:54Z,20214,28190,48935
2026-08-23T16:54:56Z,20214,28190,48935
2026-08-23T16:54:58Z,20214,28190,48935
2026-08-23T16:55:00Z,20214,28190,48935
2026-08-23T16:55:02Z,20214,28190,48935
2026-08-23T16:55:04Z,20214,28190,48935
2026-08-23T16:55:06Z,20214,28190,48935
2026-08-23T16:55:08Z,20214,28190,48935
2026-08-23T16:55:10Z,20214,28190,48935
2026-08-23T16:55:12Z,20214,28190,48935
2026-08-23T16:55:14Z,20214,28190,48935
2026-08-23T16:55:17Z,20214,28190,48935
2026-08-23T16:55:19Z,20214,28190,48935
2026-08-23T16:55:21Z,20214,28190,48935
2026-08-23T16:55:23Z,20214,28190,48935
2026-08-23T16:55:25Z,20214,28190,48935
2026-08-23T16:55:27Z,20214,28190,48935
2026-08-23T16:55:29Z,20214,28190,48935
2026-08-23T16:55:31Z,20214,28190,48935
2026-08-23T16:55:33Z,20214,28190,48935
2026-08-23T16:55:35Z,20214,28190,48935
2026-08-23T16:55:37Z,20214,28190,48935
2026-08-23T16:55:39Z,20214,28190,48935
2026-08-23T16:55:41Z,20214,28190,48935
2026-08-23T16:55:43Z,20214,28190,48935
2026-08-23T16:55:45Z,20214,28190,48935
2026-08-23T16:55:47Z,20214,28190,48935
2026-08-23T16:55:49Z,20214,28190,48935
2026-08-23T16:55:51Z,20214,28190,48935
2026-08-23T16:55:53Z,20214,28190,48935
2026-08-23T16:55:55Z,20214,28190,48935
2026-08-23T16:55:57Z,20214,28190,48935
2026-08-23T16:55:59Z,20214,28190,48935
2026-08-23T16:56:01Z,20214,28190,48935
2026-08-23T16:56:03Z,20214,28190,48935
2026-08-23T16:56:05Z,20214,28190,48935
2026-08-23T16:56:07Z,20214,28190,48935
2026-08-23T16:56:09Z,20214,28190,48935
2026-08-23T16:56:11Z,20214,28190,48935
2026-08-23T16:56:13Z,20214,28190,48935
2026-08-23T16:56:15Z,20214,28190,48935
2026-08-23T16:56:17Z,20214,28190,48935
2026-08-23T16:56:19Z,20214,28190,48935
2026-08-23T16:56:21Z,20214,28190,48935
2026-08-23T16:56:23Z,20214,28190,48935
2026-08-23T16:56:25Z,20214,28190,48935
2026-08-23T16:56:27Z,20214,28190,48935
2026-08-23T16:56:29Z,20214,28190,48935
2026-08-23T16:56:31Z,20214,28190,48935
2026-08-23T16:56:33Z,20214,28190,48935
2026-08-23T16:56:35Z,20214,28190,48935
2026-08-23T16:56:37Z,20214,28190,48935
2026-08-23T16:56:40Z,20214,28190,48935
2026-08-23T16:56:42Z,20214,28190,48935
2026-08-23T16:56:44Z,20214,28190,48935
2026-08-23T16:56:46Z,20214,28190,48935
2026-08-23T16:56:48Z,20214,28190,48935
2026-08-23T16:56:50Z,20214,28190,48935
2026-08-23T16:56:52Z,20214,28190,48935
2026-08-23T16:56:54Z,20214,28190,48935
2026-08-23T16:56:56Z,20214,28190,48935
2026-08-23T16:56:58Z,20214,28190,48935
2026-08-23T16:57:00Z,20214,28190,48935
2026-08-23T16:57:02Z,20214,28190,48935
2026-08-23T16:57:04Z,20214,28190,48935
2026-08-23T16:57:06Z,20214,28190,48935
2026-08-23T16:57:08Z,20214,28190,48935
2026-08-23T16:57:10Z,20214,28190,48935
2026-08-23T16:57:12Z,20214,28190,48935
2026-08-23T16:57:14Z,20214,28190,48935
2026-08-23T16:57:16Z,20214,28190,48935
2026-08-23T16:57:18Z,20214,28190,48935
2026-08-23T16:57:20Z,20214,28190,48935
2026-08-23T16:57:22Z,20214,28190,48935
2026-08-23T16:57:24Z,20214,28190,48935
2026-08-23T16:57:26Z,20214,28190,48935
2026-08-23T16:57:28Z,20214,28190,48935
2026-08-23T16:57:30Z,20214,28190,48935
2026-08-23T16:57:32Z,20214,28190,48935
2026-08-23T16:57:34Z,20214,28190,48935
2026-08-23T16:57:36Z,20214,28190,48935
2026-08-23T16:57:38Z,20214,28190,48935
2026-08-23T16:57:40Z,20214,28190,48935
2026-08-23T16:57:42Z,20214,28190,48935
2026-08-23T16:57:44Z,20214,28190,48935
2026-08-23T16:57:46Z,20214,28190,48935
2026-08-23T16:57:48Z,20214,28190,48935
2026-08-23T16:57:50Z,20214,28190,48935
2026-08-23T16:57:52Z,20214,28190,48935
2026-08-23T16:57:54Z,20214,28190,48935
2026-08-23T16:57:56Z,20214,28190,48935
2026-08-23T16:57:58Z,20214,28190,48935
2026-08-23T16:58:00Z,20214,28190,48935
2026-08-23T16:58:03Z,20214,28190,48935
2026-08-23T16:58:05Z,20214,28190,48935
2026-08-23T16:58:07Z,20214,28190,48935
2026-08-23T16:58:09Z,20214,28190,48935
2026-08-23T16:58:11Z,20214,28190,48935
2026-08-23T16:58:13Z,20214,28190,48935
2026-08-23T16:58:15Z,20214,28190,48935
2026-08-23T16:58:17Z,20214,28190,48935
2026-08-23T16:58:19Z,20214,28190,48935
2026-08-23T16:58:21Z,20214,28190,48935
2026-08-23T16:58:23Z,20214,28190,48935
2026-08-23T16:58:25Z,20214,28190,48935
2026-08-23T16:58:27Z,20214,28190,48935
2026-08-23T16:58:29Z,20214,28190,48935
2026-08-23T16:58:31Z,20214,28190,48935
2026-08-23T16:58:33Z,20214,28190,48935
2026-08-23T16:58:35Z,20214,28190,48935
2026-08-23T16:58:37Z,20214,28190,48935
2026-08-23T16:58:39Z,17059,31345,48935
2026-08-23T16:58:41Z,20214,28190,48935
2026-08-23T16:58:43Z,20214,28190,48935
2026-08-23T16:58:45Z,20214,28190,48935
2026-08-23T16:58:47Z,20214,28190,48935
2026-08-23T16:58:49Z,20214,28190,48935
2026-08-23T16:58:51Z,20214,28190,48935
2026-08-23T16:58:53Z,20214,28190,48935
2026-08-23T16:58:55Z,20214,28190,48935
2026-08-23T16:58:57Z,20214,28190,48935
2026-08-23T16:58:59Z,20214,28190,48935
2026-08-23T16:59:01Z,20214,28190,48935
2026-08-23T16:59:03Z,20214,28190,48935
2026-08-23T16:59:05Z,20214,28190,48935
2026-08-23T16:59:07Z,20214,28190,48935
2026-08-23T16:59:09Z,20214,28190,48935
2026-08-23T16:59:11Z,20214,28190,48935
2026-08-23T16:59:13Z,20214,28190,48935
2026-08-23T16:59:15Z,20214,28190,48935
2026-08-23T16:59:17Z,20214,28190,48935
2026-08-23T16:59:19Z,20214,28190,48935
2026-08-23T16:59:21Z,20214,28190,48935
2026-08-23T16:59:23Z,20214,28190,48935
2026-08-23T16:59:25Z,20214,28190,48935
2026-08-23T16:59:28Z,20214,28190,48935
2026-08-23T16:59:30Z,20214,28190,48935
2026-08-23T16:59:32Z,20214,28190,48935
2026-08-23T16:59:34Z,20214,28190,48935
2026-08-23T16:59:36Z,20214,28190,48935
2026-08-23T16:59:38Z,20214,28190,48935
2026-08-23T16:59:40Z,20214,28190,48935
2026-08-23T16:59:42Z,20214,28190,48935
2026-08-23T16:59:44Z,20214,28190,48935
2026-08-23T16:59:46Z,20214,28190,48935
2026-08-23T16:59:48Z,20214,28190,48935
2026-08-23T16:59:50Z,20214,28190,48935
2026-08-23T16:59:52Z,20214,28190,48935
2026-08-23T16:59:54Z,20214,28190,48935
2026-08-23T16:59:56Z,20214,28190,48935
2026-08-23T16:59:58Z,20214,28190,48935
2026-08-23T17:00:00Z,20214,28190,48935
2026-08-23T17:00:02Z,20214,28190,48935
2026-08-23T17:00:04Z,20214,28190,48935
2026-08-23T17:00:06Z,20214,28190,48935
2026-08-23T17:00:08Z,20214,28190,48935
2026-08-23T17:00:10Z,20214,28190,48935
2026-08-23T17:00:12Z,20214,28190,48935
2026-08-23T17:00:14Z,20214,28190,48935
2026-08-23T17:00:16Z,20214,28190,48935
2026-08-23T17:00:18Z,20214,28190,48935
2026-08-23T17:00:20Z,20214,28190,48935
2026-08-23T17:00:22Z,20214,28190,48935
2026-08-23T17:00:24Z,20214,28190,48935
2026-08-23T17:00:26Z,20214,28190,48935
2026-08-23T17:00:28Z,20214,28190,48935
2026-08-23T17:00:30Z,20214,28190,48935
2026-08-23T17:00:32Z,20214,28190,48935
2026-08-23T17:00:34Z,20214,28190,48935
2026-08-23T17:00:36Z,20214,28190,48935
2026-08-23T17:00:38Z,20214,28190,48935
2026-08-23T17:00:40Z,20214,28190,48935
2026-08-23T17:00:42Z,20214,28190,48935
2026-08-23T17:00:44Z,20214,28190,48935
2026-08-23T17:00:46Z,20214,28190,48935
2026-08-23T17:00:48Z,20214,28190,48935
2026-08-23T17:00:51Z,20214,28190,48935
2026-08-23T17:00:53Z,20214,28190,48935
2026-08-23T17:00:55Z,20214,28190,48935
2026-08-23T17:00:57Z,20214,28190,48935
2026-08-23T17:00:59Z,20214,28190,48935
2026-08-23T17:01:01Z,20214,28190,48935
2026-08-23T17:01:03Z,20214,28190,48935
2026-08-23T17:01:05Z,20214,28190,48935
2026-08-23T17:01:07Z,20214,28190,48935
2026-08-23T17:01:09Z,20214,28190,48935
2026-08-23T17:01:11Z,20214,28190,48935
2026-08-23T17:01:13Z,20214,28190,48935
2026-08-23T17:01:15Z,20214,28190,48935
2026-08-23T17:01:17Z,20214,28190,48935
2026-08-23T17:01:19Z,20214,28190,48935
2026-08-23T17:01:21Z,20214,28190,48935
2026-08-23T17:01:23Z,20214,28190,48935
2026-08-23T17:01:25Z,20214,28190,48935
2026-08-23T17:01:27Z,20214,28190,48935
2026-08-23T17:01:29Z,20214,28190,48935
2026-08-23T17:01:31Z,20214,28190,48935
2026-08-23T17:01:33Z,17398,31006,48935
2026-08-23T17:01:35Z,20214,28190,48935
2026-08-23T17:01:37Z,20214,28190,48935
2026-08-23T17:01:39Z,20214,28190,48935
2026-08-23T17:01:41Z,20214,28190,48935
2026-08-23T17:01:43Z,20214,28190,48935
2026-08-23T17:01:45Z,20214,28190,48935
2026-08-23T17:01:47Z,20214,28190,48935
2026-08-23T17:01:49Z,20214,28190,48935
2026-08-23T17:01:51Z,20214,28190,48935
2026-08-23T17:01:53Z,20214,28190,48935
2026-08-23T17:01:55Z,20214,28190,48935
2026-08-23T17:01:57Z,20214,28190,48935
2026-08-23T17:01:59Z,20214,28190,48935
2026-08-23T17:02:01Z,20214,28190,48935
2026-08-23T17:02:03Z,20214,28190,48935
2026-08-23T17:02:05Z,20214,28190,48935
2026-08-23T17:02:07Z,20214,28190,48935
2026-08-23T17:02:09Z,20214,28190,48935
2026-08-23T17:02:11Z,20214,28190,48935
2026-08-23T17:02:14Z,20214,28190,48935
2026-08-23T17:02:16Z,20214,28190,48935
2026-08-23T17:02:18Z,20214,28190,48935
2026-08-23T17:02:20Z,20214,28190,48935
2026-08-23T17:02:22Z,20214,28190,48935
2026-08-23T17:02:24Z,20214,28190,48935
2026-08-23T17:02:26Z,20214,28190,48935
2026-08-23T17:02:28Z,20214,28190,48935
2026-08-23T17:02:30Z,20214,28190,48935
2026-08-23T17:02:32Z,20214,28190,48935
2026-08-23T17:02:34Z,20214,28190,48935
2026-08-23T17:02:36Z,20214,28190,48935
2026-08-23T17:02:38Z,20214,28190,48935
2026-08-23T17:02:40Z,20214,28190,48935
2026-08-23T17:02:42Z,20214,28190,48935
2026-08-23T17:02:44Z,20214,28190,48935
2026-08-23T17:02:46Z,20214,28190,48935
2026-08-23T17:02:48Z,20214,28190,48935
2026-08-23T17:02:50Z,17059,31345,48935
2026-08-23T17:02:52Z,17398,31006,48935
2026-08-23T17:02:54Z,20214,28190,48935
2026-08-23T17:02:56Z,20214,28190,48935
2026-08-23T17:02:58Z,20214,28190,48935
2026-08-23T17:03:00Z,20214,28190,48935
2026-08-23T17:03:02Z,20214,28190,48935
2026-08-23T17:03:04Z,20214,28190,48935
2026-08-23T17:03:06Z,20214,28190,48935
2026-08-23T17:03:08Z,20214,28190,48935
2026-08-23T17:03:10Z,20214,28190,48935
2026-08-23T17:03:12Z,20214,28190,48935
2026-08-23T17:03:14Z,20214,28190,48935
2026-08-23T17:03:16Z,20214,28190,48935
2026-08-23T17:03:18Z,20214,28190,48935
2026-08-23T17:03:20Z,20214,28190,48935
2026-08-23T17:03:22Z,20214,28190,48935
2026-08-23T17:03:24Z,20214,28190,48935
2026-08-23T17:03:26Z,20214,28190,48935
2026-08-23T17:03:28Z,20214,28190,48935
2026-08-23T17:03:30Z,20214,28190,48935
2026-08-23T17:03:32Z,20214,28190,48935
2026-08-23T17:03:34Z,20214,28190,48935
2026-08-23T17:03:37Z,20214,28190,48935
2026-08-23T17:03:39Z,20214,28190,48935
2026-08-23T17:03:41Z,20214,28190,48935
2026-08-23T17:03:43Z,20214,28190,48935
2026-08-23T17:03:45Z,20214,28190,48935
2026-08-23T17:03:47Z,20214,28190,48935
2026-08-23T17:03:49Z,20214,28190,48935
2026-08-23T17:03:51Z,20214,28190,48935
2026-08-23T17:03:53Z,20214,28190,48935
2026-08-23T17:03:55Z,20214,28190,48935
2026-08-23T17:03:57Z,20214,28190,48935
2026-08-23T17:03:59Z,20214,28190,48935
2026-08-23T17:04:01Z,20214,28190,48935
2026-08-23T17:04:03Z,20214,28190,48935
2026-08-23T17:04:05Z,20214,28190,48935
2026-08-23T17:04:07Z,20214,28190,48935
2026-08-23T17:04:09Z,20214,28190,48935
2026-08-23T17:04:11Z,20214,28190,48935
2026-08-23T17:04:13Z,20214,28190,48935
2026-08-23T17:04:15Z,20214,28190,48935
2026-08-23T17:04:17Z,20214,28190,48935
2026-08-23T17:04:19Z,20214,28190,48935
2026-08-23T17:04:21Z,20214,28190,48935
2026-08-23T17:04:23Z,20214,28190,48935
2026-08-23T17:04:25Z,20214,28190,48935
2026-08-23T17:04:27Z,20214,28190,48935
2026-08-23T17:04:29Z,20214,28190,48935
2026-08-23T17:04:31Z,20214,28190,48935
2026-08-23T17:04:33Z,20214,28190,48935
2026-08-23T17:04:35Z,20214,28190,48935
2026-08-23T17:04:37Z,20214,28190,48935
2026-08-23T17:04:39Z,20214,28190,48935
2026-08-23T17:04:41Z,20214,28190,48935
2026-08-23T17:04:43Z,17398,31006,48935
2026-08-23T17:04:45Z,20214,28190,48935
2026-08-23T17:04:47Z,20214,28190,48935
2026-08-23T17:04:49Z,20214,28190,48935
2026-08-23T17:04:51Z,20214,28190,48935
2026-08-23T17:04:53Z,20214,28190,48935
2026-08-23T17:04:55Z,20214,28190,48935
2026-08-23T17:04:57Z,20214,28190,48935
2026-08-23T17:04:59Z,20214,28190,48935
2026-08-23T17:05:02Z,20214,28190,48935
2026-08-23T17:05:04Z,20214,28190,48935
2026-08-23T17:05:06Z,20214,28190,48935
2026-08-23T17:05:08Z,20214,28190,48935
2026-08-23T17:05:10Z,20214,28190,48935
2026-08-23T17:05:12Z,20214,28190,48935
2026-08-23T17:05:14Z,20214,28190,48935
2026-08-23T17:05:16Z,20214,28190,48935
2026-08-23T17:05:18Z,20214,28190,48935
2026-08-23T17:05:20Z,20214,28190,48935
2026-08-23T17:05:22Z,20214,28190,48935
2026-08-23T17:05:24Z,20214,28190,48935
2026-08-23T17:05:26Z,20214,28190,48935
2026-08-23T17:05:28Z,20214,28190,48935
2026-08-23T17:05:30Z,20214,28190,48935
2026-08-23T17:05:32Z,20214,28190,48935
2026-08-23T17:05:34Z,20214,28190,48935
2026-08-23T17:05:36Z,20214,28190,48935
2026-08-23T17:05:38Z,20214,28190,48935
2026-08-23T17:05:40Z,20214,28190,48935
2026-08-23T17:05:42Z,20214,28190,48935
2026-08-23T17:05:44Z,20214,28190,48935
2026-08-23T17:05:46Z,20214,28190,48935
2026-08-23T17:05:48Z,20214,28190,48935
2026-08-23T17:05:50Z,20214,28190,48935
2026-08-23T17:05:52Z,20214,28190,48935
2026-08-23T17:05:54Z,20214,28190,48935
2026-08-23T17:05:56Z,20214,28190,48935
2026-08-23T17:05:58Z,20214,28190,48935
2026-08-23T17:06:00Z,20214,28190,48935
2026-08-23T17:06:02Z,20214,28190,48935
2026-08-23T17:06:04Z,20214,28190,48935
2026-08-23T17:06:06Z,20214,28190,48935
2026-08-23T17:06:08Z,20214,28190,48935
2026-08-23T17:06:10Z,20214,28190,48935
2026-08-23T17:06:12Z,20214,28190,48935
2026-08-23T17:06:14Z,20214,28190,48935
2026-08-23T17:06:16Z,20214,28190,48935
2026-08-23T17:06:18Z,20214,28190,48935
2026-08-23T17:06:20Z,20214,28190,48935
2026-08-23T17:06:22Z,20214,28190,48935
2026-08-23T17:06:24Z,20214,28190,48935
2026-08-23T17:06:27Z,20214,28190,48935
2026-08-23T17:06:29Z,20214,28190,48935
2026-08-23T17:06:31Z,20214,28190,48935
2026-08-23T17:06:33Z,20214,28190,48935
2026-08-23T17:06:35Z,20214,28190,48935
2026-08-23T17:06:37Z,20214,28190,48935
2026-08-23T17:06:39Z,20214,28190,48935
2026-08-23T17:06:41Z,20214,28190,48935
2026-08-23T17:06:43Z,20214,28190,48935
2026-08-23T17:06:45Z,20214,28190,48935
2026-08-23T17:06:47Z,20214,28190,48935
2026-08-23T17:06:49Z,20214,28190,48935
2026-08-23T17:06:51Z,20214,28190,48935
2026-08-23T17:06:53Z,20214,28190,48935
2026-08-23T17:06:55Z,20214,28190,48935
2026-08-23T17:06:57Z,20214,28190,48935
2026-08-23T17:06:59Z,20214,28190,48935
2026-08-23T17:07:01Z,20214,28190,48935
2026-08-23T17:07:03Z,20214,28190,48935
2026-08-23T17:07:05Z,20214,28190,48935
2026-08-23T17:07:07Z,20214,28190,48935
2026-08-23T17:07:09Z,20214,28190,48935
2026-08-23T17:07:11Z,20214,28190,48935
2026-08-23T17:07:13Z,20214,28190,48935
2026-08-23T17:07:15Z,20214,28190,48935
2026-08-23T17:07:17Z,20214,28190,48935
2026-08-23T17:07:19Z,20214,28190,48935
2026-08-23T17:07:21Z,20214,28190,48935
2026-08-23T17:07:23Z,20214,28190,48935
2026-08-23T17:07:25Z,20214,28190,48935
2026-08-23T17:07:27Z,20214,28190,48935
2026-08-23T17:07:29Z,20214,28190,48935
2026-08-23T17:07:31Z,20214,28190,48935
2026-08-23T17:07:33Z,20214,28190,48935
2026-08-23T17:07:35Z,20214,28190,48935
2026-08-23T17:07:37Z,20214,28190,48935
2026-08-23T17:07:39Z,20214,28190,48935
2026-08-23T17:07:41Z,20214,28190,48935
2026-08-23T17:07:43Z,20214,28190,48935
2026-08-23T17:07:45Z,20214,28190,48935
2026-08-23T17:07:47Z,20214,28190,48935
2026-08-23T17:07:49Z,20214,28190,48935
2026-08-23T17:07:52Z,20214,28190,48935
2026-08-23T17:07:54Z,20214,28190,48935
2026-08-23T17:07:56Z,20214,28190,48935
2026-08-23T17:07:58Z,20214,28190,48935
2026-08-23T17:08:00Z,20214,28190,48935
2026-08-23T17:08:02Z,20214,28190,48935
2026-08-23T17:08:04Z,20214,28190,48935
2026-08-23T17:08:06Z,20214,28190,48935
2026-08-23T17:08:08Z,20214,28190,48935
2026-08-23T17:08:10Z,20214,28190,48935
2026-08-23T17:08:12Z,20214,28190,48935
2026-08-23T17:08:14Z,20214,28190,48935
2026-08-23T17:08:16Z,20214,28190,48935
2026-08-23T17:08:18Z,20214,28190,48935
2026-08-23T17:08:20Z,20214,28190,48935
2026-08-23T17:08:22Z,20214,28190,48935
2026-08-23T17:08:24Z,20214,28190,48935
2026-08-23T17:08:26Z,20214,28190,48935
2026-08-23T17:08:28Z,20214,28190,48935
2026-08-23T17:08:30Z,20214,28190,48935
2026-08-23T17:08:32Z,20214,28190,48935
2026-08-23T17:08:34Z,20214,28190,48935
2026-08-23T17:08:36Z,20214,28190,48935
2026-08-23T17:08:38Z,20214,28190,48935
2026-08-23T17:08:40Z,20214,28190,48935
2026-08-23T17:08:42Z,20214,28190,48935
2026-08-23T17:08:44Z,20214,28190,48935
2026-08-23T17:08:46Z,20214,28190,48935
2026-08-23T17:08:48Z,20214,28190,48935
2026-08-23T17:08:50Z,20214,28190,48935
2026-08-23T17:08:52Z,20214,28190,48935
2026-08-23T17:08:54Z,20214,28190,48935
2026-08-23T17:08:56Z,20214,28190,48935
2026-08-23T17:08:58Z,20214,28190,48935
2026-08-23T17:09:00Z,20214,28190,48935
2026-08-23T17:09:02Z,20214,28190,48935
2026-08-23T17:09:04Z,20214,28190,48935
2026-08-23T17:09:06Z,20214,28190,48935
2026-08-23T17:09:08Z,20214,28190,48935
2026-08-23T17:09:10Z,20214,28190,48935
2026-08-23T17:09:12Z,20214,28190,48935
2026-08-23T17:09:15Z,20214,28190,48935
2026-08-23T17:09:17Z,20214,28190,48935
2026-08-23T17:09:19Z,20214,28190,48935
2026-08-23T17:09:21Z,20214,28190,48935
2026-08-23T17:09:23Z,20214,28190,48935
2026-08-23T17:09:25Z,20214,28190,48935
2026-08-23T17:09:27Z,20214,28190,48935
2026-08-23T17:09:29Z,20214,28190,48935
2026-08-23T17:09:31Z,20214,28190,48935
2026-08-23T17:09:33Z,20214,28190,48935
2026-08-23T17:09:35Z,20214,28190,48935
2026-08-23T17:09:37Z,20214,28190,48935
2026-08-23T17:09:39Z,20214,28190,48935
2026-08-23T17:09:41Z,20214,28190,48935
2026-08-23T17:09:43Z,20214,28190,48935
2026-08-23T17:09:45Z,20214,28190,48935
2026-08-23T17:09:47Z,20214,28190,48935
2026-08-23T17:09:49Z,20214,28190,48935
2026-08-23T17:09:51Z,20214,28190,48935
2026-08-23T17:09:53Z,20214,28190,48935
2026-08-23T17:09:55Z,20214,28190,48935
2026-08-23T17:09:57Z,20214,28190,48935
2026-08-23T17:09:59Z,20214,28190,48935
2026-08-23T17:10:01Z,20214,28190,48935
2026-08-23T17:10:03Z,20214,28190,48935
2026-08-23T17:10:05Z,20214,28190,48935
2026-08-23T17:10:07Z,20214,28190,48935
2026-08-23T17:10:09Z,20214,28190,48935
2026-08-23T17:10:11Z,20214,28190,48935
2026-08-23T17:10:13Z,20214,28190,48935
2026-08-23T17:10:15Z,20214,28190,48935
2026-08-23T17:10:17Z,20214,28190,48935
2026-08-23T17:10:19Z,20214,28190,48935
2026-08-23T17:10:21Z,20214,28190,48935
2026-08-23T17:10:23Z,20214,28190,48935
2026-08-23T17:10:25Z,20214,28190,48935
2026-08-23T17:10:27Z,20214,28190,48935
2026-08-23T17:10:29Z,20214,28190,48935
2026-08-23T17:10:31Z,20214,28190,48935
2026-08-23T17:10:33Z,20214,28190,48935
2026-08-23T17:10:35Z,20214,28190,48935
2026-08-23T17:10:38Z,20214,28190,48935
2026-08-23T17:10:40Z,20214,28190,48935
2026-08-23T17:10:42Z,20214,28190,48935
2026-08-23T17:10:44Z,20214,28190,48935
2026-08-23T17:10:46Z,20214,28190,48935
2026-08-23T17:10:48Z,20214,28190,48935
2026-08-23T17:10:50Z,20214,28190,48935
2026-08-23T17:10:52Z,20214,28190,48935
2026-08-23T17:10:54Z,20214,28190,48935
2026-08-23T17:10:56Z,20214,28190,48935
2026-08-23T17:10:58Z,20214,28190,48935
2026-08-23T17:11:00Z,20214,28190,48935
2026-08-23T17:11:02Z,20214,28190,48935
2026-08-23T17:11:04Z,20214,28190,48935
2026-08-23T17:11:06Z,20214,28190,48935
2026-08-23T17:11:08Z,20214,28190,48935
2026-08-23T17:11:10Z,20214,28190,48935
2026-08-23T17:11:12Z,20214,28190,48935
2026-08-23T17:11:14Z,20214,28190,48935
2026-08-23T17:11:16Z,20214,28190,48935
2026-08-23T17:11:18Z,20214,28190,48935
2026-08-23T17:11:20Z,20214,28190,48935
2026-08-23T17:11:22Z,20214,28190,48935
2026-08-23T17:11:24Z,20214,28190,48935
2026-08-23T17:11:26Z,20214,28190,48935
2026-08-23T17:11:28Z,20214,28190,48935
2026-08-23T17:11:30Z,20214,28190,48935
2026-08-23T17:11:32Z,20214,28190,48935
2026-08-23T17:11:34Z,20214,28190,48935
2026-08-23T17:11:36Z,17059,31345,48935
2026-08-23T17:11:38Z,17398,31006,48935
2026-08-23T17:11:40Z,20214,28190,48935
2026-08-23T17:11:42Z,20214,28190,48935
2026-08-23T17:11:44Z,20214,28190,48935
2026-08-23T17:11:46Z,20214,28190,48935
2026-08-23T17:11:48Z,20214,28190,48935
2026-08-23T17:11:50Z,20214,28190,48935
2026-08-23T17:11:52Z,20214,28190,48935
2026-08-23T17:11:54Z,20214,28190,48935
2026-08-23T17:11:56Z,20214,28190,48935
2026-08-23T17:11:58Z,20214,28190,48935
2026-08-23T17:12:00Z,20214,28190,48935
2026-08-23T17:12:03Z,20214,28190,48935
2026-08-23T17:12:05Z,20214,28190,48935
2026-08-23T17:12:07Z,20214,28190,48935
2026-08-23T17:12:09Z,20214,28190,48935
2026-08-23T17:12:11Z,20214,28190,48935
2026-08-23T17:12:13Z,20214,28190,48935
2026-08-23T17:12:15Z,20214,28190,48935
2026-08-23T17:12:17Z,20214,28190,48935
2026-08-23T17:12:19Z,20214,28190,48935
2026-08-23T17:12:21Z,20214,28190,48935
2026-08-23T17:12:23Z,20214,28190,48935
2026-08-23T17:12:25Z,20214,28190,48935
2026-08-23T17:12:27Z,20214,28190,48935
2026-08-23T17:12:29Z,20214,28190,48935
2026-08-23T17:12:31Z,20214,28190,48935
2026-08-23T17:12:33Z,20214,28190,48935
2026-08-23T17:12:35Z,20214,28190,48935
2026-08-23T17:12:37Z,20214,28190,48935
2026-08-23T17:12:39Z,20214,28190,48935
2026-08-23T17:12:41Z,20214,28190,48935
2026-08-23T17:12:43Z,17059,31345,48935
2026-08-23T17:12:45Z,20214,28190,48935
2026-08-23T17:12:47Z,20214,28190,48935
2026-08-23T17:12:49Z,20214,28190,48935
2026-08-23T17:12:51Z,20214,28190,48935
2026-08-23T17:12:53Z,20214,28190,48935
2026-08-23T17:12:55Z,20214,28190,48935
2026-08-23T17:12:57Z,20214,28190,48935
2026-08-23T17:12:59Z,17059,31345,48935
2026-08-23T17:13:01Z,17398,31006,48935
2026-08-23T17:13:03Z,20214,28190,48935
2026-08-23T17:13:05Z,20214,28190,48935
2026-08-23T17:13:07Z,20214,28190,48935
2026-08-23T17:13:09Z,20214,28190,48935
2026-08-23T17:13:11Z,20214,28190,48935
2026-08-23T17:13:13Z,20214,28190,48935
2026-08-23T17:13:15Z,20214,28190,48935
2026-08-23T17:13:17Z,20214,28190,48935
2026-08-23T17:13:19Z,20214,28190,48935
2026-08-23T17:13:21Z,20214,28190,48935
2026-08-23T17:13:23Z,20214,28190,48935
2026-08-23T17:13:25Z,20214,28190,48935
2026-08-23T17:13:28Z,20214,28190,48935
2026-08-23T17:13:30Z,20214,28190,48935
2026-08-23T17:13:32Z,20214,28190,48935
2026-08-23T17:13:34Z,20214,28190,48935
2026-08-23T17:13:36Z,20214,28190,48935
2026-08-23T17:13:38Z,20214,28190,48935
2026-08-23T17:13:40Z,20214,28190,48935
2026-08-23T17:13:42Z,20214,28190,48935
2026-08-23T17:13:44Z,20214,28190,48935
2026-08-23T17:13:46Z,20214,28190,48935
2026-08-23T17:13:48Z,20214,28190,48935
2026-08-23T17:13:50Z,20214,28190,48935
2026-08-23T17:13:52Z,20214,28190,48935
2026-08-23T17:13:54Z,20214,28190,48935
2026-08-23T17:13:56Z,20214,28190,48935
2026-08-23T17:13:58Z,20214,28190,48935
2026-08-23T17:14:00Z,20214,28190,48935
2026-08-23T17:14:02Z,20214,28190,48935
2026-08-23T17:14:04Z,20214,28190,48935
2026-08-23T17:14:06Z,20214,28190,48935
2026-08-23T17:14:08Z,20214,28190,48935
2026-08-23T17:14:10Z,20214,28190,48935
2026-08-23T17:14:12Z,20214,28190,48935
2026-08-23T17:14:14Z,20214,28190,48935
2026-08-23T17:14:16Z,20214,28190,48935
2026-08-23T17:14:18Z,20214,28190,48935
2026-08-23T17:14:20Z,20214,28190,48935
2026-08-23T17:14:22Z,20214,28190,48935
2026-08-23T17:14:24Z,20214,28190,48935
2026-08-23T17:14:26Z,20214,28190,48935
2026-08-23T17:14:28Z,20214,28190,48935
2026-08-23T17:14:30Z,20214,28190,48935
2026-08-23T17:14:32Z,20214,28190,48935
2026-08-23T17:14:34Z,20214,28190,48935
2026-08-23T17:14:36Z,20214,28190,48935
2026-08-23T17:14:38Z,20214,28190,48935
2026-08-23T17:14:40Z,20214,28190,48935
2026-08-23T17:14:42Z,20214,28190,48935
2026-08-23T17:14:44Z,20214,28190,48935
2026-08-23T17:14:46Z,20214,28190,48935
2026-08-23T17:14:48Z,20214,28190,48935
2026-08-23T17:14:51Z,20214,28190,48935
2026-08-23T17:14:53Z,20214,28190,48935
2026-08-23T17:14:55Z,20214,28190,48935
2026-08-23T17:14:57Z,20214,28190,48935
2026-08-23T17:14:59Z,20214,28190,48935
2026-08-23T17:15:01Z,20214,28190,48935
2026-08-23T17:15:03Z,20214,28190,48935
2026-08-23T17:15:05Z,20214,28190,48935
2026-08-23T17:15:07Z,20214,28190,48935
2026-08-23T17:15:09Z,20214,28190,48935
2026-08-23T17:15:11Z,20214,28190,48935
2026-08-23T17:15:13Z,20214,28190,48935
2026-08-23T17:15:15Z,20214,28190,48935
2026-08-23T17:15:17Z,20214,28190,48935
2026-08-23T17:15:19Z,20214,28190,48935
2026-08-23T17:15:21Z,20214,28190,48935
2026-08-23T17:15:23Z,20214,28190,48935
2026-08-23T17:15:25Z,20214,28190,48935
2026-08-23T17:15:27Z,20214,28190,48935
2026-08-23T17:15:29Z,20214,28190,48935
2026-08-23T17:15:31Z,20214,28190,48935
2026-08-23T17:15:33Z,20214,28190,48935
2026-08-23T17:15:35Z,20214,28190,48935
2026-08-23T17:15:37Z,20214,28190,48935
2026-08-23T17:15:39Z,20214,28190,48935
2026-08-23T17:15:41Z,20214,28190,48935
2026-08-23T17:15:43Z,20214,28190,48935
2026-08-23T17:15:45Z,20214,28190,48935
2026-08-23T17:15:47Z,20214,28190,48935
2026-08-23T17:15:49Z,20214,28190,48935
2026-08-23T17:15:51Z,20214,28190,48935
2026-08-23T17:15:53Z,20214,28190,48935
2026-08-23T17:15:55Z,20214,28190,48935
2026-08-23T17:15:57Z,20214,28190,48935
2026-08-23T17:15:59Z,20214,28190,48935
2026-08-23T17:16:01Z,20214,28190,48935
2026-08-23T17:16:03Z,20214,28190,48935
2026-08-23T17:16:05Z,20214,28190,48935
2026-08-23T17:16:07Z,20214,28190,48935
2026-08-23T17:16:09Z,20214,28190,48935
2026-08-23T17:16:11Z,20214,28190,48935
2026-08-23T17:16:14Z,20214,28190,48935
2026-08-23T17:16:16Z,20214,28190,48935
2026-08-23T17:16:18Z,20214,28190,48935
2026-08-23T17:16:20Z,20214,28190,48935
2026-08-23T17:16:22Z,20214,28190,48935
2026-08-23T17:16:24Z,20214,28190,48935
2026-08-23T17:16:26Z,20214,28190,48935
2026-08-23T17:16:28Z,20214,28190,48935
2026-08-23T17:16:30Z,20214,28190,48935
2026-08-23T17:16:32Z,20214,28190,48935
2026-08-23T17:16:34Z,20214,28190,48935
2026-08-23T17:16:36Z,20214,28190,48935
2026-08-23T17:16:38Z,20214,28190,48935
2026-08-23T17:16:40Z,20214,28190,48935
2026-08-23T17:16:42Z,20214,28190,48935
2026-08-23T17:16:44Z,20214,28190,48935
2026-08-23T17:16:46Z,20214,28190,48935
2026-08-23T17:16:48Z,20214,28190,48935
2026-08-23T17:16:50Z,20214,28190,48935
2026-08-23T17:16:52Z,20214,28190,48935
2026-08-23T17:16:54Z,20214,28190,48935
2026-08-23T17:16:56Z,20214,28190,48935
2026-08-23T17:16:58Z,20214,28190,48935
2026-08-23T17:17:00Z,20214,28190,48935
2026-08-23T17:17:02Z,20214,28190,48935
2026-08-23T17:17:04Z,20214,28190,48935
2026-08-23T17:17:06Z,20214,28190,48935
2026-08-23T17:17:08Z,20214,28190,48935
2026-08-23T17:17:10Z,20214,28190,48935
2026-08-23T17:17:12Z,20214,28190,48935
2026-08-23T17:17:14Z,20214,28190,48935
2026-08-23T17:17:16Z,20214,28190,48935
2026-08-23T17:17:18Z,20214,28190,48935
2026-08-23T17:17:20Z,20214,28190,48935
2026-08-23T17:17:22Z,20214,28190,48935
2026-08-23T17:17:24Z,20214,28190,48935
2026-08-23T17:17:26Z,20214,28190,48935
2026-08-23T17:17:28Z,20214,28190,48935
2026-08-23T17:17:30Z,20214,28190,48935
2026-08-23T17:17:32Z,20214,28190,48935
2026-08-23T17:17:34Z,20214,28190,48935
2026-08-23T17:17:36Z,20214,28190,48935
2026-08-23T17:17:39Z,20214,28190,48935
2026-08-23T17:17:41Z,20214,28190,48935
2026-08-23T17:17:43Z,20214,28190,48935
2026-08-23T17:17:45Z,20214,28190,48935
2026-08-23T17:17:47Z,20214,28190,48935
2026-08-23T17:17:49Z,20214,28190,48935
2026-08-23T17:17:51Z,20214,28190,48935
2026-08-23T17:17:53Z,20214,28190,48935
2026-08-23T17:17:55Z,20214,28190,48935
2026-08-23T17:17:57Z,20214,28190,48935
2026-08-23T17:17:59Z,20214,28190,48935
2026-08-23T17:18:01Z,20214,28190,48935
2026-08-23T17:18:03Z,20214,28190,48935
2026-08-23T17:18:05Z,20214,28190,48935
2026-08-23T17:18:07Z,20214,28190,48935
2026-08-23T17:18:09Z,20214,28190,48935
2026-08-23T17:18:11Z,20214,28190,48935
2026-08-23T17:18:13Z,20214,28190,48935
2026-08-23T17:18:15Z,20214,28190,48935
2026-08-23T17:18:17Z,20214,28190,48935
2026-08-23T17:18:19Z,20214,28190,48935
2026-08-23T17:18:21Z,20214,28190,48935
2026-08-23T17:18:23Z,20214,28190,48935
2026-08-23T17:18:25Z,20214,28190,48935
2026-08-23T17:18:27Z,20214,28190,48935
2026-08-23T17:18:29Z,20214,28190,48935
2026-08-23T17:18:31Z,20214,28190,48935
2026-08-23T17:18:33Z,20214,28190,48935
2026-08-23T17:18:35Z,20214,28190,48935
2026-08-23T17:18:37Z,20214,28190,48935
2026-08-23T17:18:39Z,20214,28190,48935
2026-08-23T17:18:41Z,20214,28190,48935
2026-08-23T17:18:43Z,20214,28190,48935
2026-08-23T17:18:45Z,20214,28190,48935
2026-08-23T17:18:47Z,20214,28190,48935
2026-08-23T17:18:49Z,20214,28190,48935
2026-08-23T17:18:51Z,20214,28190,48935
2026-08-23T17:18:53Z,20214,28190,48935
2026-08-23T17:18:55Z,20214,28190,48935
2026-08-23T17:18:57Z,20214,28190,48935
2026-08-23T17:18:59Z,20214,28190,48935
2026-08-23T17:19:02Z,20214,28190,48935
2026-08-23T17:19:04Z,20214,28190,48935
2026-08-23T17:19:06Z,20214,28190,48935
2026-08-23T17:19:08Z,20214,28190,48935
2026-08-23T17:19:10Z,20214,28190,48935
2026-08-23T17:19:12Z,20214,28190,48935
2026-08-23T17:19:14Z,20214,28190,48935
2026-08-23T17:19:16Z,20214,28190,48935
2026-08-23T17:19:18Z,20214,28190,48935
2026-08-23T17:19:20Z,20214,28190,48935
2026-08-23T17:19:22Z,20214,28190,48935
2026-08-23T17:19:24Z,20214,28190,48935
2026-08-23T17:19:26Z,20214,28190,48935
2026-08-23T17:19:28Z,20214,28190,48935
2026-08-23T17:19:30Z,20214,28190,48935
2026-08-23T17:19:32Z,20214,28190,48935
2026-08-23T17:19:34Z,20214,28190,48935
2026-08-23T17:19:36Z,20214,28190,48935
2026-08-23T17:19:38Z,20214,28190,48935
2026-08-23T17:19:40Z,20214,28190,48935
2026-08-23T17:19:42Z,20214,28190,48935
2026-08-23T17:19:44Z,20214,28190,48935
2026-08-23T17:19:46Z,20214,28190,48935
2026-08-23T17:19:48Z,20214,28190,48935
2026-08-23T17:19:50Z,20214,28190,48935
2026-08-23T17:19:52Z,20214,28190,48935
2026-08-23T17:19:54Z,20214,28190,48935
2026-08-23T17:19:56Z,20214,28190,48935
2026-08-23T17:19:58Z,20214,28190,48935
2026-08-23T17:20:00Z,20214,28190,48935
2026-08-23T17:20:02Z,20214,28190,48935
2026-08-23T17:20:04Z,20214,28190,48935
2026-08-23T17:20:06Z,20214,28190,48935
2026-08-23T17:20:08Z,20214,28190,48935
2026-08-23T17:20:10Z,20214,28190,48935
2026-08-23T17:20:12Z,20214,28190,48935
2026-08-23T17:20:14Z,20214,28190,48935
2026-08-23T17:20:16Z,20214,28190,48935
2026-08-23T17:20:18Z,20214,28190,48935
2026-08-23T17:20:20Z,20214,28190,48935
2026-08-23T17:20:22Z,20214,28190,48935
2026-08-23T17:20:24Z,20214,28190,48935
2026-08-23T17:20:27Z,20214,28190,48935
2026-08-23T17:20:29Z,20214,28190,48935
2026-08-23T17:20:31Z,20214,28190,48935
2026-08-23T17:20:33Z,20214,28190,48935
2026-08-23T17:20:35Z,20214,28190,48935
2026-08-23T17:20:37Z,20214,28190,48935
2026-08-23T17:20:39Z,20214,28190,48935
2026-08-23T17:20:41Z,20214,28190,48935
2026-08-23T17:20:43Z,20214,28190,48935
2026-08-23T17:20:45Z,20214,28190,48935
2026-08-23T17:20:47Z,20214,28190,48935
2026-08-23T17:20:49Z,20214,28190,48935
2026-08-23T17:20:51Z,20214,28190,48935
2026-08-23T17:20:53Z,17059,31345,48935
2026-08-23T17:20:55Z,17398,31006,48935
2026-08-23T17:20:57Z,20214,28190,48935
2026-08-23T17:20:59Z,20214,28190,48935
2026-08-23T17:21:01Z,20214,28190,48935
2026-08-23T17:21:03Z,20214,28190,48935
2026-08-23T17:21:05Z,20214,28190,48935
2026-08-23T17:21:07Z,20214,28190,48935
2026-08-23T17:21:09Z,20214,28190,48935
2026-08-23T17:21:11Z,20214,28190,48935
2026-08-23T17:21:13Z,20214,28190,48935
2026-08-23T17:21:15Z,20214,28190,48935
2026-08-23T17:21:17Z,20214,28190,48935
2026-08-23T17:21:19Z,20214,28190,48935
2026-08-23T17:21:21Z,20214,28190,48935
2026-08-23T17:21:23Z,20214,28190,48935
2026-08-23T17:21:25Z,20214,28190,48935
2026-08-23T17:21:27Z,20214,28190,48935
2026-08-23T17:21:29Z,20214,28190,48935
2026-08-23T17:21:31Z,20214,28190,48935
2026-08-23T17:21:33Z,20214,28190,48935
2026-08-23T17:21:35Z,20214,28190,48935
2026-08-23T17:21:37Z,20214,28190,48935
2026-08-23T17:21:39Z,20214,28190,48935
2026-08-23T17:21:42Z,20214,28190,48935
2026-08-23T17:21:44Z,20214,28190,48935
2026-08-23T17:21:46Z,20214,28190,48935
2026-08-23T17:21:48Z,20214,28190,48935
2026-08-23T17:21:50Z,20214,28190,48935
2026-08-23T17:21:52Z,20214,28190,48935
2026-08-23T17:21:54Z,20214,28190,48935
2026-08-23T17:21:56Z,20214,28190,48935
2026-08-23T17:21:58Z,20214,28190,48935
2026-08-23T17:22:00Z,20214,28190,48935
2026-08-23T17:22:02Z,20214,28190,48935
2026-08-23T17:22:04Z,20214,28190,48935
2026-08-23T17:22:06Z,20214,28190,48935
2026-08-23T17:22:08Z,20214,28190,48935
2026-08-23T17:22:10Z,20214,28190,48935
2026-08-23T17:22:12Z,20214,28190,48935
2026-08-23T17:22:14Z,20214,28190,48935
2026-08-23T17:22:16Z,20214,28190,48935
2026-08-23T17:22:18Z,20214,28190,48935
2026-08-23T17:22:20Z,20214,28190,48935
2026-08-23T17:22:22Z,20214,28190,48935
2026-08-23T17:22:24Z,20214,28190,48935
2026-08-23T17:22:26Z,20214,28190,48935
2026-08-23T17:22:28Z,20214,28190,48935
2026-08-23T17:22:30Z,20214,28190,48935
2026-08-23T17:22:32Z,20214,28190,48935
2026-08-23T17:22:34Z,20214,28190,48935
2026-08-23T17:22:36Z,20214,28190,48935
2026-08-23T17:22:38Z,20214,28190,48935
2026-08-23T17:22:40Z,20214,28190,48935
2026-08-23T17:22:42Z,20214,28190,48935
2026-08-23T17:22:44Z,20214,28190,48935
2026-08-23T17:22:46Z,20214,28190,48935
2026-08-23T17:22:48Z,20214,28190,48935
2026-08-23T17:22:50Z,20214,28190,48935
2026-08-23T17:22:52Z,20214,28190,48935
2026-08-23T17:22:54Z,20214,28190,48935
2026-08-23T17:22:56Z,20214,28190,48935
2026-08-23T17:22:58Z,20214,28190,48935
2026-08-23T17:23:00Z,20214,28190,48935
2026-08-23T17:23:02Z,20214,28190,48935
2026-08-23T17:23:04Z,20214,28190,48935
2026-08-23T17:23:07Z,20214,28190,48935
2026-08-23T17:23:09Z,20214,28190,48935
2026-08-23T17:23:11Z,20214,28190,48935
2026-08-23T17:23:13Z,20214,28190,48935
2026-08-23T17:23:15Z,20214,28190,48935
2026-08-23T17:23:17Z,20214,28190,48935
2026-08-23T17:23:19Z,20214,28190,48935
2026-08-23T17:23:21Z,20214,28190,48935
2026-08-23T17:23:23Z,20214,28190,48935
2026-08-23T17:23:25Z,20214,28190,48935
2026-08-23T17:23:27Z,20214,28190,48935
2026-08-23T17:23:29Z,20214,28190,48935
2026-08-23T17:23:31Z,20214,28190,48935
2026-08-23T17:23:33Z,20214,28190,48935
2026-08-23T17:23:35Z,20214,28190,48935
2026-08-23T17:23:37Z,20214,28190,48935
2026-08-23T17:23:39Z,20214,28190,48935
2026-08-23T17:23:41Z,20214,28190,48935
2026-08-23T17:23:43Z,20214,28190,48935
2026-08-23T17:23:45Z,20214,28190,48935
2026-08-23T17:23:47Z,20214,28190,48935
2026-08-23T17:23:49Z,20214,28190,48935
2026-08-23T17:23:51Z,20214,28190,48935
2026-08-23T17:23:53Z,20214,28190,48935
2026-08-23T17:23:55Z,20214,28190,48935
2026-08-23T17:23:57Z,20214,28190,48935
2026-08-23T17:23:59Z,20214,28190,48935
2026-08-23T17:24:01Z,20214,28190,48935
2026-08-23T17:24:03Z,20214,28190,48935
2026-08-23T17:24:05Z,20214,28190,48935
2026-08-23T17:24:07Z,20214,28190,48935
2026-08-23T17:24:09Z,20214,28190,48935
2026-08-23T17:24:11Z,20214,28190,48935
2026-08-23T17:24:13Z,20214,28190,48935
2026-08-23T17:24:15Z,20214,28190,48935
2026-08-23T17:24:17Z,20214,28190,48935
2026-08-23T17:24:19Z,20214,28190,48935
2026-08-23T17:24:21Z,20214,28190,48935
2026-08-23T17:24:23Z,20214,28190,48935
2026-08-23T17:24:25Z,20214,28190,48935
2026-08-23T17:24:27Z,20214,28190,48935
2026-08-23T17:24:30Z,20214,28190,48935
2026-08-23T17:24:32Z,20214,28190,48935
2026-08-23T17:24:34Z,20214,28190,48935
2026-08-23T17:24:36Z,20214,28190,48935
2026-08-23T17:24:38Z,20214,28190,48935
2026-08-23T17:24:40Z,20214,28190,48935
2026-08-23T17:24:42Z,20214,28190,48935
2026-08-23T17:24:44Z,20214,28190,48935
2026-08-23T17:24:46Z,20214,28190,48935
2026-08-23T17:24:48Z,20214,28190,48935
2026-08-23T17:24:50Z,20214,28190,48935
2026-08-23T17:24:52Z,20214,28190,48935
2026-08-23T17:24:54Z,20214,28190,48935
2026-08-23T17:24:56Z,20214,28190,48935
2026-08-23T17:24:58Z,20214,28190,48935
2026-08-23T17:25:00Z,20214,28190,48935
2026-08-23T17:25:02Z,20214,28190,48935
2026-08-23T17:25:04Z,20214,28190,48935
2026-08-23T17:25:06Z,20214,28190,48935
2026-08-23T17:25:08Z,20214,28190,48935
2026-08-23T17:25:10Z,20214,28190,48935
2026-08-23T17:25:12Z,20214,28190,48935
2026-08-23T17:25:14Z,20214,28190,48935
2026-08-23T17:25:16Z,20214,28190,48935
2026-08-23T17:25:18Z,20214,28190,48935
2026-08-23T17:25:20Z,20214,28190,48935
2026-08-23T17:25:22Z,20214,28190,48935
2026-08-23T17:25:24Z,20214,28190,48935
2026-08-23T17:25:26Z,20214,28190,48935
2026-08-23T17:25:28Z,20214,28190,48935
2026-08-23T17:25:30Z,20214,28190,48935
2026-08-23T17:25:32Z,20214,28190,48935
2026-08-23T17:25:34Z,20214,28190,48935
2026-08-23T17:25:36Z,20214,28190,48935
2026-08-23T17:25:38Z,20214,28190,48935
2026-08-23T17:25:40Z,20214,28190,48935
2026-08-23T17:25:42Z,20214,28190,48935
2026-08-23T17:25:44Z,20214,28190,48935
2026-08-23T17:25:46Z,20214,28190,48935
2026-08-23T17:25:48Z,20214,28190,48935
2026-08-23T17:25:50Z,20214,28190,48935
2026-08-23T17:25:53Z,20214,28190,48935
2026-08-23T17:25:55Z,20214,28190,48935
2026-08-23T17:25:57Z,20214,28190,48935
2026-08-23T17:25:59Z,20214,28190,48935
2026-08-23T17:26:01Z,20214,28190,48935
2026-08-23T17:26:03Z,20214,28190,48935
2026-08-23T17:26:05Z,20214,28190,48935
2026-08-23T17:26:07Z,20214,28190,48935
2026-08-23T17:26:09Z,20214,28190,48935
2026-08-23T17:26:11Z,20214,28190,48935
2026-08-23T17:26:13Z,20214,28190,48935
2026-08-23T17:26:15Z,20214,28190,48935
2026-08-23T17:26:17Z,20214,28190,48935
2026-08-23T17:26:19Z,20214,28190,48935
2026-08-23T17:26:21Z,20214,28190,48935
2026-08-23T17:26:23Z,20214,28190,48935
2026-08-23T17:26:25Z,20214,28190,48935
2026-08-23T17:26:27Z,20214,28190,48935
2026-08-23T17:26:29Z,20214,28190,48935
2026-08-23T17:26:31Z,20214,28190,48935
2026-08-23T17:26:33Z,20214,28190,48935
2026-08-23T17:26:35Z,20214,28190,48935
2026-08-23T17:26:37Z,20214,28190,48935
2026-08-23T17:26:39Z,20214,28190,48935
2026-08-23T17:26:41Z,20214,28190,48935
2026-08-23T17:26:43Z,20214,28190,48935
2026-08-23T17:26:45Z,20214,28190,48935
2026-08-23T17:26:47Z,20214,28190,48935
2026-08-23T17:26:49Z,20214,28190,48935
2026-08-23T17:26:51Z,20214,28190,48935
2026-08-23T17:26:53Z,20214,28190,48935
2026-08-23T17:26:55Z,20214,28190,48935
2026-08-23T17:26:57Z,20214,28190,48935
2026-08-23T17:26:59Z,20214,28190,48935
2026-08-23T17:27:01Z,20214,28190,48935
2026-08-23T17:27:03Z,20214,28190,48935
2026-08-23T17:27:05Z,20214,28190,48935
2026-08-23T17:27:07Z,20214,28190,48935
2026-08-23T17:27:09Z,20214,28190,48935
2026-08-23T17:27:11Z,20214,28190,48935
2026-08-23T17:27:13Z,20214,28190,48935
2026-08-23T17:27:15Z,20214,28190,48935
2026-08-23T17:27:18Z,20214,28190,48935
2026-08-23T17:27:20Z,20214,28190,48935
2026-08-23T17:27:22Z,20214,28190,48935
2026-08-23T17:27:24Z,20214,28190,48935
2026-08-23T17:27:26Z,20214,28190,48935
2026-08-23T17:27:28Z,20214,28190,48935
2026-08-23T17:27:30Z,20214,28190,48935
2026-08-23T17:27:32Z,20214,28190,48935
2026-08-23T17:27:34Z,17059,31345,48935
2026-08-23T17:27:36Z,17398,31006,48935
2026-08-23T17:27:38Z,20214,28190,48935
2026-08-23T17:27:40Z,20214,28190,48935
2026-08-23T17:27:42Z,20214,28190,48935
2026-08-23T17:27:44Z,20214,28190,48935
2026-08-23T17:27:46Z,20214,28190,48935
2026-08-23T17:27:48Z,20214,28190,48935
2026-08-23T17:27:50Z,20214,28190,48935
2026-08-23T17:27:52Z,20214,28190,48935
2026-08-23T17:27:54Z,20214,28190,48935
2026-08-23T17:27:56Z,20214,28190,48935
2026-08-23T17:27:58Z,20214,28190,48935
2026-08-23T17:28:00Z,20214,28190,48935
2026-08-23T17:28:02Z,20214,28190,48935
2026-08-23T17:28:04Z,20214,28190,48935
2026-08-23T17:28:06Z,20214,28190,48935
2026-08-23T17:28:08Z,20214,28190,48935
2026-08-23T17:28:10Z,20214,28190,48935
2026-08-23T17:28:12Z,20214,28190,48935
2026-08-23T17:28:14Z,20214,28190,48935
2026-08-23T17:28:16Z,20214,28190,48935
2026-08-23T17:28:18Z,17059,31345,48935
2026-08-23T17:28:20Z,20214,28190,48935
2026-08-23T17:28:22Z,20214,28190,48935
2026-08-23T17:28:24Z,20214,28190,48935
2026-08-23T17:28:26Z,20214,28190,48935
2026-08-23T17:28:28Z,20214,28190,48935
2026-08-23T17:28:30Z,20214,28190,48935
2026-08-23T17:28:33Z,20214,28190,48935
2026-08-23T17:28:35Z,20214,28190,48935
2026-08-23T17:28:37Z,20214,28190,48935
2026-08-23T17:28:39Z,20214,28190,48935
2026-08-23T17:28:41Z,20214,28190,48935
2026-08-23T17:28:43Z,20214,28190,48935
2026-08-23T17:28:45Z,20214,28190,48935
2026-08-23T17:28:47Z,20214,28190,48935
2026-08-23T17:28:49Z,20214,28190,48935
2026-08-23T17:28:51Z,20214,28190,48935
2026-08-23T17:28:53Z,20214,28190,48935
2026-08-23T17:28:55Z,20214,28190,48935
2026-08-23T17:28:57Z,20214,28190,48935
2026-08-23T17:28:59Z,20214,28190,48935
2026-08-23T17:29:01Z,20214,28190,48935
2026-08-23T17:29:03Z,20214,28190,48935
2026-08-23T17:29:05Z,20214,28190,48935
2026-08-23T17:29:07Z,20214,28190,48935
2026-08-23T17:29:09Z,20214,28190,48935
2026-08-23T17:29:11Z,20214,28190,48935
2026-08-23T17:29:13Z,20214,28190,48935
2026-08-23T17:29:15Z,20214,28190,48935
2026-08-23T17:29:17Z,20214,28190,48935
2026-08-23T17:29:19Z,20214,28190,48935
2026-08-23T17:29:21Z,20214,28190,48935
2026-08-23T17:29:23Z,20214,28190,48935
2026-08-23T17:29:25Z,20214,28190,48935
2026-08-23T17:29:27Z,20214,28190,48935
2026-08-23T17:29:29Z,20214,28190,48935
2026-08-23T17:29:31Z,20214,28190,48935
2026-08-23T17:29:33Z,20214,28190,48935
2026-08-23T17:29:35Z,20214,28190,48935
2026-08-23T17:29:37Z,20214,28190,48935
2026-08-23T17:29:39Z,20214,28190,48935
2026-08-23T17:29:41Z,20214,28190,48935
2026-08-23T17:29:43Z,20214,28190,48935
2026-08-23T17:29:45Z,20214,28190,48935
2026-08-23T17:29:47Z,20214,28190,48935
2026-08-23T17:29:49Z,20214,28190,48935
2026-08-23T17:29:51Z,20214,28190,48935
2026-08-23T17:29:53Z,20214,28190,48935
2026-08-23T17:29:56Z,20214,28190,48935
2026-08-23T17:29:58Z,20214,28190,48935
2026-08-23T17:30:00Z,20214,28190,48935
2026-08-23T17:30:02Z,20214,28190,48935
2026-08-23T17:30:04Z,20214,28190,48935
2026-08-23T17:30:06Z,20214,28190,48935
2026-08-23T17:30:08Z,20214,28190,48935
2026-08-23T17:30:10Z,20214,28190,48935
2026-08-23T17:30:12Z,20214,28190,48935
2026-08-23T17:30:14Z,20214,28190,48935
2026-08-23T17:30:16Z,20214,28190,48935
2026-08-23T17:30:18Z,20214,28190,48935
2026-08-23T17:30:20Z,20214,28190,48935
2026-08-23T17:30:22Z,20214,28190,48935
2026-08-23T17:30:24Z,20214,28190,48935
2026-08-23T17:30:26Z,20214,28190,48935
2026-08-23T17:30:28Z,20214,28190,48935
2026-08-23T17:30:30Z,20214,28190,48935
2026-08-23T17:30:32Z,20214,28190,48935
2026-08-23T17:30:34Z,20214,28190,48935
2026-08-23T17:30:36Z,20214,28190,48935
2026-08-23T17:30:38Z,20214,28190,48935
2026-08-23T17:30:40Z,20214,28190,48935
2026-08-23T17:30:42Z,20214,28190,48935
2026-08-23T17:30:44Z,20214,28190,48935
2026-08-23T17:30:46Z,20214,28190,48935
2026-08-23T17:30:48Z,20214,28190,48935
2026-08-23T17:30:50Z,20214,28190,48935
2026-08-23T17:30:52Z,20214,28190,48935
2026-08-23T17:30:54Z,20214,28190,48935
2026-08-23T17:30:56Z,20214,28190,48935
2026-08-23T17:30:58Z,20214,28190,48935
2026-08-23T17:31:00Z,20214,28190,48935
2026-08-23T17:31:02Z,20214,28190,48935
2026-08-23T17:31:04Z,17059,31345,48935
2026-08-23T17:31:06Z,20214,28190,48935
2026-08-23T17:31:08Z,20214,28190,48935
2026-08-23T17:31:10Z,20214,28190,48935
2026-08-23T17:31:12Z,20214,28190,48935
2026-08-23T17:31:14Z,20214,28190,48935
2026-08-23T17:31:16Z,20214,28190,48935
2026-08-23T17:31:18Z,20214,28190,48935
2026-08-23T17:31:21Z,20214,28190,48935
2026-08-23T17:31:23Z,20214,28190,48935
2026-08-23T17:31:25Z,20214,28190,48935
2026-08-23T17:31:27Z,20214,28190,48935
2026-08-23T17:31:29Z,20214,28190,48935
2026-08-23T17:31:31Z,20214,28190,48935
2026-08-23T17:31:33Z,20214,28190,48935
2026-08-23T17:31:35Z,20214,28190,48935
2026-08-23T17:31:37Z,20214,28190,48935
2026-08-23T17:31:39Z,20214,28190,48935
2026-08-23T17:31:41Z,20214,28190,48935
2026-08-23T17:31:43Z,20214,28190,48935
2026-08-23T17:31:45Z,20214,28190,48935
2026-08-23T17:31:47Z,20214,28190,48935
2026-08-23T17:31:49Z,20214,28190,48935
2026-08-23T17:31:51Z,17059,31345,48935
2026-08-23T17:31:53Z,17398,31006,48935
2026-08-23T17:31:55Z,20214,28190,48935
2026-08-23T17:31:57Z,20214,28190,48935
2026-08-23T17:31:59Z,20214,28190,48935
2026-08-23T17:32:01Z,20214,28190,48935
2026-08-23T17:32:03Z,20214,28190,48935
2026-08-23T17:32:05Z,20214,28190,48935
2026-08-23T17:32:07Z,20214,28190,48935
2026-08-23T17:32:09Z,20214,28190,48935
2026-08-23T17:32:11Z,20214,28190,48935
2026-08-23T17:32:13Z,20214,28190,48935
2026-08-23T17:32:15Z,20214,28190,48935
2026-08-23T17:32:17Z,20214,28190,48935
2026-08-23T17:32:19Z,20214,28190,48935
2026-08-23T17:32:21Z,20214,28190,48935
2026-08-23T17:32:23Z,20214,28190,48935
2026-08-23T17:32:25Z,20214,28190,48935
2026-08-23T17:32:27Z,20214,28190,48935
2026-08-23T17:32:29Z,20214,28190,48935
2026-08-23T17:32:31Z,20214,28190,48935
2026-08-23T17:32:33Z,20214,28190,48935
2026-08-23T17:32:35Z,20214,28190,48935
2026-08-23T17:32:37Z,20214,28190,48935
2026-08-23T17:32:39Z,20214,28190,48935
2026-08-23T17:32:41Z,20214,28190,48935
2026-08-23T17:32:43Z,20214,28190,48935
2026-08-23T17:32:46Z,20214,28190,48935
2026-08-23T17:32:48Z,20214,28190,48935
2026-08-23T17:32:50Z,20214,28190,48935
2026-08-23T17:32:52Z,20214,28190,48935
2026-08-23T17:32:54Z,20214,28190,48935
2026-08-23T17:32:56Z,20214,28190,48935
2026-08-23T17:32:58Z,20214,28190,48935
2026-08-23T17:33:00Z,20214,28190,48935
2026-08-23T17:33:02Z,20214,28190,48935
2026-08-23T17:33:04Z,20214,28190,48935
2026-08-23T17:33:06Z,20214,28190,48935
2026-08-23T17:33:08Z,20214,28190,48935
2026-08-23T17:33:10Z,20214,28190,48935
2026-08-23T17:33:12Z,20214,28190,48935
2026-08-23T17:33:14Z,20214,28190,48935
2026-08-23T17:33:16Z,20214,28190,48935
2026-08-23T17:33:18Z,20214,28190,48935
2026-08-23T17:33:20Z,20214,28190,48935
2026-08-23T17:33:22Z,20214,28190,48935
2026-08-23T17:33:24Z,20214,28190,48935
2026-08-23T17:33:26Z,20214,28190,48935
2026-08-23T17:33:28Z,20214,28190,48935
2026-08-23T17:33:30Z,20214,28190,48935
2026-08-23T17:33:32Z,20214,28190,48935
2026-08-23T17:33:34Z,20214,28190,48935
2026-08-23T17:33:36Z,20214,28190,48935
2026-08-23T17:33:38Z,20214,28190,48935
2026-08-23T17:33:40Z,20214,28190,48935
2026-08-23T17:33:42Z,20214,28190,48935
2026-08-23T17:33:44Z,20214,28190,48935
2026-08-23T17:33:46Z,20214,28190,48935
2026-08-23T17:33:48Z,20214,28190,48935
2026-08-23T17:33:50Z,20214,28190,48935
2026-08-23T17:33:52Z,20214,28190,48935
2026-08-23T17:33:54Z,20214,28190,48935
2026-08-23T17:33:56Z,20214,28190,48935
2026-08-23T17:33:58Z,20214,28190,48935
2026-08-23T17:34:00Z,20214,28190,48935
2026-08-23T17:34:02Z,20214,28190,48935
2026-08-23T17:34:04Z,20214,28190,48935
2026-08-23T17:34:06Z,20214,28190,48935
2026-08-23T17:34:08Z,20214,28190,48935
2026-08-23T17:34:11Z,20214,28190,48935
2026-08-23T17:34:13Z,20214,28190,48935
2026-08-23T17:34:15Z,20214,28190,48935
2026-08-23T17:34:17Z,20214,28190,48935
2026-08-23T17:34:19Z,20214,28190,48935
2026-08-23T17:34:21Z,20214,28190,48935
2026-08-23T17:34:23Z,20214,28190,48935
2026-08-23T17:34:25Z,20214,28190,48935
2026-08-23T17:34:27Z,20214,28190,48935
2026-08-23T17:34:29Z,20214,28190,48935
2026-08-23T17:34:31Z,20214,28190,48935
2026-08-23T17:34:33Z,20214,28190,48935
2026-08-23T17:34:35Z,20214,28190,48935
2026-08-23T17:34:37Z,20214,28190,48935
2026-08-23T17:34:39Z,20214,28190,48935
2026-08-23T17:34:41Z,20214,28190,48935
2026-08-23T17:34:43Z,20214,28190,48935
2026-08-23T17:34:45Z,20214,28190,48935
2026-08-23T17:34:47Z,20214,28190,48935
2026-08-23T17:34:49Z,20214,28190,48935
2026-08-23T17:34:51Z,20214,28190,48935
2026-08-23T17:34:53Z,20214,28190,48935
2026-08-23T17:34:55Z,20214,28190,48935
2026-08-23T17:34:57Z,20214,28190,48935
2026-08-23T17:34:59Z,20214,28190,48935
2026-08-23T17:35:01Z,20214,28190,48935
2026-08-23T17:35:03Z,20214,28190,48935
2026-08-23T17:35:05Z,20214,28190,48935
2026-08-23T17:35:07Z,20214,28190,48935
2026-08-23T17:35:09Z,20214,28190,48935
2026-08-23T17:35:11Z,20214,28190,48935
2026-08-23T17:35:13Z,20214,28190,48935
2026-08-23T17:35:15Z,20214,28190,48935
2026-08-23T17:35:17Z,20214,28190,48935
2026-08-23T17:35:19Z,20214,28190,48935
2026-08-23T17:35:21Z,20214,28190,48935
2026-08-23T17:35:23Z,20214,28190,48935
2026-08-23T17:35:25Z,20214,28190,48935
2026-08-23T17:35:27Z,20214,28190,48935
2026-08-23T17:35:29Z,20214,28190,48935
2026-08-23T17:35:31Z,20214,28190,48935
2026-08-23T17:35:34Z,20214,28190,48935
2026-08-23T17:35:36Z,20214,28190,48935
2026-08-23T17:35:38Z,20214,28190,48935
2026-08-23T17:35:40Z,20214,28190,48935
2026-08-23T17:35:42Z,20214,28190,48935
2026-08-23T17:35:44Z,20214,28190,48935
2026-08-23T17:35:46Z,20214,28190,48935
2026-08-23T17:35:48Z,20214,28190,48935
2026-08-23T17:35:50Z,20214,28190,48935
2026-08-23T17:35:52Z,20214,28190,48935
2026-08-23T17:35:54Z,20214,28190,48935
2026-08-23T17:35:56Z,20214,28190,48935
2026-08-23T17:35:58Z,20214,28190,48935
2026-08-23T17:36:00Z,20214,28190,48935
2026-08-23T17:36:02Z,20214,28190,48935
2026-08-23T17:36:04Z,20214,28190,48935
2026-08-23T17:36:06Z,20214,28190,48935
2026-08-23T17:36:08Z,20214,28190,48935
2026-08-23T17:36:10Z,20214,28190,48935
2026-08-23T17:36:12Z,20214,28190,48935
2026-08-23T17:36:14Z,20214,28190,48935
2026-08-23T17:36:16Z,20214,28190,48935
2026-08-23T17:36:18Z,20214,28190,48935
2026-08-23T17:36:20Z,20214,28190,48935
2026-08-23T17:36:22Z,20214,28190,48935
2026-08-23T17:36:24Z,20214,28190,48935
2026-08-23T17:36:26Z,20214,28190,48935
2026-08-23T17:36:28Z,20214,28190,48935
2026-08-23T17:36:30Z,20214,28190,48935
2026-08-23T17:36:32Z,20214,28190,48935
2026-08-23T17:36:34Z,20214,28190,48935
2026-08-23T17:36:36Z,20214,28190,48935
2026-08-23T17:36:38Z,20214,28190,48935
2026-08-23T17:36:40Z,20214,28190,48935
2026-08-23T17:36:42Z,20214,28190,48935
2026-08-23T17:36:44Z,20214,28190,48935
2026-08-23T17:36:46Z,20214,28190,48935
2026-08-23T17:36:48Z,20214,28190,48935
2026-08-23T17:36:50Z,20214,28190,48935
2026-08-23T17:36:52Z,20214,28190,48935
2026-08-23T17:36:54Z,20214,28190,48935
2026-08-23T17:36:57Z,20214,28190,48935
2026-08-23T17:36:59Z,20214,28190,48935
2026-08-23T17:37:01Z,20214,28190,48935
2026-08-23T17:37:03Z,20214,28190,48935
2026-08-23T17:37:05Z,20214,28190,48935
2026-08-23T17:37:07Z,20214,28190,48935
2026-08-23T17:37:09Z,20214,28190,48935
2026-08-23T17:37:11Z,20214,28190,48935
2026-08-23T17:37:13Z,20214,28190,48935
2026-08-23T17:37:15Z,20214,28190,48935
2026-08-23T17:37:17Z,20214,28190,48935
2026-08-23T17:37:19Z,20214,28190,48935
2026-08-23T17:37:21Z,20214,28190,48935
2026-08-23T17:37:23Z,20214,28190,48935
2026-08-23T17:37:25Z,20214,28190,48935
2026-08-23T17:37:27Z,20214,28190,48935
2026-08-23T17:37:29Z,20214,28190,48935
2026-08-23T17:37:31Z,20214,28190,48935
2026-08-23T17:37:33Z,20214,28190,48935
2026-08-23T17:37:35Z,20214,28190,48935
2026-08-23T17:37:37Z,20214,28190,48935
2026-08-23T17:37:39Z,20214,28190,48935
2026-08-23T17:37:41Z,20214,28190,48935
2026-08-23T17:37:43Z,20214,28190,48935
2026-08-23T17:37:45Z,20214,28190,48935
2026-08-23T17:37:47Z,20214,28190,48935
2026-08-23T17:37:49Z,20214,28190,48935
2026-08-23T17:37:51Z,20214,28190,48935
2026-08-23T17:37:53Z,20214,28190,48935
2026-08-23T17:37:55Z,20214,28190,48935
2026-08-23T17:37:57Z,20214,28190,48935
2026-08-23T17:37:59Z,20214,28190,48935
2026-08-23T17:38:01Z,20214,28190,48935
2026-08-23T17:38:03Z,20214,28190,48935
2026-08-23T17:38:05Z,20214,28190,48935
2026-08-23T17:38:07Z,20214,28190,48935
2026-08-23T17:38:09Z,20214,28190,48935
2026-08-23T17:38:11Z,20214,28190,48935
2026-08-23T17:38:13Z,20214,28190,48935
2026-08-23T17:38:15Z,20214,28190,48935
2026-08-23T17:38:17Z,20214,28190,48935
2026-08-23T17:38:20Z,20214,28190,48935
2026-08-23T17:38:22Z,20214,28190,48935
2026-08-23T17:38:24Z,20214,28190,48935
2026-08-23T17:38:26Z,20214,28190,48935
2026-08-23T17:38:28Z,20214,28190,48935
2026-08-23T17:38:30Z,20214,28190,48935
2026-08-23T17:38:32Z,20214,28190,48935
2026-08-23T17:38:34Z,20214,28190,48935
2026-08-23T17:38:36Z,20214,28190,48935
2026-08-23T17:38:38Z,20214,28190,48935
2026-08-23T17:38:40Z,20214,28190,48935
2026-08-23T17:38:42Z,20214,28190,48935
2026-08-23T17:38:44Z,20214,28190,48935
2026-08-23T17:38:46Z,20214,28190,48935
2026-08-23T17:38:48Z,20214,28190,48935
2026-08-23T17:38:50Z,20214,28190,48935
2026-08-23T17:38:52Z,20214,28190,48935
2026-08-23T17:38:54Z,17059,31345,48935
2026-08-23T17:38:56Z,17398,31006,48935
2026-08-23T17:38:58Z,20214,28190,48935
2026-08-23T17:39:00Z,20214,28190,48935
2026-08-23T17:39:02Z,20214,28190,48935
2026-08-23T17:39:04Z,20214,28190,48935
2026-08-23T17:39:06Z,20214,28190,48935
2026-08-23T17:39:08Z,20214,28190,48935
2026-08-23T17:39:10Z,20214,28190,48935
2026-08-23T17:39:12Z,20214,28190,48935
2026-08-23T17:39:14Z,20214,28190,48935
2026-08-23T17:39:16Z,20214,28190,48935
2026-08-23T17:39:18Z,20214,28190,48935
2026-08-23T17:39:20Z,20214,28190,48935
2026-08-23T17:39:22Z,20214,28190,48935
2026-08-23T17:39:24Z,20214,28190,48935
2026-08-23T17:39:26Z,20214,28190,48935
2026-08-23T17:39:28Z,20214,28190,48935
2026-08-23T17:39:30Z,20214,28190,48935
2026-08-23T17:39:32Z,20214,28190,48935
2026-08-23T17:39:34Z,20214,28190,48935
2026-08-23T17:39:36Z,20214,28190,48935
2026-08-23T17:39:38Z,20214,28190,48935
2026-08-23T17:39:40Z,20214,28190,48935
2026-08-23T17:39:42Z,20214,28190,48935
2026-08-23T17:39:45Z,20214,28190,48935
2026-08-23T17:39:47Z,20214,28190,48935
2026-08-23T17:39:49Z,20214,28190,48935
2026-08-23T17:39:51Z,20214,28190,48935
2026-08-23T17:39:53Z,20214,28190,48935
2026-08-23T17:39:55Z,20214,28190,48935
2026-08-23T17:39:57Z,20214,28190,48935
2026-08-23T17:39:59Z,20214,28190,48935
2026-08-23T17:40:01Z,20214,28190,48935
2026-08-23T17:40:03Z,20214,28190,48935
2026-08-23T17:40:05Z,20214,28190,48935
2026-08-23T17:40:07Z,20214,28190,48935
2026-08-23T17:40:09Z,20214,28190,48935
2026-08-23T17:40:11Z,20214,28190,48935
2026-08-23T17:40:13Z,20214,28190,48935
2026-08-23T17:40:15Z,20214,28190,48935
2026-08-23T17:40:17Z,20214,28190,48935
2026-08-23T17:40:19Z,20214,28190,48935
2026-08-23T17:40:21Z,20214,28190,48935
2026-08-23T17:40:23Z,20214,28190,48935
2026-08-23T17:40:25Z,20214,28190,48935
2026-08-23T17:40:27Z,20214,28190,48935
2026-08-23T17:40:29Z,20214,28190,48935
2026-08-23T17:40:31Z,20214,28190,48935
2026-08-23T17:40:33Z,20214,28190,48935
2026-08-23T17:40:35Z,20214,28190,48935
2026-08-23T17:40:37Z,20214,28190,48935
2026-08-23T17:40:39Z,20214,28190,48935
2026-08-23T17:40:41Z,20214,28190,48935
2026-08-23T17:40:43Z,20214,28190,48935
2026-08-23T17:40:45Z,20214,28190,48935
2026-08-23T17:40:47Z,20214,28190,48935
2026-08-23T17:40:49Z,20214,28190,48935
2026-08-23T17:40:51Z,20214,28190,48935
2026-08-23T17:40:53Z,20214,28190,48935
2026-08-23T17:40:55Z,20214,28190,48935
2026-08-23T17:40:57Z,20214,28190,48935
2026-08-23T17:40:59Z,20214,28190,48935
2026-08-23T17:41:01Z,20214,28190,48935
2026-08-23T17:41:03Z,20214,28190,48935
2026-08-23T17:41:05Z,20214,28190,48935
2026-08-23T17:41:08Z,20214,28190,48935
2026-08-23T17:41:10Z,20214,28190,48935
2026-08-23T17:41:12Z,20214,28190,48935
2026-08-23T17:41:14Z,20214,28190,48935
2026-08-23T17:41:16Z,20214,28190,48935
2026-08-23T17:41:18Z,20214,28190,48935
2026-08-23T17:41:20Z,20214,28190,48935
2026-08-23T17:41:22Z,20214,28190,48935
2026-08-23T17:41:24Z,20214,28190,48935
2026-08-23T17:41:26Z,20214,28190,48935
2026-08-23T17:41:28Z,20214,28190,48935
2026-08-23T17:41:30Z,20214,28190,48935
2026-08-23T17:41:32Z,20214,28190,48935
2026-08-23T17:41:34Z,20214,28190,48935
2026-08-23T17:41:36Z,20214,28190,48935
2026-08-23T17:41:38Z,20214,28190,48935
2026-08-23T17:41:40Z,20214,28190,48935
2026-08-23T17:41:42Z,20214,28190,48935
2026-08-23T17:41:44Z,20214,28190,48935
2026-08-23T17:41:46Z,20214,28190,48935
2026-08-23T17:41:48Z,20214,28190,48935
2026-08-23T17:41:50Z,20214,28190,48935
2026-08-23T17:41:52Z,20214,28190,48935
2026-08-23T17:41:54Z,20214,28190,48935
2026-08-23T17:41:56Z,20214,28190,48935
2026-08-23T17:41:58Z,20214,28190,48935
2026-08-23T17:42:00Z,20214,28190,48935
2026-08-23T17:42:02Z,20214,28190,48935
2026-08-23T17:42:04Z,20214,28190,48935
2026-08-23T17:42:06Z,20214,28190,48935
2026-08-23T17:42:08Z,20214,28190,48935
2026-08-23T17:42:10Z,20214,28190,48935
2026-08-23T17:42:12Z,20214,28190,48935
2026-08-23T17:42:14Z,20214,28190,48935
2026-08-23T17:42:16Z,20214,28190,48935
2026-08-23T17:42:18Z,20214,28190,48935
2026-08-23T17:42:20Z,20214,28190,48935
2026-08-23T17:42:22Z,20214,28190,48935
2026-08-23T17:42:24Z,20214,28190,48935
2026-08-23T17:42:26Z,20214,28190,48935
2026-08-23T17:42:28Z,20214,28190,48935
2026-08-23T17:42:31Z,20214,28190,48935
2026-08-23T17:42:33Z,17059,31345,48935
2026-08-23T17:42:35Z,17398,31006,48935
2026-08-23T17:42:37Z,20214,28190,48935
2026-08-23T17:42:39Z,20214,28190,48935
2026-08-23T17:42:41Z,20214,28190,48935
2026-08-23T17:42:43Z,20214,28190,48935
2026-08-23T17:42:45Z,20214,28190,48935
2026-08-23T17:42:47Z,20214,28190,48935
2026-08-23T17:42:49Z,20214,28190,48935
2026-08-23T17:42:51Z,20214,28190,48935
2026-08-23T17:42:53Z,20214,28190,48935
2026-08-23T17:42:55Z,20214,28190,48935
2026-08-23T17:42:57Z,20214,28190,48935
2026-08-23T17:42:59Z,20214,28190,48935
2026-08-23T17:43:01Z,20214,28190,48935
2026-08-23T17:43:03Z,20214,28190,48935
2026-08-23T17:43:05Z,20214,28190,48935
2026-08-23T17:43:07Z,20214,28190,48935
2026-08-23T17:43:09Z,20214,28190,48935
2026-08-23T17:43:11Z,20214,28190,48935
2026-08-23T17:43:13Z,20214,28190,48935
2026-08-23T17:43:15Z,20214,28190,48935
2026-08-23T17:43:17Z,20214,28190,48935
2026-08-23T17:43:19Z,20214,28190,48935
2026-08-23T17:43:21Z,20214,28190,48935
2026-08-23T17:43:23Z,20214,28190,48935
2026-08-23T17:43:25Z,20214,28190,48935
2026-08-23T17:43:27Z,20214,28190,48935
2026-08-23T17:43:29Z,20214,28190,48935
2026-08-23T17:43:31Z,20214,28190,48935
2026-08-23T17:43:33Z,20214,28190,48935
2026-08-23T17:43:35Z,20214,28190,48935
2026-08-23T17:43:37Z,20214,28190,48935
2026-08-23T17:43:39Z,20214,28190,48935
2026-08-23T17:43:41Z,20214,28190,48935
2026-08-23T17:43:43Z,20214,28190,48935
2026-08-23T17:43:45Z,20214,28190,48935
2026-08-23T17:43:47Z,20214,28190,48935
2026-08-23T17:43:49Z,20214,28190,48935
2026-08-23T17:43:51Z,20214,28190,48935
2026-08-23T17:43:53Z,20214,28190,48935
2026-08-23T17:43:55Z,20214,28190,48935
2026-08-23T17:43:58Z,20214,28190,48935
2026-08-23T17:44:00Z,20214,28190,48935
2026-08-23T17:44:02Z,20214,28190,48935
2026-08-23T17:44:04Z,20214,28190,48935
2026-08-23T17:44:06Z,20214,28190,48935
2026-08-23T17:44:08Z,20214,28190,48935
2026-08-23T17:44:10Z,20214,28190,48935
2026-08-23T17:44:12Z,20214,28190,48935
2026-08-23T17:44:14Z,20214,28190,48935
2026-08-23T17:44:16Z,20214,28190,48935
2026-08-23T17:44:18Z,20214,28190,48935
2026-08-23T17:44:20Z,20214,28190,48935
2026-08-23T17:44:22Z,20214,28190,48935
2026-08-23T17:44:24Z,20214,28190,48935
2026-08-23T17:44:26Z,20214,28190,48935
2026-08-23T17:44:28Z,20214,28190,48935
2026-08-23T17:44:30Z,20214,28190,48935
2026-08-23T17:44:32Z,20214,28190,48935
2026-08-23T17:44:34Z,20214,28190,48935
2026-08-23T17:44:36Z,20214,28190,48935
2026-08-23T17:44:38Z,20214,28190,48935
2026-08-23T17:44:40Z,20214,28190,48935
2026-08-23T17:44:42Z,20214,28190,48935
2026-08-23T17:44:44Z,20214,28190,48935
2026-08-23T17:44:46Z,20214,28190,48935
2026-08-23T17:44:48Z,20214,28190,48935
2026-08-23T17:44:50Z,20214,28190,48935
2026-08-23T17:44:52Z,20214,28190,48935
2026-08-23T17:44:54Z,20214,28190,48935
2026-08-23T17:44:56Z,20214,28190,48935
2026-08-23T17:44:58Z,20214,28190,48935
2026-08-23T17:45:00Z,20214,28190,48935
2026-08-23T17:45:02Z,20214,28190,48935
2026-08-23T17:45:04Z,20214,28190,48935
2026-08-23T17:45:06Z,20214,28190,48935
2026-08-23T17:45:08Z,20214,28190,48935
2026-08-23T17:45:10Z,20214,28190,48935
2026-08-23T17:45:12Z,20214,28190,48935
2026-08-23T17:45:14Z,20214,28190,48935
2026-08-23T17:45:16Z,20214,28190,48935
2026-08-23T17:45:18Z,20214,28190,48935
2026-08-23T17:45:21Z,20214,28190,48935
2026-08-23T17:45:23Z,20214,28190,48935
2026-08-23T17:45:25Z,20214,28190,48935
2026-08-23T17:45:27Z,20214,28190,48935
2026-08-23T17:45:29Z,20214,28190,48935
2026-08-23T17:45:31Z,20214,28190,48935
2026-08-23T17:45:33Z,20214,28190,48935
2026-08-23T17:45:35Z,20214,28190,48935
2026-08-23T17:45:37Z,17059,31345,48935
2026-08-23T17:45:39Z,17398,31006,48935
2026-08-23T17:45:41Z,20214,28190,48935
2026-08-23T17:45:43Z,20214,28190,48935
2026-08-23T17:45:45Z,20214,28190,48935
2026-08-23T17:45:47Z,20214,28190,48935
2026-08-23T17:45:49Z,20214,28190,48935
2026-08-23T17:45:51Z,20214,28190,48935
2026-08-23T17:45:53Z,20214,28190,48935
2026-08-23T17:45:55Z,20214,28190,48935
2026-08-23T17:45:57Z,20214,28190,48935
2026-08-23T17:45:59Z,20214,28190,48935
2026-08-23T17:46:01Z,20214,28190,48935
2026-08-23T17:46:03Z,20214,28190,48935
2026-08-23T17:46:05Z,20214,28190,48935
2026-08-23T17:46:07Z,20214,28190,48935
2026-08-23T17:46:09Z,20214,28190,48935
2026-08-23T17:46:11Z,20214,28190,48935
2026-08-23T17:46:13Z,20214,28190,48935
2026-08-23T17:46:15Z,20214,28190,48935
2026-08-23T17:46:17Z,17059,31345,48935
2026-08-23T17:46:19Z,17398,31006,48935
2026-08-23T17:46:21Z,20214,28190,48935
2026-08-23T17:46:23Z,20214,28190,48935
2026-08-23T17:46:25Z,20214,28190,48935
2026-08-23T17:46:27Z,20214,28190,48935
2026-08-23T17:46:29Z,20214,28190,48935
2026-08-23T17:46:31Z,20214,28190,48935
2026-08-23T17:46:33Z,20214,28190,48935
2026-08-23T17:46:35Z,20214,28190,48935
2026-08-23T17:46:37Z,20214,28190,48935
2026-08-23T17:46:39Z,20214,28190,48935
2026-08-23T17:46:41Z,20214,28190,48935
2026-08-23T17:46:44Z,20214,28190,48935
2026-08-23T17:46:46Z,20214,28190,48935
2026-08-23T17:46:48Z,20214,28190,48935
2026-08-23T17:46:50Z,20214,28190,48935
2026-08-23T17:46:52Z,20214,28190,48935
2026-08-23T17:46:54Z,20214,28190,48935
2026-08-23T17:46:56Z,20214,28190,48935
2026-08-23T17:46:58Z,20214,28190,48935
2026-08-23T17:47:00Z,20214,28190,48935
2026-08-23T17:47:02Z,20214,28190,48935
2026-08-23T17:47:04Z,20214,28190,48935
2026-08-23T17:47:06Z,20214,28190,48935
2026-08-23T17:47:08Z,20214,28190,48935
2026-08-23T17:47:10Z,20214,28190,48935
2026-08-23T17:47:12Z,20214,28190,48935
2026-08-23T17:47:14Z,20214,28190,48935
2026-08-23T17:47:16Z,20214,28190,48935
2026-08-23T17:47:18Z,20214,28190,48935
2026-08-23T17:47:20Z,20214,28190,48935
2026-08-23T17:47:22Z,20214,28190,48935
2026-08-23T17:47:24Z,20214,28190,48935
2026-08-23T17:47:26Z,20214,28190,48935
2026-08-23T17:47:28Z,20214,28190,48935
2026-08-23T17:47:30Z,20214,28190,48935
2026-08-23T17:47:32Z,20214,28190,48935
2026-08-23T17:47:34Z,20214,28190,48935
2026-08-23T17:47:36Z,20214,28190,48935
2026-08-23T17:47:38Z,20214,28190,48935
2026-08-23T17:47:40Z,20214,28190,48935
2026-08-23T17:47:42Z,20214,28190,48935
2026-08-23T17:47:44Z,20214,28190,48935
2026-08-23T17:47:46Z,20214,28190,48935
2026-08-23T17:47:48Z,20214,28190,48935
2026-08-23T17:47:50Z,20214,28190,48935
2026-08-23T17:47:52Z,20214,28190,48935
2026-08-23T17:47:54Z,20214,28190,48935
2026-08-23T17:47:56Z,20214,28190,48935
2026-08-23T17:47:58Z,20214,28190,48935
2026-08-23T17:48:00Z,20214,28190,48935
2026-08-23T17:48:02Z,20214,28190,48935
2026-08-23T17:48:04Z,20214,28190,48935
2026-08-23T17:48:06Z,20214,28190,48935
2026-08-23T17:48:09Z,20214,28190,48935
2026-08-23T17:48:11Z,20214,28190,48935
2026-08-23T17:48:13Z,20214,28190,48935
2026-08-23T17:48:15Z,20214,28190,48935
2026-08-23T17:48:17Z,20214,28190,48935
2026-08-23T17:48:19Z,20214,28190,48935
2026-08-23T17:48:21Z,20214,28190,48935
2026-08-23T17:48:23Z,20214,28190,48935
2026-08-23T17:48:25Z,20214,28190,48935
2026-08-23T17:48:27Z,20214,28190,48935
2026-08-23T17:48:29Z,20214,28190,48935
2026-08-23T17:48:31Z,20214,28190,48935
2026-08-23T17:48:33Z,20214,28190,48935
2026-08-23T17:48:35Z,20214,28190,48935
2026-08-23T17:48:37Z,20214,28190,48935
2026-08-23T17:48:39Z,20214,28190,48935
2026-08-23T17:48:41Z,20214,28190,48935
2026-08-23T17:48:43Z,20214,28190,48935
2026-08-23T17:48:45Z,20214,28190,48935
2026-08-23T17:48:47Z,20214,28190,48935
2026-08-23T17:48:49Z,20214,28190,48935
2026-08-23T17:48:51Z,20214,28190,48935
2026-08-23T17:48:53Z,20214,28190,48935
2026-08-23T17:48:55Z,20214,28190,48935
2026-08-23T17:48:57Z,20214,28190,48935
2026-08-23T17:48:59Z,20214,28190,48935
2026-08-23T17:49:01Z,20214,28190,48935
2026-08-23T17:49:03Z,20214,28190,48935
2026-08-23T17:49:05Z,20214,28190,48935
2026-08-23T17:49:07Z,20214,28190,48935
2026-08-23T17:49:09Z,20214,28190,48935
2026-08-23T17:49:11Z,20214,28190,48935
2026-08-23T17:49:13Z,20214,28190,48935
2026-08-23T17:49:15Z,20214,28190,48935
2026-08-23T17:49:17Z,20214,28190,48935
2026-08-23T17:49:19Z,20214,28190,48935
2026-08-23T17:49:21Z,20214,28190,48935
2026-08-23T17:49:23Z,20214,28190,48935
2026-08-23T17:49:25Z,20214,28190,48935
2026-08-23T17:49:27Z,20214,28190,48935
2026-08-23T17:49:29Z,20214,28190,48935
2026-08-23T17:49:32Z,20214,28190,48935
2026-08-23T17:49:34Z,20214,28190,48935
2026-08-23T17:49:36Z,20214,28190,48935
2026-08-23T17:49:38Z,20214,28190,48935
2026-08-23T17:49:40Z,20214,28190,48935
2026-08-23T17:49:42Z,20214,28190,48935
2026-08-23T17:49:44Z,20214,28190,48935
2026-08-23T17:49:46Z,20214,28190,48935
2026-08-23T17:49:48Z,20214,28190,48935
2026-08-23T17:49:50Z,20214,28190,48935
2026-08-23T17:49:52Z,20214,28190,48935
2026-08-23T17:49:54Z,20214,28190,48935
2026-08-23T17:49:56Z,20214,28190,48935
2026-08-23T17:49:58Z,20214,28190,48935
2026-08-23T17:50:00Z,20214,28190,48935
2026-08-23T17:50:02Z,20214,28190,48935
2026-08-23T17:50:04Z,20214,28190,48935
2026-08-23T17:50:06Z,20214,28190,48935
2026-08-23T17:50:08Z,20214,28190,48935
2026-08-23T17:50:10Z,20214,28190,48935
2026-08-23T17:50:12Z,20214,28190,48935
2026-08-23T17:50:14Z,20214,28190,48935
2026-08-23T17:50:16Z,20214,28190,48935
2026-08-23T17:50:18Z,20214,28190,48935
2026-08-23T17:50:20Z,20214,28190,48935
2026-08-23T17:50:22Z,20214,28190,48935
2026-08-23T17:50:24Z,20214,28190,48935
2026-08-23T17:50:26Z,20214,28190,48935
2026-08-23T17:50:28Z,20214,28190,48935
2026-08-23T17:50:30Z,20214,28190,48935
2026-08-23T17:50:32Z,20214,28190,48935
2026-08-23T17:50:34Z,20214,28190,48935
2026-08-23T17:50:36Z,20214,28190,48935
2026-08-23T17:50:38Z,20214,28190,48935
2026-08-23T17:50:40Z,20214,28190,48935
2026-08-23T17:50:42Z,20214,28190,48935
2026-08-23T17:50:44Z,20214,28190,48935
2026-08-23T17:50:46Z,20214,28190,48935
2026-08-23T17:50:48Z,20214,28190,48935
2026-08-23T17:50:50Z,20214,28190,48935
2026-08-23T17:50:52Z,20214,28190,48935
2026-08-23T17:50:55Z,20214,28190,48935
2026-08-23T17:50:57Z,20214,28190,48935
2026-08-23T17:50:59Z,20214,28190,48935
2026-08-23T17:51:01Z,20214,28190,48935
2026-08-23T17:51:03Z,20214,28190,48935
2026-08-23T17:51:05Z,20214,28190,48935
2026-08-23T17:51:07Z,20214,28190,48935
2026-08-23T17:51:09Z,20214,28190,48935
2026-08-23T17:51:11Z,20214,28190,48935
2026-08-23T17:51:13Z,20214,28190,48935
2026-08-23T17:51:15Z,20214,28190,48935
2026-08-23T17:51:17Z,20214,28190,48935
2026-08-23T17:51:19Z,20214,28190,48935
2026-08-23T17:51:21Z,20214,28190,48935
2026-08-23T17:51:23Z,20214,28190,48935
2026-08-23T17:51:25Z,20214,28190,48935
2026-08-23T17:51:27Z,20214,28190,48935
2026-08-23T17:51:29Z,20214,28190,48935
2026-08-23T17:51:31Z,20214,28190,48935
2026-08-23T17:51:33Z,20214,28190,48935
2026-08-23T17:51:35Z,20214,28190,48935
2026-08-23T17:51:37Z,20214,28190,48935
2026-08-23T17:51:39Z,20214,28190,48935
2026-08-23T17:51:41Z,20214,28190,48935
2026-08-23T17:51:43Z,20214,28190,48935
2026-08-23T17:51:45Z,20214,28190,48935
2026-08-23T17:51:47Z,20214,28190,48935
2026-08-23T17:51:49Z,20214,28190,48935
2026-08-23T17:51:51Z,20214,28190,48935
2026-08-23T17:51:53Z,20214,28190,48935
2026-08-23T17:51:55Z,20214,28190,48935
2026-08-23T17:51:57Z,20214,28190,48935
2026-08-23T17:51:59Z,20214,28190,48935
2026-08-23T17:52:01Z,20214,28190,48935
2026-08-23T17:52:03Z,20214,28190,48935
2026-08-23T17:52:05Z,20214,28190,48935
2026-08-23T17:52:07Z,20214,28190,48935
2026-08-23T17:52:09Z,20214,28190,48935
2026-08-23T17:52:11Z,20214,28190,48935
2026-08-23T17:52:13Z,20214,28190,48935
2026-08-23T17:52:15Z,20214,28190,48935
2026-08-23T17:52:17Z,20214,28190,48935
2026-08-23T17:52:20Z,20214,28190,48935
2026-08-23T17:52:22Z,20214,28190,48935
2026-08-23T17:52:24Z,20214,28190,48935
2026-08-23T17:52:26Z,20214,28190,48935
2026-08-23T17:52:28Z,20214,28190,48935
2026-08-23T17:52:30Z,20214,28190,48935
2026-08-23T17:52:32Z,20214,28190,48935
2026-08-23T17:52:34Z,20214,28190,48935
2026-08-23T17:52:36Z,20214,28190,48935
2026-08-23T17:52:38Z,20214,28190,48935
2026-08-23T17:52:40Z,20214,28190,48935
2026-08-23T17:52:42Z,20214,28190,48935
2026-08-23T17:52:44Z,20214,28190,48935
2026-08-23T17:52:46Z,17059,31345,48935
2026-08-23T17:52:48Z,17398,31006,48935
2026-08-23T17:52:50Z,20214,28190,48935
2026-08-23T17:52:52Z,20214,28190,48935
2026-08-23T17:52:54Z,20214,28190,48935
2026-08-23T17:52:56Z,20214,28190,48935
2026-08-23T17:52:58Z,20214,28190,48935
2026-08-23T17:53:00Z,20214,28190,48935
2026-08-23T17:53:02Z,20214,28190,48935
2026-08-23T17:53:04Z,20214,28190,48935
2026-08-23T17:53:06Z,20214,28190,48935
2026-08-23T17:53:08Z,20214,28190,48935
2026-08-23T17:53:10Z,20214,28190,48935
2026-08-23T17:53:12Z,20214,28190,48935
2026-08-23T17:53:14Z,20214,28190,48935
2026-08-23T17:53:16Z,20214,28190,48935
2026-08-23T17:53:18Z,20214,28190,48935
2026-08-23T17:53:20Z,20214,28190,48935
2026-08-23T17:53:22Z,20214,28190,48935
2026-08-23T17:53:24Z,20214,28190,48935
2026-08-23T17:53:26Z,20214,28190,48935
2026-08-23T17:53:28Z,20214,28190,48935
2026-08-23T17:53:30Z,20214,28190,48935
2026-08-23T17:53:32Z,20214,28190,48935
2026-08-23T17:53:34Z,20214,28190,48935
2026-08-23T17:53:36Z,20214,28190,48935
2026-08-23T17:53:38Z,20214,28190,48935
2026-08-23T17:53:40Z,20214,28190,48935
2026-08-23T17:53:43Z,20214,28190,48935
2026-08-23T17:53:45Z,20214,28190,48935
2026-08-23T17:53:47Z,20214,28190,48935
2026-08-23T17:53:49Z,20214,28190,48935
2026-08-23T17:53:51Z,20214,28190,48935
2026-08-23T17:53:53Z,20214,28190,48935
2026-08-23T17:53:55Z,20214,28190,48935
2026-08-23T17:53:57Z,20214,28190,48935
2026-08-23T17:53:59Z,20214,28190,48935
2026-08-23T17:54:01Z,20214,28190,48935
2026-08-23T17:54:03Z,20214,28190,48935
2026-08-23T17:54:05Z,20214,28190,48935
2026-08-23T17:54:07Z,20214,28190,48935
2026-08-23T17:54:09Z,20214,28190,48935
2026-08-23T17:54:11Z,20214,28190,48935
2026-08-23T17:54:13Z,20214,28190,48935
2026-08-23T17:54:15Z,20214,28190,48935
2026-08-23T17:54:17Z,20214,28190,48935
2026-08-23T17:54:19Z,20214,28190,48935
2026-08-23T17:54:21Z,20214,28190,48935
2026-08-23T17:54:23Z,20214,28190,48935
2026-08-23T17:54:25Z,20214,28190,48935
2026-08-23T17:54:27Z,20214,28190,48935
2026-08-23T17:54:29Z,20214,28190,48935
2026-08-23T17:54:31Z,20214,28190,48935
2026-08-23T17:54:33Z,20214,28190,48935
2026-08-23T17:54:35Z,20214,28190,48935
2026-08-23T17:54:37Z,20214,28190,48935
2026-08-23T17:54:39Z,20214,28190,48935
2026-08-23T17:54:41Z,20214,28190,48935
2026-08-23T17:54:43Z,20214,28190,48935
2026-08-23T17:54:45Z,20214,28190,48935
2026-08-23T17:54:47Z,20214,28190,48935
2026-08-23T17:54:49Z,20214,28190,48935
2026-08-23T17:54:51Z,20214,28190,48935
2026-08-23T17:54:53Z,20214,28190,48935
2026-08-23T17:54:55Z,20214,28190,48935
2026-08-23T17:54:57Z,20214,28190,48935
2026-08-23T17:54:59Z,20214,28190,48935
2026-08-23T17:55:01Z,20214,28190,48935
2026-08-23T17:55:03Z,20214,28190,48935
2026-08-23T17:55:06Z,20214,28190,48935
2026-08-23T17:55:08Z,20214,28190,48935
2026-08-23T17:55:10Z,20214,28190,48935
2026-08-23T17:55:12Z,20214,28190,48935
2026-08-23T17:55:14Z,20214,28190,48935
2026-08-23T17:55:16Z,20214,28190,48935
2026-08-23T17:55:18Z,20214,28190,48935
2026-08-23T17:55:20Z,20214,28190,48935
2026-08-23T17:55:22Z,20214,28190,48935
2026-08-23T17:55:24Z,20214,28190,48935
2026-08-23T17:55:26Z,20214,28190,48935
2026-08-23T17:55:28Z,20214,28190,48935
2026-08-23T17:55:30Z,20214,28190,48935
2026-08-23T17:55:32Z,20214,28190,48935
2026-08-23T17:55:34Z,20214,28190,48935
2026-08-23T17:55:36Z,20214,28190,48935
2026-08-23T17:55:38Z,20214,28190,48935
2026-08-23T17:55:40Z,20214,28190,48935
2026-08-23T17:55:42Z,20214,28190,48935
2026-08-23T17:55:44Z,20214,28190,48935
2026-08-23T17:55:46Z,20214,28190,48935
2026-08-23T17:55:48Z,20214,28190,48935
2026-08-23T17:55:50Z,20214,28190,48935
2026-08-23T17:55:52Z,20214,28190,48935
2026-08-23T17:55:54Z,20214,28190,48935
2026-08-23T17:55:56Z,20214,28190,48935
2026-08-23T17:55:58Z,20214,28190,48935
2026-08-23T17:56:00Z,20214,28190,48935
2026-08-23T17:56:02Z,20214,28190,48935
2026-08-23T17:56:04Z,20214,28190,48935
2026-08-23T17:56:06Z,20214,28190,48935
2026-08-23T17:56:08Z,20214,28190,48935
2026-08-23T17:56:10Z,20214,28190,48935
2026-08-23T17:56:12Z,20214,28190,48935
2026-08-23T17:56:14Z,20214,28190,48935
2026-08-23T17:56:16Z,20214,28190,48935
2026-08-23T17:56:18Z,20214,28190,48935
2026-08-23T17:56:20Z,20214,28190,48935
2026-08-23T17:56:22Z,20214,28190,48935
2026-08-23T17:56:24Z,20214,28190,48935
2026-08-23T17:56:26Z,20214,28190,48935
2026-08-23T17:56:28Z,20214,28190,48935
2026-08-23T17:56:31Z,20214,28190,48935
2026-08-23T17:56:33Z,20214,28190,48935
2026-08-23T17:56:35Z,20214,28190,48935
2026-08-23T17:56:37Z,20214,28190,48935
2026-08-23T17:56:39Z,20214,28190,48935
2026-08-23T17:56:41Z,20214,28190,48935
2026-08-23T17:56:43Z,20214,28190,48935
2026-08-23T17:56:45Z,20214,28190,48935
2026-08-23T17:56:47Z,20214,28190,48935
2026-08-23T17:56:49Z,20214,28190,48935
2026-08-23T17:56:51Z,20214,28190,48935
2026-08-23T17:56:53Z,20214,28190,48935
2026-08-23T17:56:55Z,20214,28190,48935
2026-08-23T17:56:57Z,20214,28190,48935
2026-08-23T17:56:59Z,20214,28190,48935
2026-08-23T17:57:01Z,20214,28190,48935
2026-08-23T17:57:03Z,20214,28190,48935
2026-08-23T17:57:05Z,20214,28190,48935
2026-08-23T17:57:07Z,20214,28190,48935
2026-08-23T17:57:09Z,20214,28190,48935
2026-08-23T17:57:11Z,20214,28190,48935
2026-08-23T17:57:13Z,20214,28190,48935
2026-08-23T17:57:15Z,20214,28190,48935
2026-08-23T17:57:17Z,20214,28190,48935
2026-08-23T17:57:19Z,20214,28190,48935
2026-08-23T17:57:21Z,20214,28190,48935
2026-08-23T17:57:23Z,20214,28190,48935
2026-08-23T17:57:25Z,20214,28190,48935
2026-08-23T17:57:27Z,20214,28190,48935
2026-08-23T17:57:29Z,20214,28190,48935
2026-08-23T17:57:31Z,20214,28190,48935
2026-08-23T17:57:33Z,20214,28190,48935
2026-08-23T17:57:35Z,20214,28190,48935
2026-08-23T17:57:37Z,20214,28190,48935
2026-08-23T17:57:39Z,20214,28190,48935
2026-08-23T17:57:41Z,20214,28190,48935
2026-08-23T17:57:43Z,20214,28190,48935
2026-08-23T17:57:45Z,20214,28190,48935
2026-08-23T17:57:47Z,20214,28190,48935
2026-08-23T17:57:49Z,20214,28190,48935
2026-08-23T17:57:51Z,20214,28190,48935
2026-08-23T17:57:54Z,20214,28190,48935
2026-08-23T17:57:56Z,20214,28190,48935
2026-08-23T17:57:58Z,20214,28190,48935
2026-08-23T17:58:00Z,20214,28190,48935
2026-08-23T17:58:02Z,20214,28190,48935
2026-08-23T17:58:04Z,20214,28190,48935
2026-08-23T17:58:06Z,20214,28190,48935
2026-08-23T17:58:08Z,20214,28190,48935
2026-08-23T17:58:10Z,20214,28190,48935
2026-08-23T17:58:12Z,20214,28190,48935
2026-08-23T17:58:14Z,20214,28190,48935
2026-08-23T17:58:16Z,20214,28190,48935
2026-08-23T17:58:18Z,20214,28190,48935
2026-08-23T17:58:20Z,20214,28190,48935
2026-08-23T17:58:22Z,17059,31345,48935
2026-08-23T17:58:24Z,17398,31006,48935
2026-08-23T17:58:26Z,20214,28190,48935
2026-08-23T17:58:28Z,20214,28190,48935
2026-08-23T17:58:30Z,20214,28190,48935
2026-08-23T17:58:32Z,20214,28190,48935
2026-08-23T17:58:34Z,20214,28190,48935
2026-08-23T17:58:36Z,20214,28190,48935
2026-08-23T17:58:38Z,20214,28190,48935
2026-08-23T17:58:40Z,20214,28190,48935
2026-08-23T17:58:42Z,20214,28190,48935
2026-08-23T17:58:44Z,20214,28190,48935
2026-08-23T17:58:46Z,20214,28190,48935
2026-08-23T17:58:48Z,20214,28190,48935
2026-08-23T17:58:50Z,20214,28190,48935
2026-08-23T17:58:52Z,20214,28190,48935
2026-08-23T17:58:54Z,20214,28190,48935
2026-08-23T17:58:56Z,20214,28190,48935
2026-08-23T17:58:58Z,20214,28190,48935
2026-08-23T17:59:00Z,20214,28190,48935
2026-08-23T17:59:02Z,20214,28190,48935
2026-08-23T17:59:04Z,20214,28190,48935
2026-08-23T17:59:06Z,20214,28190,48935
2026-08-23T17:59:08Z,20214,28190,48935
2026-08-23T17:59:10Z,20214,28190,48935
2026-08-23T17:59:12Z,20214,28190,48935
2026-08-23T17:59:14Z,20214,28190,48935
2026-08-23T17:59:16Z,20214,28190,48935
2026-08-23T17:59:19Z,20214,28190,48935
2026-08-23T17:59:21Z,20214,28190,48935
2026-08-23T17:59:23Z,20214,28190,48935
2026-08-23T17:59:25Z,20214,28190,48935
2026-08-23T17:59:27Z,20214,28190,48935
2026-08-23T17:59:29Z,17059,31345,48935
2026-08-23T17:59:31Z,20214,28190,48935
2026-08-23T17:59:33Z,20214,28190,48935
2026-08-23T17:59:35Z,20214,28190,48935
2026-08-23T17:59:37Z,20214,28190,48935
2026-08-23T17:59:39Z,20214,28190,48935
2026-08-23T17:59:41Z,20214,28190,48935
2026-08-23T17:59:43Z,20214,28190,48935
2026-08-23T17:59:45Z,20214,28190,48935
2026-08-23T17:59:47Z,17059,31345,48935
2026-08-23T17:59:49Z,17398,31006,48935
2026-08-23T17:59:51Z,20214,28190,48935
2026-08-23T17:59:53Z,20214,28190,48935
2026-08-23T17:59:55Z,20214,28190,48935
2026-08-23T17:59:57Z,20214,28190,48935
2026-08-23T17:59:59Z,20214,28190,48935
2026-08-23T18:00:01Z,20214,28190,48935
2026-08-23T18:00:03Z,20214,28190,48935
2026-08-23T18:00:05Z,20214,28190,48935
2026-08-23T18:00:07Z,20214,28190,48935
2026-08-23T18:00:09Z,20214,28190,48935
2026-08-23T18:00:11Z,20214,28190,48935
2026-08-23T18:00:13Z,20214,28190,48935
2026-08-23T18:00:15Z,20214,28190,48935
2026-08-23T18:00:17Z,20214,28190,48935
2026-08-23T18:00:19Z,20214,28190,48935
2026-08-23T18:00:21Z,20214,28190,48935
2026-08-23T18:00:23Z,20214,28190,48935
2026-08-23T18:00:25Z,20214,28190,48935
2026-08-23T18:00:27Z,20214,28190,48935
2026-08-23T18:00:29Z,20214,28190,48935
2026-08-23T18:00:31Z,20214,28190,48935
2026-08-23T18:00:33Z,20214,28190,48935
2026-08-23T18:00:35Z,20214,28190,48935
2026-08-23T18:00:37Z,20214,28190,48935
2026-08-23T18:00:39Z,20214,28190,48935
2026-08-23T18:00:41Z,20214,28190,48935
2026-08-23T18:00:44Z,20214,28190,48935
2026-08-23T18:00:46Z,20214,28190,48935
2026-08-23T18:00:48Z,20214,28190,48935
2026-08-23T18:00:50Z,20214,28190,48935
2026-08-23T18:00:52Z,20214,28190,48935
2026-08-23T18:00:54Z,20214,28190,48935
2026-08-23T18:00:56Z,20214,28190,48935
2026-08-23T18:00:58Z,20214,28190,48935
2026-08-23T18:01:00Z,20214,28190,48935
2026-08-23T18:01:02Z,20214,28190,48935
2026-08-23T18:01:04Z,20214,28190,48935
2026-08-23T18:01:06Z,20214,28190,48935
2026-08-23T18:01:08Z,20214,28190,48935
2026-08-23T18:01:10Z,20214,28190,48935
2026-08-23T18:01:12Z,20214,28190,48935
2026-08-23T18:01:14Z,20214,28190,48935
2026-08-23T18:01:16Z,20214,28190,48935
2026-08-23T18:01:18Z,20214,28190,48935
2026-08-23T18:01:20Z,20214,28190,48935
2026-08-23T18:01:22Z,20214,28190,48935
2026-08-23T18:01:24Z,20214,28190,48935
2026-08-23T18:01:26Z,20214,28190,48935
2026-08-23T18:01:28Z,20214,28190,48935
2026-08-23T18:01:30Z,20214,28190,48935
2026-08-23T18:01:32Z,20214,28190,48935
2026-08-23T18:01:34Z,20214,28190,48935
2026-08-23T18:01:36Z,20214,28190,48935
2026-08-23T18:01:38Z,20214,28190,48935
2026-08-23T18:01:40Z,20214,28190,48935
2026-08-23T18:01:42Z,20214,28190,48935
2026-08-23T18:01:44Z,20214,28190,48935
2026-08-23T18:01:46Z,20214,28190,48935
2026-08-23T18:01:48Z,20214,28190,48935
2026-08-23T18:01:50Z,20214,28190,48935
2026-08-23T18:01:52Z,20214,28190,48935
2026-08-23T18:01:54Z,20214,28190,48935
2026-08-23T18:01:56Z,20214,28190,48935
2026-08-23T18:01:58Z,20214,28190,48935
2026-08-23T18:02:00Z,20214,28190,48935
2026-08-23T18:02:02Z,20214,28190,48935
2026-08-23T18:02:04Z,20214,28190,48935
2026-08-23T18:02:07Z,20214,28190,48935
2026-08-23T18:02:09Z,20214,28190,48935
2026-08-23T18:02:11Z,20214,28190,48935
2026-08-23T18:02:13Z,20214,28190,48935
2026-08-23T18:02:15Z,20214,28190,48935
2026-08-23T18:02:17Z,20214,28190,48935
2026-08-23T18:02:19Z,20214,28190,48935
2026-08-23T18:02:21Z,20214,28190,48935
2026-08-23T18:02:23Z,20214,28190,48935
2026-08-23T18:02:25Z,20214,28190,48935
2026-08-23T18:02:27Z,20214,28190,48935
2026-08-23T18:02:29Z,20214,28190,48935
2026-08-23T18:02:31Z,20214,28190,48935
2026-08-23T18:02:33Z,20214,28190,48935
2026-08-23T18:02:35Z,20214,28190,48935
2026-08-23T18:02:37Z,20214,28190,48935
2026-08-23T18:02:39Z,20214,28190,48935
2026-08-23T18:02:41Z,20214,28190,48935
2026-08-23T18:02:43Z,20214,28190,48935
2026-08-23T18:02:45Z,20214,28190,48935
2026-08-23T18:02:47Z,20214,28190,48935
2026-08-23T18:02:49Z,20214,28190,48935
2026-08-23T18:02:51Z,20214,28190,48935
2026-08-23T18:02:53Z,20214,28190,48935
2026-08-23T18:02:55Z,20214,28190,48935
2026-08-23T18:02:57Z,20214,28190,48935
2026-08-23T18:02:59Z,20214,28190,48935
2026-08-23T18:03:01Z,20214,28190,48935
2026-08-23T18:03:03Z,20214,28190,48935
2026-08-23T18:03:05Z,20214,28190,48935
2026-08-23T18:03:07Z,20214,28190,48935
2026-08-23T18:03:09Z,20214,28190,48935
2026-08-23T18:03:11Z,20214,28190,48935
2026-08-23T18:03:13Z,20214,28190,48935
2026-08-23T18:03:15Z,20214,28190,48935
2026-08-23T18:03:17Z,20214,28190,48935
2026-08-23T18:03:19Z,20214,28190,48935
2026-08-23T18:03:21Z,20214,28190,48935
2026-08-23T18:03:23Z,20214,28190,48935
2026-08-23T18:03:25Z,20214,28190,48935
2026-08-23T18:03:27Z,20214,28190,48935
2026-08-23T18:03:30Z,20214,28190,48935
2026-08-23T18:03:32Z,20214,28190,48935
2026-08-23T18:03:34Z,20214,28190,48935
2026-08-23T18:03:36Z,20214,28190,48935
2026-08-23T18:03:38Z,20214,28190,48935
2026-08-23T18:03:40Z,20214,28190,48935
2026-08-23T18:03:42Z,20214,28190,48935
2026-08-23T18:03:44Z,20214,28190,48935
2026-08-23T18:03:46Z,20214,28190,48935
2026-08-23T18:03:48Z,20214,28190,48935
2026-08-23T18:03:50Z,20214,28190,48935
2026-08-23T18:03:52Z,20214,28190,48935
2026-08-23T18:03:54Z,20214,28190,48935
2026-08-23T18:03:56Z,20214,28190,48935
2026-08-23T18:03:58Z,20214,28190,48935
2026-08-23T18:04:00Z,20214,28190,48935
2026-08-23T18:04:02Z,20214,28190,48935
2026-08-23T18:04:04Z,20214,28190,48935
2026-08-23T18:04:06Z,20214,28190,48935
2026-08-23T18:04:08Z,20214,28190,48935
2026-08-23T18:04:10Z,20214,28190,48935
2026-08-23T18:04:12Z,20214,28190,48935
2026-08-23T18:04:14Z,20214,28190,48935
2026-08-23T18:04:16Z,20214,28190,48935
2026-08-23T18:04:18Z,20214,28190,48935
2026-08-23T18:04:20Z,20214,28190,48935
2026-08-23T18:04:22Z,20214,28190,48935
2026-08-23T18:04:24Z,20214,28190,48935
2026-08-23T18:04:26Z,20214,28190,48935
2026-08-23T18:04:28Z,20214,28190,48935
2026-08-23T18:04:30Z,20214,28190,48935
2026-08-23T18:04:32Z,20214,28190,48935
2026-08-23T18:04:34Z,20214,28190,48935
2026-08-23T18:04:36Z,20214,28190,48935
2026-08-23T18:04:38Z,20214,28190,48935
2026-08-23T18:04:40Z,20214,28190,48935
2026-08-23T18:04:42Z,20214,28190,48935
2026-08-23T18:04:44Z,20214,28190,48935
2026-08-23T18:04:46Z,20214,28190,48935
2026-08-23T18:04:48Z,20214,28190,48935
2026-08-23T18:04:50Z,20214,28190,48935
2026-08-23T18:04:53Z,20214,28190,48935
2026-08-23T18:04:55Z,20214,28190,48935
2026-08-23T18:04:57Z,20214,28190,48935
2026-08-23T18:04:59Z,20214,28190,48935
2026-08-23T18:05:01Z,20214,28190,48935
2026-08-23T18:05:03Z,20214,28190,48935
2026-08-23T18:05:05Z,20214,28190,48935
2026-08-23T18:05:07Z,20214,28190,48935
2026-08-23T18:05:09Z,20214,28190,48935
2026-08-23T18:05:11Z,20214,28190,48935
2026-08-23T18:05:13Z,20214,28190,48935
2026-08-23T18:05:15Z,20214,28190,48935
2026-08-23T18:05:17Z,20214,28190,48935
2026-08-23T18:05:19Z,20214,28190,48935
2026-08-23T18:05:21Z,20214,28190,48935
2026-08-23T18:05:23Z,20214,28190,48935
2026-08-23T18:05:25Z,20214,28190,48935
2026-08-23T18:05:27Z,20214,28190,48935
2026-08-23T18:05:29Z,20214,28190,48935
2026-08-23T18:05:31Z,20214,28190,48935
2026-08-23T18:05:33Z,20214,28190,48935
2026-08-23T18:05:35Z,20214,28190,48935
2026-08-23T18:05:37Z,20214,28190,48935
2026-08-23T18:05:39Z,20214,28190,48935
2026-08-23T18:05:41Z,20214,28190,48935
2026-08-23T18:05:43Z,20214,28190,48935
2026-08-23T18:05:45Z,20214,28190,48935
2026-08-23T18:05:47Z,20214,28190,48935
2026-08-23T18:05:49Z,20214,28190,48935
2026-08-23T18:05:51Z,20214,28190,48935
2026-08-23T18:05:53Z,20214,28190,48935
2026-08-23T18:05:55Z,20214,28190,48935
2026-08-23T18:05:57Z,20214,28190,48935
2026-08-23T18:05:59Z,20214,28190,48935
2026-08-23T18:06:01Z,20214,28190,48935
2026-08-23T18:06:03Z,20214,28190,48935
2026-08-23T18:06:05Z,20214,28190,48935
2026-08-23T18:06:07Z,20214,28190,48935
2026-08-23T18:06:09Z,20214,28190,48935
2026-08-23T18:06:11Z,20214,28190,48935
2026-08-23T18:06:13Z,20214,28190,48935
2026-08-23T18:06:16Z,20214,28190,48935
2026-08-23T18:06:18Z,20214,28190,48935
2026-08-23T18:06:20Z,20214,28190,48935
2026-08-23T18:06:22Z,20214,28190,48935
2026-08-23T18:06:24Z,20214,28190,48935
2026-08-23T18:06:26Z,20214,28190,48935
2026-08-23T18:06:28Z,20214,28190,48935
2026-08-23T18:06:30Z,20214,28190,48935
2026-08-23T18:06:32Z,20214,28190,48935
2026-08-23T18:06:34Z,20214,28190,48935
2026-08-23T18:06:36Z,20214,28190,48935
2026-08-23T18:06:38Z,20214,28190,48935
2026-08-23T18:06:40Z,20214,28190,48935
2026-08-23T18:06:42Z,20214,28190,48935
2026-08-23T18:06:44Z,20214,28190,48935
2026-08-23T18:06:46Z,20214,28190,48935
2026-08-23T18:06:48Z,20214,28190,48935
2026-08-23T18:06:50Z,20214,28190,48935
2026-08-23T18:06:52Z,20214,28190,48935
2026-08-23T18:06:54Z,20214,28190,48935
2026-08-23T18:06:56Z,20214,28190,48935
2026-08-23T18:06:58Z,20214,28190,48935
2026-08-23T18:07:00Z,20214,28190,48935
2026-08-23T18:07:02Z,20214,28190,48935
2026-08-23T18:07:04Z,20214,28190,48935
2026-08-23T18:07:06Z,20214,28190,48935
2026-08-23T18:07:08Z,20214,28190,48935
2026-08-23T18:07:10Z,20214,28190,48935
2026-08-23T18:07:12Z,20214,28190,48935
2026-08-23T18:07:14Z,20214,28190,48935
2026-08-23T18:07:16Z,20214,28190,48935
2026-08-23T18:07:18Z,20214,28190,48935
2026-08-23T18:07:20Z,20214,28190,48935
2026-08-23T18:07:22Z,20214,28190,48935
2026-08-23T18:07:24Z,20214,28190,48935
2026-08-23T18:07:26Z,20214,28190,48935
2026-08-23T18:07:28Z,20214,28190,48935
2026-08-23T18:07:30Z,20214,28190,48935
2026-08-23T18:07:32Z,20214,28190,48935
2026-08-23T18:07:34Z,20214,28190,48935
2026-08-23T18:07:36Z,20214,28190,48935
2026-08-23T18:07:38Z,20214,28190,48935
2026-08-23T18:07:41Z,20214,28190,48935
2026-08-23T18:07:43Z,17059,31345,48935
2026-08-23T18:07:45Z,17398,31006,48935
2026-08-23T18:07:47Z,20214,28190,48935
2026-08-23T18:07:49Z,20214,28190,48935
2026-08-23T18:07:51Z,20214,28190,48935
2026-08-23T18:07:53Z,20214,28190,48935
2026-08-23T18:07:55Z,20214,28190,48935
2026-08-23T18:07:57Z,20214,28190,48935
2026-08-23T18:07:59Z,20214,28190,48935
2026-08-23T18:08:01Z,20214,28190,48935
2026-08-23T18:08:03Z,20214,28190,48935
2026-08-23T18:08:05Z,20214,28190,48935
2026-08-23T18:08:07Z,20214,28190,48935
2026-08-23T18:08:09Z,20214,28190,48935
2026-08-23T18:08:11Z,20214,28190,48935
2026-08-23T18:08:13Z,20214,28190,48935
2026-08-23T18:08:15Z,20214,28190,48935
2026-08-23T18:08:17Z,20214,28190,48935
2026-08-23T18:08:19Z,20214,28190,48935
2026-08-23T18:08:21Z,20214,28190,48935
2026-08-23T18:08:23Z,20214,28190,48935
2026-08-23T18:08:25Z,20214,28190,48935
2026-08-23T18:08:27Z,20214,28190,48935
2026-08-23T18:08:29Z,20214,28190,48935
2026-08-23T18:08:31Z,20214,28190,48935
2026-08-23T18:08:33Z,20214,28190,48935
2026-08-23T18:08:35Z,20214,28190,48935
2026-08-23T18:08:37Z,20214,28190,48935
2026-08-23T18:08:39Z,20214,28190,48935
2026-08-23T18:08:41Z,20214,28190,48935
2026-08-23T18:08:43Z,20214,28190,48935
2026-08-23T18:08:45Z,20214,28190,48935
2026-08-23T18:08:47Z,20214,28190,48935
2026-08-23T18:08:49Z,20214,28190,48935
2026-08-23T18:08:51Z,20214,28190,48935
2026-08-23T18:08:53Z,20214,28190,48935
2026-08-23T18:08:55Z,20214,28190,48935
2026-08-23T18:08:57Z,20214,28190,48935
2026-08-23T18:08:59Z,20214,28190,48935
2026-08-23T18:09:01Z,20214,28190,48935
2026-08-23T18:09:04Z,20214,28190,48935
2026-08-23T18:09:06Z,20214,28190,48935
2026-08-23T18:09:08Z,20214,28190,48935
2026-08-23T18:09:10Z,20214,28190,48935
2026-08-23T18:09:12Z,20214,28190,48935
2026-08-23T18:09:14Z,20214,28190,48935
2026-08-23T18:09:16Z,20214,28190,48935
2026-08-23T18:09:18Z,20214,28190,48935
2026-08-23T18:09:20Z,20214,28190,48935
2026-08-23T18:09:22Z,20214,28190,48935
2026-08-23T18:09:24Z,20214,28190,48935
2026-08-23T18:09:26Z,20214,28190,48935
2026-08-23T18:09:28Z,20214,28190,48935
2026-08-23T18:09:30Z,20214,28190,48935
2026-08-23T18:09:32Z,20214,28190,48935
2026-08-23T18:09:34Z,20214,28190,48935
2026-08-23T18:09:36Z,20214,28190,48935
2026-08-23T18:09:38Z,20214,28190,48935
2026-08-23T18:09:40Z,20214,28190,48935
2026-08-23T18:09:42Z,20214,28190,48935
2026-08-23T18:09:44Z,20214,28190,48935
2026-08-23T18:09:46Z,20214,28190,48935
2026-08-23T18:09:48Z,20214,28190,48935
2026-08-23T18:09:50Z,20214,28190,48935
2026-08-23T18:09:52Z,20214,28190,48935
2026-08-23T18:09:54Z,20214,28190,48935
2026-08-23T18:09:56Z,20214,28190,48935
2026-08-23T18:09:58Z,20214,28190,48935
2026-08-23T18:10:00Z,20214,28190,48935
2026-08-23T18:10:02Z,20214,28190,48935
2026-08-23T18:10:04Z,20214,28190,48935
2026-08-23T18:10:06Z,20214,28190,48935
2026-08-23T18:10:08Z,20214,28190,48935
2026-08-23T18:10:10Z,20214,28190,48935
2026-08-23T18:10:12Z,20214,28190,48935
2026-08-23T18:10:14Z,20214,28190,48935
2026-08-23T18:10:16Z,20214,28190,48935
2026-08-23T18:10:18Z,20214,28190,48935
2026-08-23T18:10:20Z,20214,28190,48935
2026-08-23T18:10:22Z,20214,28190,48935
2026-08-23T18:10:24Z,20214,28190,48935
2026-08-23T18:10:27Z,20214,28190,48935
2026-08-23T18:10:29Z,20214,28190,48935
2026-08-23T18:10:31Z,20214,28190,48935
2026-08-23T18:10:33Z,20214,28190,48935
2026-08-23T18:10:35Z,20214,28190,48935
2026-08-23T18:10:37Z,20214,28190,48935
2026-08-23T18:10:39Z,20214,28190,48935
2026-08-23T18:10:41Z,20214,28190,48935
2026-08-23T18:10:43Z,20214,28190,48935
2026-08-23T18:10:45Z,20214,28190,48935
2026-08-23T18:10:47Z,20214,28190,48935
2026-08-23T18:10:49Z,20214,28190,48935
2026-08-23T18:10:51Z,20214,28190,48935
2026-08-23T18:10:53Z,20214,28190,48935
2026-08-23T18:10:55Z,20214,28190,48935
2026-08-23T18:10:57Z,20214,28190,48935
2026-08-23T18:10:59Z,20214,28190,48935
2026-08-23T18:11:01Z,20214,28190,48935
2026-08-23T18:11:03Z,20214,28190,48935
2026-08-23T18:11:05Z,20214,28190,48935
2026-08-23T18:11:07Z,20214,28190,48935
2026-08-23T18:11:09Z,20214,28190,48935
2026-08-23T18:11:11Z,20214,28190,48935
2026-08-23T18:11:13Z,20214,28190,48935
2026-08-23T18:11:15Z,20214,28190,48935
2026-08-23T18:11:17Z,20214,28190,48935
2026-08-23T18:11:19Z,20214,28190,48935
2026-08-23T18:11:21Z,20214,28190,48935
2026-08-23T18:11:23Z,20214,28190,48935
2026-08-23T18:11:25Z,20214,28190,48935
2026-08-23T18:11:27Z,20214,28190,48935
2026-08-23T18:11:29Z,20214,28190,48935
2026-08-23T18:11:31Z,20214,28190,48935
2026-08-23T18:11:33Z,20214,28190,48935
2026-08-23T18:11:35Z,20214,28190,48935
2026-08-23T18:11:37Z,20214,28190,48935
2026-08-23T18:11:39Z,20214,28190,48935
2026-08-23T18:11:41Z,20214,28190,48935
2026-08-23T18:11:43Z,20214,28190,48935
2026-08-23T18:11:45Z,20214,28190,48935
2026-08-23T18:11:47Z,20214,28190,48935
2026-08-23T18:11:50Z,20214,28190,48935
2026-08-23T18:11:52Z,20214,28190,48935
2026-08-23T18:11:54Z,20214,28190,48935
2026-08-23T18:11:56Z,20214,28190,48935
2026-08-23T18:11:58Z,20214,28190,48935
2026-08-23T18:12:00Z,20214,28190,48935
2026-08-23T18:12:02Z,20214,28190,48935
2026-08-23T18:12:04Z,20214,28190,48935
2026-08-23T18:12:06Z,20214,28190,48935
2026-08-23T18:12:08Z,20214,28190,48935
2026-08-23T18:12:10Z,20214,28190,48935
2026-08-23T18:12:12Z,20214,28190,48935
2026-08-23T18:12:14Z,20214,28190,48935
2026-08-23T18:12:16Z,20214,28190,48935
2026-08-23T18:12:18Z,20214,28190,48935
2026-08-23T18:12:20Z,20214,28190,48935
2026-08-23T18:12:22Z,20214,28190,48935
2026-08-23T18:12:24Z,20214,28190,48935
2026-08-23T18:12:26Z,20214,28190,48935
2026-08-23T18:12:28Z,20214,28190,48935
2026-08-23T18:12:30Z,20214,28190,48935
2026-08-23T18:12:32Z,20214,28190,48935
2026-08-23T18:12:34Z,20214,28190,48935
2026-08-23T18:12:36Z,20214,28190,48935
2026-08-23T18:12:38Z,20214,28190,48935
2026-08-23T18:12:40Z,20214,28190,48935
2026-08-23T18:12:42Z,20214,28190,48935
2026-08-23T18:12:44Z,20214,28190,48935
2026-08-23T18:12:46Z,20214,28190,48935
2026-08-23T18:12:48Z,20214,28190,48935
2026-08-23T18:12:50Z,20214,28190,48935
2026-08-23T18:12:52Z,20214,28190,48935
2026-08-23T18:12:54Z,20214,28190,48935
2026-08-23T18:12:56Z,20214,28190,48935
2026-08-23T18:12:58Z,20214,28190,48935
2026-08-23T18:13:00Z,20214,28190,48935
2026-08-23T18:13:02Z,20214,28190,48935
2026-08-23T18:13:04Z,20214,28190,48935
2026-08-23T18:13:06Z,20214,28190,48935
2026-08-23T18:13:09Z,17059,31345,48935
2026-08-23T18:13:11Z,17398,31006,48935
2026-08-23T18:13:13Z,20214,28190,48935
2026-08-23T18:13:15Z,20214,28190,48935
2026-08-23T18:13:17Z,20214,28190,48935
2026-08-23T18:13:19Z,20214,28190,48935
2026-08-23T18:13:21Z,20214,28190,48935
2026-08-23T18:13:23Z,20214,28190,48935
2026-08-23T18:13:25Z,20214,28190,48935
2026-08-23T18:13:27Z,20214,28190,48935
2026-08-23T18:13:29Z,20214,28190,48935
2026-08-23T18:13:31Z,20214,28190,48935
2026-08-23T18:13:33Z,17059,31345,48935
2026-08-23T18:13:35Z,20214,28190,48935
2026-08-23T18:13:37Z,20214,28190,48935
2026-08-23T18:13:39Z,20214,28190,48935
2026-08-23T18:13:41Z,20214,28190,48935
2026-08-23T18:13:43Z,20214,28190,48935
2026-08-23T18:13:45Z,20214,28190,48935
2026-08-23T18:13:47Z,20214,28190,48935
2026-08-23T18:13:49Z,20214,28190,48935
2026-08-23T18:13:51Z,20214,28190,48935
2026-08-23T18:13:53Z,20214,28190,48935
2026-08-23T18:13:55Z,20214,28190,48935
2026-08-23T18:13:57Z,20214,28190,48935
2026-08-23T18:13:59Z,20214,28190,48935
2026-08-23T18:14:01Z,20214,28190,48935
2026-08-23T18:14:03Z,20214,28190,48935
2026-08-23T18:14:05Z,20214,28190,48935
2026-08-23T18:14:07Z,20214,28190,48935
2026-08-23T18:14:09Z,20214,28190,48935
2026-08-23T18:14:11Z,20214,28190,48935
2026-08-23T18:14:13Z,20214,28190,48935
2026-08-23T18:14:15Z,20214,28190,48935
2026-08-23T18:14:17Z,20214,28190,48935
2026-08-23T18:14:19Z,20214,28190,48935
2026-08-23T18:14:21Z,20214,28190,48935
2026-08-23T18:14:23Z,20214,28190,48935
2026-08-23T18:14:25Z,20214,28190,48935
2026-08-23T18:14:27Z,20214,28190,48935
2026-08-23T18:14:30Z,20214,28190,48935
2026-08-23T18:14:32Z,20214,28190,48935
2026-08-23T18:14:34Z,20214,28190,48935
2026-08-23T18:14:36Z,20214,28190,48935
2026-08-23T18:14:38Z,20214,28190,48935
2026-08-23T18:14:40Z,20214,28190,48935
2026-08-23T18:14:42Z,20214,28190,48935
2026-08-23T18:14:44Z,20214,28190,48935
2026-08-23T18:14:46Z,20214,28190,48935
2026-08-23T18:14:48Z,20214,28190,48935
2026-08-23T18:14:50Z,20214,28190,48935
2026-08-23T18:14:52Z,20214,28190,48935
2026-08-23T18:14:54Z,20214,28190,48935
2026-08-23T18:14:56Z,20214,28190,48935
2026-08-23T18:14:58Z,20214,28190,48935
2026-08-23T18:15:00Z,20214,28190,48935
2026-08-23T18:15:02Z,20214,28190,48935
2026-08-23T18:15:04Z,20214,28190,48935
2026-08-23T18:15:06Z,20214,28190,48935
2026-08-23T18:15:08Z,20214,28190,48935
2026-08-23T18:15:10Z,20214,28190,48935
2026-08-23T18:15:12Z,20214,28190,48935
2026-08-23T18:15:14Z,20214,28190,48935
2026-08-23T18:15:16Z,20214,28190,48935
2026-08-23T18:15:18Z,20214,28190,48935
2026-08-23T18:15:20Z,20214,28190,48935
2026-08-23T18:15:22Z,20214,28190,48935
2026-08-23T18:15:24Z,20214,28190,48935
2026-08-23T18:15:26Z,20214,28190,48935
2026-08-23T18:15:28Z,20214,28190,48935
2026-08-23T18:15:30Z,20214,28190,48935
2026-08-23T18:15:32Z,20214,28190,48935
2026-08-23T18:15:34Z,20214,28190,48935
2026-08-23T18:15:36Z,20214,28190,48935
2026-08-23T18:15:38Z,20214,28190,48935
2026-08-23T18:15:40Z,20214,28190,48935
2026-08-23T18:15:42Z,20214,28190,48935
2026-08-23T18:15:44Z,20214,28190,48935
2026-08-23T18:15:46Z,20214,28190,48935
2026-08-23T18:15:48Z,20214,28190,48935
2026-08-23T18:15:50Z,20214,28190,48935
2026-08-23T18:15:53Z,20214,28190,48935
2026-08-23T18:15:55Z,20214,28190,48935
2026-08-23T18:15:57Z,20214,28190,48935
2026-08-23T18:15:59Z,20214,28190,48935
2026-08-23T18:16:01Z,20214,28190,48935
2026-08-23T18:16:03Z,20214,28190,48935
2026-08-23T18:16:05Z,20214,28190,48935
2026-08-23T18:16:07Z,20214,28190,48935
2026-08-23T18:16:09Z,20214,28190,48935
2026-08-23T18:16:11Z,20214,28190,48935
2026-08-23T18:16:13Z,20214,28190,48935
2026-08-23T18:16:15Z,20214,28190,48935
2026-08-23T18:16:17Z,20214,28190,48935
2026-08-23T18:16:19Z,20214,28190,48935
2026-08-23T18:16:21Z,20214,28190,48935
2026-08-23T18:16:23Z,20214,28190,48935
2026-08-23T18:16:25Z,20214,28190,48935
2026-08-23T18:16:27Z,20214,28190,48935
2026-08-23T18:16:29Z,20214,28190,48935
2026-08-23T18:16:31Z,20214,28190,48935
2026-08-23T18:16:33Z,20214,28190,48935
2026-08-23T18:16:35Z,20214,28190,48935
2026-08-23T18:16:37Z,20214,28190,48935
2026-08-23T18:16:39Z,20214,28190,48935
2026-08-23T18:16:41Z,20214,28190,48935
2026-08-23T18:16:43Z,20214,28190,48935
2026-08-23T18:16:45Z,20214,28190,48935
2026-08-23T18:16:47Z,20214,28190,48935
2026-08-23T18:16:49Z,20214,28190,48935
2026-08-23T18:16:51Z,20214,28190,48935
2026-08-23T18:16:53Z,20214,28190,48935
2026-08-23T18:16:55Z,20214,28190,48935
2026-08-23T18:16:57Z,20214,28190,48935
2026-08-23T18:16:59Z,20214,28190,48935
2026-08-23T18:17:01Z,20214,28190,48935
2026-08-23T18:17:03Z,20214,28190,48935
2026-08-23T18:17:05Z,20214,28190,48935
2026-08-23T18:17:07Z,20214,28190,48935
2026-08-23T18:17:09Z,20214,28190,48935
2026-08-23T18:17:11Z,20214,28190,48935
2026-08-23T18:17:13Z,20214,28190,48935
2026-08-23T18:17:15Z,20214,28190,48935
2026-08-23T18:17:18Z,20214,28190,48935
2026-08-23T18:17:20Z,20214,28190,48935
2026-08-23T18:17:22Z,20214,28190,48935
2026-08-23T18:17:24Z,20214,28190,48935
2026-08-23T18:17:26Z,20214,28190,48935
2026-08-23T18:17:28Z,20214,28190,48935
2026-08-23T18:17:30Z,20214,28190,48935
2026-08-23T18:17:32Z,20214,28190,48935
2026-08-23T18:17:34Z,20214,28190,48935
2026-08-23T18:17:36Z,20214,28190,48935
2026-08-23T18:17:38Z,20214,28190,48935
2026-08-23T18:17:40Z,20214,28190,48935
2026-08-23T18:17:42Z,20214,28190,48935
2026-08-23T18:17:44Z,20214,28190,48935
2026-08-23T18:17:46Z,20214,28190,48935
2026-08-23T18:17:48Z,20214,28190,48935
2026-08-23T18:17:50Z,20214,28190,48935
2026-08-23T18:17:52Z,20214,28190,48935
2026-08-23T18:17:54Z,20214,28190,48935
2026-08-23T18:17:56Z,20214,28190,48935
2026-08-23T18:17:58Z,20214,28190,48935
2026-08-23T18:18:00Z,20214,28190,48935
2026-08-23T18:18:02Z,20214,28190,48935
2026-08-23T18:18:04Z,20214,28190,48935
2026-08-23T18:18:06Z,20214,28190,48935
2026-08-23T18:18:08Z,20214,28190,48935
2026-08-23T18:18:10Z,20214,28190,48935
2026-08-23T18:18:12Z,20214,28190,48935
2026-08-23T18:18:14Z,20214,28190,48935
2026-08-23T18:18:16Z,20214,28190,48935
2026-08-23T18:18:18Z,20214,28190,48935
2026-08-23T18:18:20Z,20214,28190,48935
2026-08-23T18:18:22Z,20214,28190,48935
2026-08-23T18:18:24Z,20214,28190,48935
2026-08-23T18:18:26Z,20214,28190,48935
2026-08-23T18:18:28Z,20214,28190,48935
2026-08-23T18:18:30Z,20214,28190,48935
2026-08-23T18:18:32Z,20214,28190,48935
2026-08-23T18:18:34Z,20214,28190,48935
2026-08-23T18:18:36Z,20214,28190,48935
2026-08-23T18:18:38Z,20214,28190,48935
2026-08-23T18:18:41Z,20214,28190,48935
2026-08-23T18:18:43Z,20214,28190,48935
2026-08-23T18:18:45Z,20214,28190,48935
2026-08-23T18:18:47Z,20214,28190,48935
2026-08-23T18:18:49Z,20214,28190,48935
2026-08-23T18:18:51Z,20214,28190,48935
2026-08-23T18:18:53Z,20214,28190,48935
2026-08-23T18:18:55Z,20214,28190,48935
2026-08-23T18:18:57Z,20214,28190,48935
2026-08-23T18:18:59Z,20214,28190,48935
2026-08-23T18:19:01Z,20214,28190,48935
2026-08-23T18:19:03Z,20214,28190,48935
2026-08-23T18:19:05Z,20214,28190,48935
2026-08-23T18:19:07Z,20214,28190,48935
2026-08-23T18:19:09Z,20214,28190,48935
2026-08-23T18:19:11Z,20214,28190,48935
2026-08-23T18:19:13Z,20214,28190,48935
2026-08-23T18:19:15Z,20214,28190,48935
2026-08-23T18:19:17Z,20214,28190,48935
2026-08-23T18:19:19Z,20214,28190,48935
2026-08-23T18:19:21Z,20214,28190,48935
2026-08-23T18:19:23Z,20214,28190,48935
2026-08-23T18:19:25Z,20214,28190,48935
2026-08-23T18:19:27Z,20214,28190,48935
2026-08-23T18:19:29Z,20214,28190,48935
2026-08-23T18:19:31Z,20214,28190,48935
2026-08-23T18:19:33Z,20214,28190,48935
2026-08-23T18:19:35Z,20214,28190,48935
2026-08-23T18:19:37Z,20214,28190,48935
2026-08-23T18:19:39Z,20214,28190,48935
2026-08-23T18:19:41Z,17059,31345,48935
2026-08-23T18:19:43Z,17398,31006,48935
2026-08-23T18:19:45Z,20214,28190,48935
2026-08-23T18:19:47Z,20214,28190,48935
2026-08-23T18:19:49Z,20214,28190,48935
2026-08-23T18:19:51Z,20214,28190,48935
2026-08-23T18:19:53Z,20214,28190,48935
2026-08-23T18:19:55Z,20214,28190,48935
2026-08-23T18:19:57Z,20214,28190,48935
2026-08-23T18:19:59Z,20214,28190,48935
2026-08-23T18:20:01Z,20214,28190,48935
2026-08-23T18:20:04Z,20214,28190,48935
2026-08-23T18:20:06Z,20214,28190,48935
2026-08-23T18:20:08Z,20214,28190,48935
2026-08-23T18:20:10Z,20214,28190,48935
2026-08-23T18:20:12Z,20214,28190,48935
2026-08-23T18:20:14Z,20214,28190,48935
2026-08-23T18:20:16Z,20214,28190,48935
2026-08-23T18:20:18Z,20214,28190,48935
2026-08-23T18:20:20Z,20214,28190,48935
2026-08-23T18:20:22Z,20214,28190,48935
2026-08-23T18:20:24Z,20214,28190,48935
2026-08-23T18:20:26Z,20214,28190,48935
2026-08-23T18:20:28Z,20214,28190,48935
2026-08-23T18:20:30Z,20214,28190,48935
2026-08-23T18:20:32Z,20214,28190,48935
2026-08-23T18:20:34Z,20214,28190,48935
2026-08-23T18:20:36Z,20214,28190,48935
2026-08-23T18:20:38Z,20214,28190,48935
2026-08-23T18:20:40Z,20214,28190,48935
2026-08-23T18:20:42Z,20214,28190,48935
2026-08-23T18:20:44Z,20214,28190,48935
2026-08-23T18:20:46Z,20214,28190,48935
2026-08-23T18:20:48Z,20214,28190,48935
2026-08-23T18:20:50Z,20214,28190,48935
2026-08-23T18:20:52Z,20214,28190,48935
2026-08-23T18:20:54Z,20214,28190,48935
2026-08-23T18:20:56Z,20214,28190,48935
2026-08-23T18:20:58Z,20214,28190,48935
2026-08-23T18:21:00Z,20214,28190,48935
2026-08-23T18:21:02Z,20214,28190,48935
2026-08-23T18:21:04Z,20214,28190,48935
2026-08-23T18:21:06Z,20214,28190,48935
2026-08-23T18:21:08Z,20214,28190,48935
2026-08-23T18:21:10Z,20214,28190,48935
2026-08-23T18:21:12Z,20214,28190,48935
2026-08-23T18:21:14Z,20214,28190,48935
2026-08-23T18:21:16Z,20214,28190,48935
2026-08-23T18:21:18Z,20214,28190,48935
2026-08-23T18:21:20Z,20214,28190,48935
2026-08-23T18:21:22Z,20214,28190,48935
2026-08-23T18:21:24Z,20214,28190,48935
2026-08-23T18:21:26Z,20214,28190,48935
2026-08-23T18:21:29Z,20214,28190,48935
2026-08-23T18:21:31Z,20214,28190,48935
2026-08-23T18:21:33Z,20214,28190,48935
2026-08-23T18:21:35Z,20214,28190,48935
2026-08-23T18:21:37Z,20214,28190,48935
2026-08-23T18:21:39Z,20214,28190,48935
2026-08-23T18:21:41Z,20214,28190,48935
2026-08-23T18:21:43Z,20214,28190,48935
2026-08-23T18:21:45Z,20214,28190,48935
2026-08-23T18:21:47Z,20214,28190,48935
2026-08-23T18:21:49Z,20214,28190,48935
2026-08-23T18:21:51Z,20214,28190,48935
2026-08-23T18:21:53Z,20214,28190,48935
2026-08-23T18:21:55Z,20214,28190,48935
2026-08-23T18:21:57Z,20214,28190,48935
2026-08-23T18:21:59Z,20214,28190,48935
2026-08-23T18:22:01Z,20214,28190,48935
2026-08-23T18:22:03Z,20214,28190,48935
2026-08-23T18:22:05Z,20214,28190,48935
2026-08-23T18:22:07Z,20214,28190,48935
2026-08-23T18:22:09Z,20214,28190,48935
2026-08-23T18:22:11Z,20214,28190,48935
2026-08-23T18:22:13Z,20214,28190,48935
2026-08-23T18:22:15Z,20214,28190,48935
2026-08-23T18:22:17Z,20214,28190,48935
2026-08-23T18:22:19Z,20214,28190,48935
2026-08-23T18:22:21Z,20214,28190,48935
2026-08-23T18:22:23Z,20214,28190,48935
2026-08-23T18:22:25Z,20214,28190,48935
2026-08-23T18:22:27Z,20214,28190,48935
2026-08-23T18:22:29Z,20214,28190,48935
2026-08-23T18:22:31Z,20214,28190,48935
2026-08-23T18:22:33Z,20214,28190,48935
2026-08-23T18:22:35Z,20214,28190,48935
2026-08-23T18:22:37Z,20214,28190,48935
2026-08-23T18:22:39Z,20214,28190,48935
2026-08-23T18:22:41Z,20214,28190,48935
2026-08-23T18:22:43Z,20214,28190,48935
2026-08-23T18:22:45Z,20214,28190,48935
2026-08-23T18:22:47Z,20214,28190,48935
2026-08-23T18:22:49Z,20214,28190,48935
2026-08-23T18:22:52Z,20214,28190,48935
2026-08-23T18:22:54Z,20214,28190,48935
2026-08-23T18:22:56Z,20214,28190,48935
2026-08-23T18:22:58Z,20214,28190,48935
2026-08-23T18:23:00Z,20214,28190,48935
2026-08-23T18:23:02Z,20214,28190,48935
2026-08-23T18:23:04Z,20214,28190,48935
2026-08-23T18:23:06Z,20214,28190,48935
2026-08-23T18:23:08Z,20214,28190,48935
2026-08-23T18:23:10Z,20214,28190,48935
2026-08-23T18:23:12Z,20214,28190,48935
2026-08-23T18:23:14Z,20214,28190,48935
2026-08-23T18:23:16Z,20214,28190,48935
2026-08-23T18:23:18Z,20214,28190,48935
2026-08-23T18:23:20Z,20214,28190,48935
2026-08-23T18:23:22Z,20214,28190,48935
2026-08-23T18:23:24Z,20214,28190,48935
2026-08-23T18:23:26Z,20214,28190,48935
2026-08-23T18:23:28Z,20214,28190,48935
2026-08-23T18:23:30Z,20214,28190,48935
2026-08-23T18:23:32Z,20214,28190,48935
2026-08-23T18:23:34Z,20214,28190,48935
2026-08-23T18:23:36Z,20214,28190,48935
2026-08-23T18:23:38Z,20214,28190,48935
2026-08-23T18:23:40Z,20214,28190,48935
2026-08-23T18:23:42Z,20214,28190,48935
2026-08-23T18:23:44Z,20214,28190,48935
2026-08-23T18:23:46Z,20214,28190,48935
2026-08-23T18:23:48Z,20214,28190,48935
2026-08-23T18:23:50Z,20214,28190,48935
2026-08-23T18:23:52Z,20214,28190,48935
2026-08-23T18:23:54Z,20214,28190,48935
2026-08-23T18:23:56Z,20214,28190,48935
2026-08-23T18:23:58Z,20214,28190,48935
2026-08-23T18:24:00Z,20214,28190,48935
2026-08-23T18:24:02Z,20214,28190,48935
2026-08-23T18:24:04Z,20214,28190,48935
2026-08-23T18:24:06Z,20214,28190,48935
2026-08-23T18:24:08Z,20214,28190,48935
2026-08-23T18:24:10Z,20214,28190,48935
2026-08-23T18:24:12Z,20214,28190,48935
2026-08-23T18:24:15Z,20214,28190,48935
2026-08-23T18:24:17Z,20214,28190,48935
2026-08-23T18:24:19Z,20214,28190,48935
2026-08-23T18:24:21Z,20214,28190,48935
2026-08-23T18:24:23Z,20214,28190,48935
2026-08-23T18:24:25Z,20214,28190,48935
2026-08-23T18:24:27Z,20214,28190,48935
2026-08-23T18:24:29Z,20214,28190,48935
2026-08-23T18:24:31Z,20214,28190,48935
2026-08-23T18:24:33Z,20214,28190,48935
2026-08-23T18:24:35Z,20214,28190,48935
2026-08-23T18:24:37Z,20214,28190,48935
2026-08-23T18:24:39Z,20214,28190,48935
2026-08-23T18:24:41Z,20214,28190,48935
2026-08-23T18:24:43Z,20214,28190,48935
2026-08-23T18:24:45Z,20214,28190,48935
2026-08-23T18:24:47Z,20214,28190,48935
2026-08-23T18:24:49Z,20214,28190,48935
2026-08-23T18:24:51Z,20214,28190,48935
2026-08-23T18:24:53Z,20214,28190,48935
2026-08-23T18:24:55Z,20214,28190,48935
2026-08-23T18:24:57Z,20214,28190,48935
2026-08-23T18:24:59Z,20214,28190,48935
2026-08-23T18:25:01Z,20214,28190,48935
2026-08-23T18:25:03Z,20214,28190,48935
2026-08-23T18:25:05Z,20214,28190,48935
2026-08-23T18:25:07Z,20214,28190,48935
2026-08-23T18:25:09Z,20214,28190,48935
2026-08-23T18:25:11Z,20214,28190,48935
2026-08-23T18:25:13Z,20214,28190,48935
2026-08-23T18:25:15Z,20214,28190,48935
2026-08-23T18:25:17Z,20214,28190,48935
2026-08-23T18:25:19Z,20214,28190,48935
2026-08-23T18:25:21Z,20214,28190,48935
2026-08-23T18:25:23Z,20214,28190,48935
2026-08-23T18:25:25Z,20214,28190,48935
2026-08-23T18:25:27Z,20214,28190,48935
2026-08-23T18:25:29Z,20214,28190,48935
2026-08-23T18:25:31Z,20214,28190,48935
2026-08-23T18:25:33Z,20214,28190,48935
2026-08-23T18:25:35Z,20214,28190,48935
2026-08-23T18:25:38Z,20214,28190,48935
2026-08-23T18:25:40Z,20214,28190,48935
2026-08-23T18:25:42Z,20214,28190,48935
2026-08-23T18:25:44Z,20214,28190,48935
2026-08-23T18:25:46Z,20214,28190,48935
2026-08-23T18:25:48Z,20214,28190,48935
2026-08-23T18:25:50Z,20214,28190,48935
2026-08-23T18:25:52Z,20214,28190,48935
2026-08-23T18:25:54Z,20214,28190,48935
2026-08-23T18:25:56Z,20214,28190,48935
2026-08-23T18:25:58Z,20214,28190,48935
2026-08-23T18:26:00Z,20214,28190,48935
2026-08-23T18:26:02Z,20214,28190,48935
2026-08-23T18:26:04Z,20214,28190,48935
2026-08-23T18:26:06Z,20214,28190,48935
2026-08-23T18:26:08Z,20214,28190,48935
2026-08-23T18:26:10Z,20214,28190,48935
2026-08-23T18:26:12Z,17059,31345,48935
2026-08-23T18:26:14Z,17398,31006,48935
2026-08-23T18:26:16Z,20214,28190,48935
2026-08-23T18:26:18Z,20214,28190,48935
2026-08-23T18:26:20Z,20214,28190,48935
2026-08-23T18:26:22Z,20214,28190,48935
2026-08-23T18:26:24Z,20214,28190,48935
2026-08-23T18:26:26Z,20214,28190,48935
2026-08-23T18:26:28Z,20214,28190,48935
2026-08-23T18:26:30Z,20214,28190,48935
2026-08-23T18:26:32Z,20214,28190,48935
2026-08-23T18:26:34Z,20214,28190,48935
2026-08-23T18:26:36Z,20214,28190,48935
2026-08-23T18:26:38Z,20214,28190,48935
2026-08-23T18:26:40Z,20214,28190,48935
2026-08-23T18:26:42Z,20214,28190,48935
2026-08-23T18:26:44Z,20214,28190,48935
2026-08-23T18:26:46Z,20214,28190,48935
2026-08-23T18:26:48Z,20214,28190,48935
2026-08-23T18:26:50Z,20214,28190,48935
2026-08-23T18:26:52Z,20214,28190,48935
2026-08-23T18:26:54Z,20214,28190,48935
2026-08-23T18:26:56Z,20214,28190,48935
2026-08-23T18:26:58Z,20214,28190,48935
2026-08-23T18:27:01Z,20214,28190,48935
2026-08-23T18:27:03Z,20214,28190,48935
2026-08-23T18:27:05Z,20214,28190,48935
2026-08-23T18:27:07Z,20214,28190,48935
2026-08-23T18:27:09Z,20214,28190,48935
2026-08-23T18:27:11Z,20214,28190,48935
2026-08-23T18:27:13Z,20214,28190,48935
2026-08-23T18:27:15Z,20214,28190,48935
2026-08-23T18:27:17Z,20214,28190,48935
2026-08-23T18:27:19Z,20214,28190,48935
2026-08-23T18:27:21Z,20214,28190,48935
2026-08-23T18:27:23Z,20214,28190,48935
2026-08-23T18:27:25Z,20214,28190,48935
2026-08-23T18:27:27Z,20214,28190,48935
2026-08-23T18:27:29Z,20214,28190,48935
2026-08-23T18:27:31Z,20214,28190,48935
2026-08-23T18:27:33Z,20214,28190,48935
2026-08-23T18:27:35Z,20214,28190,48935
2026-08-23T18:27:37Z,20214,28190,48935
2026-08-23T18:27:39Z,20214,28190,48935
2026-08-23T18:27:41Z,20214,28190,48935
2026-08-23T18:27:43Z,20214,28190,48935
2026-08-23T18:27:45Z,20214,28190,48935
2026-08-23T18:27:47Z,20214,28190,48935
2026-08-23T18:27:49Z,20214,28190,48935
2026-08-23T18:27:51Z,20214,28190,48935
2026-08-23T18:27:53Z,20214,28190,48935
2026-08-23T18:27:55Z,20214,28190,48935
2026-08-23T18:27:57Z,20214,28190,48935
2026-08-23T18:27:59Z,20214,28190,48935
2026-08-23T18:28:01Z,20214,28190,48935
2026-08-23T18:28:03Z,20214,28190,48935
2026-08-23T18:28:05Z,20214,28190,48935
2026-08-23T18:28:07Z,20214,28190,48935
2026-08-23T18:28:09Z,20214,28190,48935
2026-08-23T18:28:11Z,20214,28190,48935
2026-08-23T18:28:13Z,20214,28190,48935
2026-08-23T18:28:15Z,20214,28190,48935
2026-08-23T18:28:17Z,20214,28190,48935
2026-08-23T18:28:19Z,20214,28190,48935
2026-08-23T18:28:21Z,20214,28190,48935
2026-08-23T18:28:24Z,20214,28190,48935
2026-08-23T18:28:26Z,20214,28190,48935
2026-08-23T18:28:28Z,20214,28190,48935
2026-08-23T18:28:30Z,20214,28190,48935
2026-08-23T18:28:32Z,20214,28190,48935
2026-08-23T18:28:34Z,20214,28190,48935
2026-08-23T18:28:36Z,20214,28190,48935
2026-08-23T18:28:38Z,20214,28190,48935
2026-08-23T18:28:40Z,20214,28190,48935
2026-08-23T18:28:42Z,20214,28190,48935
2026-08-23T18:28:44Z,20214,28190,48935
2026-08-23T18:28:46Z,20214,28190,48935
2026-08-23T18:28:48Z,20214,28190,48935
2026-08-23T18:28:50Z,20214,28190,48935
2026-08-23T18:28:52Z,20214,28190,48935
2026-08-23T18:28:54Z,20214,28190,48935
2026-08-23T18:28:56Z,20214,28190,48935
2026-08-23T18:28:58Z,17059,31345,48935
2026-08-23T18:29:00Z,17398,31006,48935
2026-08-23T18:29:02Z,20214,28190,48935
2026-08-23T18:29:04Z,20214,28190,48935
2026-08-23T18:29:06Z,20214,28190,48935
2026-08-23T18:29:08Z,20214,28190,48935
2026-08-23T18:29:10Z,20214,28190,48935
2026-08-23T18:29:12Z,20214,28190,48935
2026-08-23T18:29:14Z,20214,28190,48935
2026-08-23T18:29:16Z,20214,28190,48935
2026-08-23T18:29:18Z,20214,28190,48935
2026-08-23T18:29:20Z,20214,28190,48935
2026-08-23T18:29:22Z,20214,28190,48935
2026-08-23T18:29:24Z,20214,28190,48935
2026-08-23T18:29:26Z,20214,28190,48935
2026-08-23T18:29:28Z,20214,28190,48935
2026-08-23T18:29:30Z,20214,28190,48935
2026-08-23T18:29:32Z,20214,28190,48935
2026-08-23T18:29:34Z,20214,28190,48935
2026-08-23T18:29:36Z,20214,28190,48935
2026-08-23T18:29:38Z,20214,28190,48935
2026-08-23T18:29:40Z,20214,28190,48935
2026-08-23T18:29:42Z,20214,28190,48935
2026-08-23T18:29:44Z,20214,28190,48935
2026-08-23T18:29:46Z,20214,28190,48935
2026-08-23T18:29:49Z,20214,28190,48935
2026-08-23T18:29:51Z,20214,28190,48935
2026-08-23T18:29:53Z,17059,31345,48935
2026-08-23T18:29:55Z,17398,31006,48935
2026-08-23T18:29:57Z,20214,28190,48935
2026-08-23T18:29:59Z,20214,28190,48935
2026-08-23T18:30:01Z,20214,28190,48935
2026-08-23T18:30:03Z,20214,28190,48935
2026-08-23T18:30:05Z,20214,28190,48935
2026-08-23T18:30:07Z,20214,28190,48935
2026-08-23T18:30:09Z,20214,28190,48935
2026-08-23T18:30:11Z,20214,28190,48935
2026-08-23T18:30:13Z,20214,28190,48935
2026-08-23T18:30:15Z,20214,28190,48935
2026-08-23T18:30:17Z,20214,28190,48935
2026-08-23T18:30:19Z,20214,28190,48935
2026-08-23T18:30:21Z,20214,28190,48935
2026-08-23T18:30:23Z,20214,28190,48935
2026-08-23T18:30:25Z,20214,28190,48935
2026-08-23T18:30:27Z,20214,28190,48935
2026-08-23T18:30:29Z,20214,28190,48935
2026-08-23T18:30:31Z,20214,28190,48935
2026-08-23T18:30:33Z,20214,28190,48935
2026-08-23T18:30:35Z,20214,28190,48935
2026-08-23T18:30:37Z,20214,28190,48935
2026-08-23T18:30:39Z,20214,28190,48935
2026-08-23T18:30:41Z,20214,28190,48935
2026-08-23T18:30:43Z,20214,28190,48935
2026-08-23T18:30:45Z,20214,28190,48935
2026-08-23T18:30:47Z,20214,28190,48935
2026-08-23T18:30:49Z,20214,28190,48935
2026-08-23T18:30:51Z,20214,28190,48935
2026-08-23T18:30:53Z,20214,28190,48935
2026-08-23T18:30:55Z,20214,28190,48935
2026-08-23T18:30:57Z,20214,28190,48935
2026-08-23T18:30:59Z,20214,28190,48935
2026-08-23T18:31:01Z,20214,28190,48935
2026-08-23T18:31:03Z,20214,28190,48935
2026-08-23T18:31:05Z,20214,28190,48935
2026-08-23T18:31:07Z,20214,28190,48935
2026-08-23T18:31:09Z,20214,28190,48935
2026-08-23T18:31:11Z,20214,28190,48935
2026-08-23T18:31:14Z,20214,28190,48935
2026-08-23T18:31:16Z,20214,28190,48935
2026-08-23T18:31:18Z,20214,28190,48935
2026-08-23T18:31:20Z,20214,28190,48935
2026-08-23T18:31:22Z,20214,28190,48935
2026-08-23T18:31:24Z,20214,28190,48935
2026-08-23T18:31:26Z,20214,28190,48935
2026-08-23T18:31:28Z,20214,28190,48935
2026-08-23T18:31:30Z,20214,28190,48935
2026-08-23T18:31:32Z,20214,28190,48935
2026-08-23T18:31:34Z,20214,28190,48935
2026-08-23T18:31:36Z,20214,28190,48935
2026-08-23T18:31:38Z,20214,28190,48935
2026-08-23T18:31:40Z,20214,28190,48935
2026-08-23T18:31:42Z,20214,28190,48935
2026-08-23T18:31:44Z,20214,28190,48935
2026-08-23T18:31:46Z,20214,28190,48935
2026-08-23T18:31:48Z,20214,28190,48935
2026-08-23T18:31:50Z,20214,28190,48935
2026-08-23T18:31:52Z,20214,28190,48935
2026-08-23T18:31:54Z,20214,28190,48935
2026-08-23T18:31:56Z,20214,28190,48935
2026-08-23T18:31:58Z,20214,28190,48935
2026-08-23T18:32:00Z,20214,28190,48935
2026-08-23T18:32:02Z,20214,28190,48935
2026-08-23T18:32:04Z,20214,28190,48935
2026-08-23T18:32:06Z,20214,28190,48935
2026-08-23T18:32:08Z,20214,28190,48935
2026-08-23T18:32:10Z,20214,28190,48935
2026-08-23T18:32:12Z,20214,28190,48935
2026-08-23T18:32:14Z,20214,28190,48935
2026-08-23T18:32:16Z,20214,28190,48935
2026-08-23T18:32:18Z,20214,28190,48935
2026-08-23T18:32:20Z,20214,28190,48935
2026-08-23T18:32:22Z,20214,28190,48935
2026-08-23T18:32:24Z,20214,28190,48935
2026-08-23T18:32:26Z,20214,28190,48935
2026-08-23T18:32:28Z,20214,28190,48935
2026-08-23T18:32:30Z,20214,28190,48935
2026-08-23T18:32:32Z,20214,28190,48935
2026-08-23T18:32:34Z,20214,28190,48935
2026-08-23T18:32:37Z,20214,28190,48935
2026-08-23T18:32:39Z,20214,28190,48935
2026-08-23T18:32:41Z,20214,28190,48935
2026-08-23T18:32:43Z,20214,28190,48935
2026-08-23T18:32:45Z,20214,28190,48935
2026-08-23T18:32:47Z,20214,28190,48935
2026-08-23T18:32:49Z,20214,28190,48935
2026-08-23T18:32:51Z,20214,28190,48935
2026-08-23T18:32:53Z,20214,28190,48935
2026-08-23T18:32:55Z,20214,28190,48935
2026-08-23T18:32:57Z,20214,28190,48935
2026-08-23T18:32:59Z,20214,28190,48935
2026-08-23T18:33:01Z,20214,28190,48935
2026-08-23T18:33:03Z,20214,28190,48935
2026-08-23T18:33:05Z,17059,31345,48935
2026-08-23T18:33:07Z,17398,31006,48935
2026-08-23T18:33:09Z,20214,28190,48935
2026-08-23T18:33:11Z,20214,28190,48935
2026-08-23T18:33:13Z,20214,28190,48935
2026-08-23T18:33:15Z,20214,28190,48935
2026-08-23T18:33:17Z,20214,28190,48935
2026-08-23T18:33:19Z,20214,28190,48935
2026-08-23T18:33:21Z,20214,28190,48935
2026-08-23T18:33:23Z,20214,28190,48935
2026-08-23T18:33:25Z,20214,28190,48935
2026-08-23T18:33:27Z,20214,28190,48935
2026-08-23T18:33:29Z,20214,28190,48935
2026-08-23T18:33:31Z,20214,28190,48935
2026-08-23T18:33:33Z,20214,28190,48935
2026-08-23T18:33:35Z,20214,28190,48935
2026-08-23T18:33:37Z,20214,28190,48935
2026-08-23T18:33:39Z,20214,28190,48935
2026-08-23T18:33:41Z,20214,28190,48935
2026-08-23T18:33:43Z,20214,28190,48935
2026-08-23T18:33:45Z,20214,28190,48935
2026-08-23T18:33:47Z,20214,28190,48935
2026-08-23T18:33:49Z,20214,28190,48935
2026-08-23T18:33:51Z,20214,28190,48935
2026-08-23T18:33:53Z,20214,28190,48935
2026-08-23T18:33:55Z,20214,28190,48935
2026-08-23T18:33:57Z,20214,28190,48935
2026-08-23T18:33:59Z,20214,28190,48935
2026-08-23T18:34:02Z,20214,28190,48935
2026-08-23T18:34:04Z,20214,28190,48935
2026-08-23T18:34:06Z,20214,28190,48935
2026-08-23T18:34:08Z,20214,28190,48935
2026-08-23T18:34:10Z,20214,28190,48935
2026-08-23T18:34:12Z,20214,28190,48935
2026-08-23T18:34:14Z,20214,28190,48935
2026-08-23T18:34:16Z,20214,28190,48935
2026-08-23T18:34:18Z,20214,28190,48935
2026-08-23T18:34:20Z,20214,28190,48935
2026-08-23T18:34:22Z,20214,28190,48935
2026-08-23T18:34:24Z,20214,28190,48935
2026-08-23T18:34:26Z,20214,28190,48935
2026-08-23T18:34:28Z,20214,28190,48935
2026-08-23T18:34:30Z,20214,28190,48935
2026-08-23T18:34:32Z,20214,28190,48935
2026-08-23T18:34:34Z,20214,28190,48935
2026-08-23T18:34:36Z,20214,28190,48935
2026-08-23T18:34:38Z,20214,28190,48935
2026-08-23T18:34:40Z,20214,28190,48935
2026-08-23T18:34:42Z,20214,28190,48935
2026-08-23T18:34:44Z,20214,28190,48935
2026-08-23T18:34:46Z,20214,28190,48935
2026-08-23T18:34:48Z,20214,28190,48935
2026-08-23T18:34:50Z,20214,28190,48935
2026-08-23T18:34:52Z,20214,28190,48935
2026-08-23T18:34:54Z,20214,28190,48935
2026-08-23T18:34:56Z,20214,28190,48935
2026-08-23T18:34:58Z,20214,28190,48935
2026-08-23T18:35:00Z,20214,28190,48935
2026-08-23T18:35:02Z,20214,28190,48935
2026-08-23T18:35:04Z,20214,28190,48935
2026-08-23T18:35:06Z,20214,28190,48935
2026-08-23T18:35:08Z,20214,28190,48935
2026-08-23T18:35:10Z,20214,28190,48935
2026-08-23T18:35:12Z,20214,28190,48935
2026-08-23T18:35:14Z,20214,28190,48935
2026-08-23T18:35:16Z,20214,28190,48935
2026-08-23T18:35:18Z,20214,28190,48935
2026-08-23T18:35:20Z,20214,28190,48935
2026-08-23T18:35:22Z,20214,28190,48935
2026-08-23T18:35:24Z,20214,28190,48935
2026-08-23T18:35:27Z,20214,28190,48935
2026-08-23T18:35:29Z,20214,28190,48935
2026-08-23T18:35:31Z,20214,28190,48935
2026-08-23T18:35:33Z,20214,28190,48935
2026-08-23T18:35:35Z,20214,28190,48935
2026-08-23T18:35:37Z,20214,28190,48935
2026-08-23T18:35:39Z,20214,28190,48935
2026-08-23T18:35:41Z,20214,28190,48935
2026-08-23T18:35:43Z,20214,28190,48935
2026-08-23T18:35:45Z,20214,28190,48935
2026-08-23T18:35:47Z,20214,28190,48935
2026-08-23T18:35:49Z,20214,28190,48935
2026-08-23T18:35:51Z,20214,28190,48935
2026-08-23T18:35:53Z,20214,28190,48935
2026-08-23T18:35:55Z,20214,28190,48935
2026-08-23T18:35:57Z,20214,28190,48935
2026-08-23T18:35:59Z,20214,28190,48935
2026-08-23T18:36:01Z,20214,28190,48935
2026-08-23T18:36:03Z,20214,28190,48935
2026-08-23T18:36:05Z,20214,28190,48935
2026-08-23T18:36:07Z,20214,28190,48935
2026-08-23T18:36:09Z,20214,28190,48935
2026-08-23T18:36:11Z,20214,28190,48935
2026-08-23T18:36:13Z,20214,28190,48935
2026-08-23T18:36:15Z,20214,28190,48935
2026-08-23T18:36:17Z,20214,28190,48935
2026-08-23T18:36:19Z,20214,28190,48935
2026-08-23T18:36:21Z,20214,28190,48935
2026-08-23T18:36:23Z,20214,28190,48935
2026-08-23T18:36:25Z,20214,28190,48935
2026-08-23T18:36:27Z,20214,28190,48935
2026-08-23T18:36:29Z,20214,28190,48935
2026-08-23T18:36:31Z,20214,28190,48935
2026-08-23T18:36:33Z,20214,28190,48935
2026-08-23T18:36:35Z,20214,28190,48935
2026-08-23T18:36:37Z,20214,28190,48935
2026-08-23T18:36:39Z,20214,28190,48935
2026-08-23T18:36:41Z,20214,28190,48935
2026-08-23T18:36:43Z,20214,28190,48935
2026-08-23T18:36:45Z,20214,28190,48935
2026-08-23T18:36:47Z,20214,28190,48935
2026-08-23T18:36:50Z,20214,28190,48935
2026-08-23T18:36:52Z,20214,28190,48935
2026-08-23T18:36:54Z,20214,28190,48935
2026-08-23T18:36:56Z,20214,28190,48935
2026-08-23T18:36:58Z,20214,28190,48935
2026-08-23T18:37:00Z,20214,28190,48935
2026-08-23T18:37:02Z,20214,28190,48935
2026-08-23T18:37:04Z,20214,28190,48935
2026-08-23T18:37:06Z,20214,28190,48935
2026-08-23T18:37:08Z,20214,28190,48935
2026-08-23T18:37:10Z,20214,28190,48935
2026-08-23T18:37:12Z,20214,28190,48935
2026-08-23T18:37:14Z,20214,28190,48935
2026-08-23T18:37:16Z,20214,28190,48935
2026-08-23T18:37:18Z,20214,28190,48935
2026-08-23T18:37:20Z,20214,28190,48935
2026-08-23T18:37:22Z,20214,28190,48935
2026-08-23T18:37:24Z,20214,28190,48935
2026-08-23T18:37:26Z,20214,28190,48935
2026-08-23T18:37:28Z,20214,28190,48935
2026-08-23T18:37:30Z,20214,28190,48935
2026-08-23T18:37:32Z,20214,28190,48935
2026-08-23T18:37:34Z,20214,28190,48935
2026-08-23T18:37:36Z,20214,28190,48935
2026-08-23T18:37:38Z,20214,28190,48935
2026-08-23T18:37:40Z,20214,28190,48935
2026-08-23T18:37:42Z,20214,28190,48935
2026-08-23T18:37:44Z,20214,28190,48935
2026-08-23T18:37:46Z,20214,28190,48935
2026-08-23T18:37:48Z,20214,28190,48935
2026-08-23T18:37:50Z,20214,28190,48935
2026-08-23T18:37:52Z,20214,28190,48935
2026-08-23T18:37:54Z,20214,28190,48935
2026-08-23T18:37:56Z,20214,28190,48935
2026-08-23T18:37:58Z,20214,28190,48935
2026-08-23T18:38:00Z,20214,28190,48935
2026-08-23T18:38:02Z,20214,28190,48935
2026-08-23T18:38:04Z,20214,28190,48935
2026-08-23T18:38:06Z,20214,28190,48935
2026-08-23T18:38:08Z,20214,28190,48935
2026-08-23T18:38:10Z,20214,28190,48935
2026-08-23T18:38:13Z,20214,28190,48935
2026-08-23T18:38:15Z,20214,28190,48935
2026-08-23T18:38:17Z,20214,28190,48935
2026-08-23T18:38:19Z,20214,28190,48935
2026-08-23T18:38:21Z,20214,28190,48935
2026-08-23T18:38:23Z,20214,28190,48935
2026-08-23T18:38:25Z,20214,28190,48935
2026-08-23T18:38:27Z,20214,28190,48935
2026-08-23T18:38:29Z,20214,28190,48935
2026-08-23T18:38:31Z,20214,28190,48935
2026-08-23T18:38:33Z,20214,28190,48935
2026-08-23T18:38:35Z,20214,28190,48935
2026-08-23T18:38:37Z,20214,28190,48935
2026-08-23T18:38:39Z,20214,28190,48935
2026-08-23T18:38:41Z,20214,28190,48935
2026-08-23T18:38:43Z,20214,28190,48935
2026-08-23T18:38:45Z,20214,28190,48935
2026-08-23T18:38:47Z,20214,28190,48935
2026-08-23T18:38:49Z,20214,28190,48935
2026-08-23T18:38:51Z,20214,28190,48935
2026-08-23T18:38:53Z,20214,28190,48935
2026-08-23T18:38:55Z,20214,28190,48935
2026-08-23T18:38:57Z,20214,28190,48935
2026-08-23T18:38:59Z,20214,28190,48935
2026-08-23T18:39:01Z,20214,28190,48935
2026-08-23T18:39:03Z,20214,28190,48935
2026-08-23T18:39:05Z,20214,28190,48935
2026-08-23T18:39:07Z,20214,28190,48935
2026-08-23T18:39:09Z,20214,28190,48935
2026-08-23T18:39:11Z,20214,28190,48935
2026-08-23T18:39:13Z,20214,28190,48935
2026-08-23T18:39:15Z,20214,28190,48935
2026-08-23T18:39:17Z,20214,28190,48935
2026-08-23T18:39:19Z,20214,28190,48935
2026-08-23T18:39:21Z,20214,28190,48935
2026-08-23T18:39:23Z,20214,28190,48935
2026-08-23T18:39:25Z,20214,28190,48935
2026-08-23T18:39:27Z,20214,28190,48935
2026-08-23T18:39:29Z,20214,28190,48935
2026-08-23T18:39:31Z,20214,28190,48935
2026-08-23T18:39:33Z,20214,28190,48935
2026-08-23T18:39:36Z,20214,28190,48935
2026-08-23T18:39:38Z,20214,28190,48935
2026-08-23T18:39:40Z,20214,28190,48935
2026-08-23T18:39:42Z,20214,28190,48935
2026-08-23T18:39:44Z,20214,28190,48935
2026-08-23T18:39:46Z,20214,28190,48935
2026-08-23T18:39:48Z,20214,28190,48935
2026-08-23T18:39:50Z,20214,28190,48935
2026-08-23T18:39:52Z,20214,28190,48935
2026-08-23T18:39:54Z,20214,28190,48935
2026-08-23T18:39:56Z,20214,28190,48935
2026-08-23T18:39:58Z,20214,28190,48935
2026-08-23T18:40:00Z,20214,28190,48935
2026-08-23T18:40:02Z,20214,28190,48935
2026-08-23T18:40:04Z,20214,28190,48935
2026-08-23T18:40:06Z,20214,28190,48935
2026-08-23T18:40:08Z,20214,28190,48935
2026-08-23T18:40:10Z,20214,28190,48935
2026-08-23T18:40:12Z,20214,28190,48935
2026-08-23T18:40:14Z,20214,28190,48935
2026-08-23T18:40:16Z,20214,28190,48935
2026-08-23T18:40:18Z,20214,28190,48935
2026-08-23T18:40:20Z,20214,28190,48935
2026-08-23T18:40:22Z,20214,28190,48935
2026-08-23T18:40:24Z,20214,28190,48935
2026-08-23T18:40:26Z,20214,28190,48935
2026-08-23T18:40:28Z,20214,28190,48935
2026-08-23T18:40:30Z,20214,28190,48935
2026-08-23T18:40:32Z,20214,28190,48935
2026-08-23T18:40:34Z,20214,28190,48935
2026-08-23T18:40:36Z,20214,28190,48935
2026-08-23T18:40:38Z,20214,28190,48935
2026-08-23T18:40:40Z,20214,28190,48935
2026-08-23T18:40:42Z,20214,28190,48935
2026-08-23T18:40:44Z,20214,28190,48935
2026-08-23T18:40:46Z,20214,28190,48935
2026-08-23T18:40:48Z,20214,28190,48935
2026-08-23T18:40:50Z,20214,28190,48935
2026-08-23T18:40:52Z,20214,28190,48935
2026-08-23T18:40:54Z,20214,28190,48935
2026-08-23T18:40:56Z,20214,28190,48935
2026-08-23T18:40:59Z,20214,28190,48935
2026-08-23T18:41:01Z,20214,28190,48935
2026-08-23T18:41:03Z,20214,28190,48935
2026-08-23T18:41:05Z,20214,28190,48935
2026-08-23T18:41:07Z,20214,28190,48935
2026-08-23T18:41:09Z,20214,28190,48935
2026-08-23T18:41:11Z,20214,28190,48935
2026-08-23T18:41:13Z,20214,28190,48935
2026-08-23T18:41:15Z,20214,28190,48935
2026-08-23T18:41:17Z,20214,28190,48935
2026-08-23T18:41:19Z,20214,28190,48935
2026-08-23T18:41:21Z,20214,28190,48935
2026-08-23T18:41:23Z,20214,28190,48935
2026-08-23T18:41:25Z,20214,28190,48935
2026-08-23T18:41:27Z,20214,28190,48935
2026-08-23T18:41:29Z,20214,28190,48935
2026-08-23T18:41:31Z,20214,28190,48935
2026-08-23T18:41:33Z,20214,28190,48935
2026-08-23T18:41:35Z,17059,31345,48935
2026-08-23T18:41:37Z,20214,28190,48935
2026-08-23T18:41:39Z,20214,28190,48935
2026-08-23T18:41:41Z,20214,28190,48935
2026-08-23T18:41:43Z,20214,28190,48935
2026-08-23T18:41:45Z,20214,28190,48935
2026-08-23T18:41:47Z,20214,28190,48935
2026-08-23T18:41:49Z,20214,28190,48935
2026-08-23T18:41:51Z,20214,28190,48935
2026-08-23T18:41:53Z,20214,28190,48935
2026-08-23T18:41:55Z,20214,28190,48935
2026-08-23T18:41:57Z,20214,28190,48935
2026-08-23T18:41:59Z,20214,28190,48935
2026-08-23T18:42:01Z,20214,28190,48935
2026-08-23T18:42:03Z,20214,28190,48935
2026-08-23T18:42:05Z,20214,28190,48935
2026-08-23T18:42:07Z,20214,28190,48935
2026-08-23T18:42:09Z,20214,28190,48935
2026-08-23T18:42:11Z,20214,28190,48935
2026-08-23T18:42:13Z,20214,28190,48935
2026-08-23T18:42:15Z,20214,28190,48935
2026-08-23T18:42:17Z,20214,28190,48935
2026-08-23T18:42:19Z,20214,28190,48935
2026-08-23T18:42:21Z,20214,28190,48935
2026-08-23T18:42:24Z,20214,28190,48935
2026-08-23T18:42:26Z,17059,31345,48935
2026-08-23T18:42:28Z,20214,28190,48935
2026-08-23T18:42:30Z,20214,28190,48935
2026-08-23T18:42:32Z,20214,28190,48935
2026-08-23T18:42:34Z,20214,28190,48935
2026-08-23T18:42:36Z,20214,28190,48935
2026-08-23T18:42:38Z,20214,28190,48935
2026-08-23T18:42:40Z,20214,28190,48935
2026-08-23T18:42:42Z,20214,28190,48935
2026-08-23T18:42:44Z,20214,28190,48935
2026-08-23T18:42:46Z,20214,28190,48935
2026-08-23T18:42:48Z,20214,28190,48935
2026-08-23T18:42:50Z,20214,28190,48935
2026-08-23T18:42:52Z,20214,28190,48935
2026-08-23T18:42:54Z,20214,28190,48935
2026-08-23T18:42:56Z,20214,28190,48935
2026-08-23T18:42:58Z,20214,28190,48935
2026-08-23T18:43:00Z,20214,28190,48935
2026-08-23T18:43:02Z,20214,28190,48935
2026-08-23T18:43:04Z,20214,28190,48935
2026-08-23T18:43:06Z,20214,28190,48935
2026-08-23T18:43:08Z,20214,28190,48935
2026-08-23T18:43:10Z,20214,28190,48935
2026-08-23T18:43:12Z,20214,28190,48935
2026-08-23T18:43:14Z,20214,28190,48935
2026-08-23T18:43:16Z,20214,28190,48935
2026-08-23T18:43:18Z,20214,28190,48935
2026-08-23T18:43:20Z,20214,28190,48935
2026-08-23T18:43:22Z,20214,28190,48935
2026-08-23T18:43:24Z,20214,28190,48935
2026-08-23T18:43:26Z,20214,28190,48935
2026-08-23T18:43:28Z,20214,28190,48935
2026-08-23T18:43:30Z,20214,28190,48935
2026-08-23T18:43:32Z,20214,28190,48935
2026-08-23T18:43:34Z,20214,28190,48935
2026-08-23T18:43:36Z,20214,28190,48935
2026-08-23T18:43:38Z,20214,28190,48935
2026-08-23T18:43:40Z,20214,28190,48935
2026-08-23T18:43:42Z,20214,28190,48935
2026-08-23T18:43:44Z,20214,28190,48935
2026-08-23T18:43:46Z,20214,28190,48935
2026-08-23T18:43:49Z,17059,31345,48935
2026-08-23T18:43:51Z,17398,31006,48935
2026-08-23T18:43:53Z,20214,28190,48935
2026-08-23T18:43:55Z,20214,28190,48935
2026-08-23T18:43:57Z,20214,28190,48935
2026-08-23T18:43:59Z,20214,28190,48935
2026-08-23T18:44:01Z,20214,28190,48935
2026-08-23T18:44:03Z,20214,28190,48935
2026-08-23T18:44:05Z,20214,28190,48935
2026-08-23T18:44:07Z,20214,28190,48935
2026-08-23T18:44:09Z,20214,28190,48935
2026-08-23T18:44:11Z,20214,28190,48935
2026-08-23T18:44:13Z,20214,28190,48935
2026-08-23T18:44:15Z,20214,28190,48935
2026-08-23T18:44:17Z,20214,28190,48935
2026-08-23T18:44:19Z,20214,28190,48935
2026-08-23T18:44:21Z,20214,28190,48935
2026-08-23T18:44:23Z,20214,28190,48935
2026-08-23T18:44:25Z,20214,28190,48935
2026-08-23T18:44:27Z,20214,28190,48935
2026-08-23T18:44:29Z,20214,28190,48935
2026-08-23T18:44:31Z,20214,28190,48935
2026-08-23T18:44:33Z,20214,28190,48935
2026-08-23T18:44:35Z,20214,28190,48935
2026-08-23T18:44:37Z,20214,28190,48935
2026-08-23T18:44:39Z,20214,28190,48935
2026-08-23T18:44:41Z,20214,28190,48935
2026-08-23T18:44:43Z,20214,28190,48935
2026-08-23T18:44:45Z,20214,28190,48935
2026-08-23T18:44:47Z,20214,28190,48935
2026-08-23T18:44:49Z,20214,28190,48935
2026-08-23T18:44:51Z,20214,28190,48935
2026-08-23T18:44:53Z,20214,28190,48935
2026-08-23T18:44:55Z,20214,28190,48935
2026-08-23T18:44:57Z,20214,28190,48935
2026-08-23T18:44:59Z,20214,28190,48935
2026-08-23T18:45:01Z,20214,28190,48935
2026-08-23T18:45:03Z,20214,28190,48935
2026-08-23T18:45:05Z,20214,28190,48935
2026-08-23T18:45:07Z,20214,28190,48935
2026-08-23T18:45:09Z,17059,31345,48935
2026-08-23T18:45:11Z,17398,31006,48935
2026-08-23T18:45:14Z,20214,28190,48935
2026-08-23T18:45:16Z,20214,28190,48935
2026-08-23T18:45:18Z,20214,28190,48935
2026-08-23T18:45:20Z,20214,28190,48935
2026-08-23T18:45:22Z,20214,28190,48935
2026-08-23T18:45:24Z,20214,28190,48935
2026-08-23T18:45:26Z,20214,28190,48935
2026-08-23T18:45:28Z,20214,28190,48935
2026-08-23T18:45:30Z,20214,28190,48935
2026-08-23T18:45:32Z,20214,28190,48935
2026-08-23T18:45:34Z,20214,28190,48935
2026-08-23T18:45:36Z,20214,28190,48935
2026-08-23T18:45:38Z,20214,28190,48935
2026-08-23T18:45:40Z,20214,28190,48935
2026-08-23T18:45:42Z,20214,28190,48935
2026-08-23T18:45:44Z,20214,28190,48935
2026-08-23T18:45:46Z,20214,28190,48935
2026-08-23T18:45:48Z,20214,28190,48935
2026-08-23T18:45:50Z,20214,28190,48935
2026-08-23T18:45:52Z,20214,28190,48935
2026-08-23T18:45:54Z,20214,28190,48935
2026-08-23T18:45:56Z,20214,28190,48935
2026-08-23T18:45:58Z,20214,28190,48935
2026-08-23T18:46:00Z,20214,28190,48935
2026-08-23T18:46:02Z,20214,28190,48935
2026-08-23T18:46:04Z,20214,28190,48935
2026-08-23T18:46:06Z,20214,28190,48935
2026-08-23T18:46:08Z,20214,28190,48935
2026-08-23T18:46:10Z,20214,28190,48935
2026-08-23T18:46:12Z,20214,28190,48935
2026-08-23T18:46:14Z,20214,28190,48935
2026-08-23T18:46:16Z,20214,28190,48935
2026-08-23T18:46:18Z,20214,28190,48935
2026-08-23T18:46:20Z,20214,28190,48935
2026-08-23T18:46:22Z,20214,28190,48935
2026-08-23T18:46:24Z,20214,28190,48935
2026-08-23T18:46:26Z,20214,28190,48935
2026-08-23T18:46:28Z,20214,28190,48935
2026-08-23T18:46:30Z,20214,28190,48935
2026-08-23T18:46:32Z,20214,28190,48935
2026-08-23T18:46:34Z,20214,28190,48935
2026-08-23T18:46:37Z,20214,28190,48935
2026-08-23T18:46:39Z,20214,28190,48935
2026-08-23T18:46:41Z,20214,28190,48935
2026-08-23T18:46:43Z,20214,28190,48935
2026-08-23T18:46:45Z,20214,28190,48935
2026-08-23T18:46:47Z,20214,28190,48935
2026-08-23T18:46:49Z,20214,28190,48935
2026-08-23T18:46:51Z,20214,28190,48935
2026-08-23T18:46:53Z,20214,28190,48935
2026-08-23T18:46:55Z,20214,28190,48935
2026-08-23T18:46:57Z,20214,28190,48935
2026-08-23T18:46:59Z,20214,28190,48935
2026-08-23T18:47:01Z,20214,28190,48935
2026-08-23T18:47:03Z,20214,28190,48935
2026-08-23T18:47:05Z,20214,28190,48935
2026-08-23T18:47:07Z,20214,28190,48935
2026-08-23T18:47:09Z,20214,28190,48935
2026-08-23T18:47:11Z,20214,28190,48935
2026-08-23T18:47:13Z,20214,28190,48935
2026-08-23T18:47:15Z,20214,28190,48935
2026-08-23T18:47:17Z,20214,28190,48935
2026-08-23T18:47:19Z,20214,28190,48935
2026-08-23T18:47:21Z,20214,28190,48935
2026-08-23T18:47:23Z,20214,28190,48935
2026-08-23T18:47:25Z,20214,28190,48935
2026-08-23T18:47:27Z,20214,28190,48935
2026-08-23T18:47:29Z,20214,28190,48935
2026-08-23T18:47:31Z,20214,28190,48935
2026-08-23T18:47:33Z,20214,28190,48935
2026-08-23T18:47:35Z,20214,28190,48935
2026-08-23T18:47:37Z,20214,28190,48935
2026-08-23T18:47:39Z,20214,28190,48935
2026-08-23T18:47:41Z,20214,28190,48935
2026-08-23T18:47:43Z,20214,28190,48935
2026-08-23T18:47:45Z,20214,28190,48935
2026-08-23T18:47:47Z,20214,28190,48935
2026-08-23T18:47:49Z,17059,31345,48935
2026-08-23T18:47:51Z,17398,31006,48935
2026-08-23T18:47:53Z,20214,28190,48935
2026-08-23T18:47:55Z,20214,28190,48935
2026-08-23T18:47:57Z,20214,28190,48935
2026-08-23T18:47:59Z,20214,28190,48935
2026-08-23T18:48:02Z,20214,28190,48935
2026-08-23T18:48:04Z,20214,28190,48935
2026-08-23T18:48:06Z,20214,28190,48935
2026-08-23T18:48:08Z,20214,28190,48935
2026-08-23T18:48:10Z,20214,28190,48935
2026-08-23T18:48:12Z,20214,28190,48935
2026-08-23T18:48:14Z,20214,28190,48935
2026-08-23T18:48:16Z,20214,28190,48935
2026-08-23T18:48:18Z,20214,28190,48935
2026-08-23T18:48:20Z,20214,28190,48935
2026-08-23T18:48:22Z,20214,28190,48935
2026-08-23T18:48:24Z,20214,28190,48935
2026-08-23T18:48:26Z,20214,28190,48935
2026-08-23T18:48:28Z,20214,28190,48935
2026-08-23T18:48:30Z,20214,28190,48935
2026-08-23T18:48:32Z,20214,28190,48935
2026-08-23T18:48:34Z,20214,28190,48935
2026-08-23T18:48:36Z,20214,28190,48935
2026-08-23T18:48:38Z,20214,28190,48935
2026-08-23T18:48:40Z,20214,28190,48935
2026-08-23T18:48:42Z,20214,28190,48935
2026-08-23T18:48:44Z,20214,28190,48935
2026-08-23T18:48:46Z,20214,28190,48935
2026-08-23T18:48:48Z,20214,28190,48935
2026-08-23T18:48:50Z,20214,28190,48935
2026-08-23T18:48:52Z,20214,28190,48935
2026-08-23T18:48:54Z,20214,28190,48935
2026-08-23T18:48:56Z,20214,28190,48935
2026-08-23T18:48:58Z,20214,28190,48935
2026-08-23T18:49:00Z,20214,28190,48935
2026-08-23T18:49:02Z,20214,28190,48935
2026-08-23T18:49:04Z,20214,28190,48935
2026-08-23T18:49:06Z,20214,28190,48935
2026-08-23T18:49:08Z,20214,28190,48935
2026-08-23T18:49:10Z,20214,28190,48935
2026-08-23T18:49:12Z,20214,28190,48935
2026-08-23T18:49:14Z,20214,28190,48935
2026-08-23T18:49:16Z,20214,28190,48935
2026-08-23T18:49:18Z,20214,28190,48935
2026-08-23T18:49:20Z,20214,28190,48935
2026-08-23T18:49:22Z,20214,28190,48935
2026-08-23T18:49:25Z,20214,28190,48935
2026-08-23T18:49:27Z,20214,28190,48935
2026-08-23T18:49:29Z,20214,28190,48935
2026-08-23T18:49:31Z,20214,28190,48935
2026-08-23T18:49:33Z,20214,28190,48935
2026-08-23T18:49:35Z,20214,28190,48935
2026-08-23T18:49:37Z,20214,28190,48935
2026-08-23T18:49:39Z,20214,28190,48935
2026-08-23T18:49:41Z,20214,28190,48935
2026-08-23T18:49:43Z,20214,28190,48935
2026-08-23T18:49:45Z,20214,28190,48935
2026-08-23T18:49:47Z,20214,28190,48935
2026-08-23T18:49:49Z,20214,28190,48935
2026-08-23T18:49:51Z,20214,28190,48935
2026-08-23T18:49:53Z,20214,28190,48935
2026-08-23T18:49:55Z,20214,28190,48935
2026-08-23T18:49:57Z,20214,28190,48935
2026-08-23T18:49:59Z,20214,28190,48935
2026-08-23T18:50:01Z,20214,28190,48935
2026-08-23T18:50:03Z,20214,28190,48935
2026-08-23T18:50:05Z,20214,28190,48935
2026-08-23T18:50:07Z,20214,28190,48935
2026-08-23T18:50:09Z,20214,28190,48935
2026-08-23T18:50:11Z,20214,28190,48935
2026-08-23T18:50:13Z,20214,28190,48935
2026-08-23T18:50:15Z,20214,28190,48935
2026-08-23T18:50:17Z,20214,28190,48935
2026-08-23T18:50:19Z,20214,28190,48935
2026-08-23T18:50:21Z,20214,28190,48935
2026-08-23T18:50:23Z,20214,28190,48935
2026-08-23T18:50:25Z,20214,28190,48935
2026-08-23T18:50:27Z,20214,28190,48935
2026-08-23T18:50:29Z,20214,28190,48935
2026-08-23T18:50:31Z,20214,28190,48935
2026-08-23T18:50:33Z,20214,28190,48935
2026-08-23T18:50:35Z,20214,28190,48935
2026-08-23T18:50:37Z,20214,28190,48935
2026-08-23T18:50:39Z,20214,28190,48935
2026-08-23T18:50:41Z,20214,28190,48935
2026-08-23T18:50:43Z,20214,28190,48935
2026-08-23T18:50:45Z,20214,28190,48935
2026-08-23T18:50:47Z,20214,28190,48935
2026-08-23T18:50:50Z,20214,28190,48935
2026-08-23T18:50:52Z,20214,28190,48935
2026-08-23T18:50:54Z,20214,28190,48935
2026-08-23T18:50:56Z,20214,28190,48935
2026-08-23T18:50:58Z,20214,28190,48935
2026-08-23T18:51:00Z,20214,28190,48935
2026-08-23T18:51:02Z,20214,28190,48935
2026-08-23T18:51:04Z,20214,28190,48935
2026-08-23T18:51:06Z,20214,28190,48935
2026-08-23T18:51:08Z,20214,28190,48935
2026-08-23T18:51:10Z,20214,28190,48935
2026-08-23T18:51:12Z,20214,28190,48935
2026-08-23T18:51:14Z,20214,28190,48935
2026-08-23T18:51:16Z,20214,28190,48935
2026-08-23T18:51:18Z,20214,28190,48935
2026-08-23T18:51:20Z,20214,28190,48935
2026-08-23T18:51:22Z,20214,28190,48935
2026-08-23T18:51:24Z,20214,28190,48935
2026-08-23T18:51:26Z,20214,28190,48935
2026-08-23T18:51:28Z,20214,28190,48935
2026-08-23T18:51:30Z,20214,28190,48935
2026-08-23T18:51:32Z,20214,28190,48935
2026-08-23T18:51:34Z,20214,28190,48935
2026-08-23T18:51:36Z,20214,28190,48935
2026-08-23T18:51:38Z,20214,28190,48935
2026-08-23T18:51:40Z,20214,28190,48935
2026-08-23T18:51:42Z,20214,28190,48935
2026-08-23T18:51:44Z,20214,28190,48935
2026-08-23T18:51:46Z,20214,28190,48935
2026-08-23T18:51:48Z,17059,31345,48935
2026-08-23T18:51:50Z,17398,31006,48935
2026-08-23T18:51:52Z,20214,28190,48935
2026-08-23T18:51:54Z,20214,28190,48935
2026-08-23T18:51:57Z,20214,28190,48935
2026-08-23T18:51:59Z,20214,28190,48935
2026-08-23T18:52:01Z,20214,28190,48935
2026-08-23T18:52:03Z,20214,28190,48935
2026-08-23T18:52:05Z,20214,28190,48935
2026-08-23T18:52:07Z,20214,28190,48935
2026-08-23T18:52:09Z,20214,28190,48935
2026-08-23T18:52:11Z,20214,28190,48935
2026-08-23T18:52:13Z,20214,28190,48935
2026-08-23T18:52:15Z,20214,28190,48935
2026-08-23T18:52:17Z,20214,28190,48935
2026-08-23T18:52:19Z,20214,28190,48935
2026-08-23T18:52:21Z,20214,28190,48935
2026-08-23T18:52:23Z,20214,28190,48935
2026-08-23T18:52:25Z,20214,28190,48935
2026-08-23T18:52:27Z,20214,28190,48935
2026-08-23T18:52:29Z,20214,28190,48935
2026-08-23T18:52:31Z,20214,28190,48935
2026-08-23T18:52:33Z,20214,28190,48935
2026-08-23T18:52:35Z,20214,28190,48935
2026-08-23T18:52:37Z,20214,28190,48935
2026-08-23T18:52:39Z,20214,28190,48935
2026-08-23T18:52:41Z,20214,28190,48935
2026-08-23T18:52:43Z,20214,28190,48935
2026-08-23T18:52:45Z,20214,28190,48935
2026-08-23T18:52:47Z,20214,28190,48935
2026-08-23T18:52:49Z,20214,28190,48935
2026-08-23T18:52:51Z,20214,28190,48935
2026-08-23T18:52:53Z,20214,28190,48935
2026-08-23T18:52:55Z,20214,28190,48935
2026-08-23T18:52:57Z,20214,28190,48935
2026-08-23T18:52:59Z,20214,28190,48935
2026-08-23T18:53:01Z,20214,28190,48935
2026-08-23T18:53:03Z,20214,28190,48935
2026-08-23T18:53:05Z,20214,28190,48935
2026-08-23T18:53:07Z,20214,28190,48935
2026-08-23T18:53:09Z,20214,28190,48935
2026-08-23T18:53:11Z,20214,28190,48935
2026-08-23T18:53:13Z,20214,28190,48935
2026-08-23T18:53:15Z,20214,28190,48935
2026-08-23T18:53:17Z,20214,28190,48935
2026-08-23T18:53:20Z,20214,28190,48935
2026-08-23T18:53:22Z,20214,28190,48935
2026-08-23T18:53:24Z,20214,28190,48935
2026-08-23T18:53:26Z,20214,28190,48935
2026-08-23T18:53:28Z,20214,28190,48935
2026-08-23T18:53:30Z,20214,28190,48935
2026-08-23T18:53:32Z,20214,28190,48935
2026-08-23T18:53:34Z,20214,28190,48935
2026-08-23T18:53:36Z,20214,28190,48935
2026-08-23T18:53:38Z,20214,28190,48935
2026-08-23T18:53:40Z,20214,28190,48935
2026-08-23T18:53:42Z,20214,28190,48935
2026-08-23T18:53:44Z,20214,28190,48935
2026-08-23T18:53:46Z,20214,28190,48935
2026-08-23T18:53:48Z,20214,28190,48935
2026-08-23T18:53:50Z,20214,28190,48935
2026-08-23T18:53:52Z,20214,28190,48935
2026-08-23T18:53:54Z,20214,28190,48935
2026-08-23T18:53:56Z,20214,28190,48935
2026-08-23T18:53:58Z,20214,28190,48935
2026-08-23T18:54:00Z,20214,28190,48935
2026-08-23T18:54:02Z,20214,28190,48935
2026-08-23T18:54:04Z,20214,28190,48935
2026-08-23T18:54:06Z,20214,28190,48935
2026-08-23T18:54:08Z,20214,28190,48935
2026-08-23T18:54:10Z,20214,28190,48935
2026-08-23T18:54:12Z,20214,28190,48935
2026-08-23T18:54:14Z,20214,28190,48935
2026-08-23T18:54:16Z,20214,28190,48935
2026-08-23T18:54:18Z,20214,28190,48935
2026-08-23T18:54:20Z,20214,28190,48935
2026-08-23T18:54:22Z,20214,28190,48935
2026-08-23T18:54:24Z,20214,28190,48935
2026-08-23T18:54:26Z,20214,28190,48935
2026-08-23T18:54:28Z,20214,28190,48935
2026-08-23T18:54:30Z,20214,28190,48935
2026-08-23T18:54:32Z,20214,28190,48935
2026-08-23T18:54:34Z,20214,28190,48935
2026-08-23T18:54:36Z,20214,28190,48935
2026-08-23T18:54:38Z,20214,28190,48935
2026-08-23T18:54:40Z,20214,28190,48935
2026-08-23T18:54:43Z,20214,28190,48935
2026-08-23T18:54:45Z,20214,28190,48935
2026-08-23T18:54:47Z,20214,28190,48935
2026-08-23T18:54:49Z,20214,28190,48935
2026-08-23T18:54:51Z,20214,28190,48935
2026-08-23T18:54:53Z,20214,28190,48935
2026-08-23T18:54:55Z,20214,28190,48935
2026-08-23T18:54:57Z,20214,28190,48935
2026-08-23T18:54:59Z,20214,28190,48935
2026-08-23T18:55:01Z,20214,28190,48935
2026-08-23T18:55:03Z,20214,28190,48935
2026-08-23T18:55:05Z,20214,28190,48935
2026-08-23T18:55:07Z,20214,28190,48935
2026-08-23T18:55:09Z,20214,28190,48935
2026-08-23T18:55:11Z,20214,28190,48935
2026-08-23T18:55:13Z,20214,28190,48935
2026-08-23T18:55:15Z,20214,28190,48935
2026-08-23T18:55:17Z,20214,28190,48935
2026-08-23T18:55:19Z,20214,28190,48935
2026-08-23T18:55:21Z,20214,28190,48935
2026-08-23T18:55:23Z,20214,28190,48935
2026-08-23T18:55:25Z,20214,28190,48935
2026-08-23T18:55:27Z,20214,28190,48935
2026-08-23T18:55:29Z,20214,28190,48935
2026-08-23T18:55:31Z,20214,28190,48935
2026-08-23T18:55:33Z,20214,28190,48935
2026-08-23T18:55:35Z,20214,28190,48935
2026-08-23T18:55:37Z,20214,28190,48935
2026-08-23T18:55:39Z,17059,31345,48935
2026-08-23T18:55:41Z,17398,31006,48935
2026-08-23T18:55:43Z,20214,28190,48935
2026-08-23T18:55:45Z,20214,28190,48935
2026-08-23T18:55:47Z,20214,28190,48935
2026-08-23T18:55:49Z,20214,28190,48935
2026-08-23T18:55:51Z,20214,28190,48935
2026-08-23T18:55:53Z,20214,28190,48935
2026-08-23T18:55:55Z,20214,28190,48935
2026-08-23T18:55:58Z,20214,28190,48935
2026-08-23T18:56:00Z,20214,28190,48935
2026-08-23T18:56:02Z,20214,28190,48935
2026-08-23T18:56:04Z,20214,28190,48935
2026-08-23T18:56:06Z,20214,28190,48935
2026-08-23T18:56:08Z,20214,28190,48935
2026-08-23T18:56:10Z,20214,28190,48935
2026-08-23T18:56:12Z,20214,28190,48935
2026-08-23T18:56:14Z,20214,28190,48935
2026-08-23T18:56:16Z,20214,28190,48935
2026-08-23T18:56:18Z,20214,28190,48935
2026-08-23T18:56:20Z,20214,28190,48935
2026-08-23T18:56:22Z,20214,28190,48935
2026-08-23T18:56:24Z,20214,28190,48935
2026-08-23T18:56:26Z,20214,28190,48935
2026-08-23T18:56:28Z,20214,28190,48935
2026-08-23T18:56:30Z,20214,28190,48935
2026-08-23T18:56:32Z,20214,28190,48935
2026-08-23T18:56:34Z,20214,28190,48935
2026-08-23T18:56:36Z,20214,28190,48935
2026-08-23T18:56:38Z,20214,28190,48935
2026-08-23T18:56:40Z,20214,28190,48935
2026-08-23T18:56:42Z,20214,28190,48935
2026-08-23T18:56:44Z,20214,28190,48935
2026-08-23T18:56:46Z,20214,28190,48935
2026-08-23T18:56:48Z,20214,28190,48935
2026-08-23T18:56:50Z,20214,28190,48935
2026-08-23T18:56:52Z,20214,28190,48935
2026-08-23T18:56:54Z,20214,28190,48935
2026-08-23T18:56:56Z,20214,28190,48935
2026-08-23T18:56:58Z,20214,28190,48935
2026-08-23T18:57:00Z,20214,28190,48935
2026-08-23T18:57:02Z,20214,28190,48935
2026-08-23T18:57:04Z,20214,28190,48935
2026-08-23T18:57:06Z,20214,28190,48935
2026-08-23T18:57:08Z,20214,28190,48935
2026-08-23T18:57:10Z,20214,28190,48935
2026-08-23T18:57:12Z,20214,28190,48935
2026-08-23T18:57:14Z,20214,28190,48935
2026-08-23T18:57:16Z,20214,28190,48935
2026-08-23T18:57:18Z,20214,28190,48935
2026-08-23T18:57:21Z,20214,28190,48935
2026-08-23T18:57:23Z,20214,28190,48935
2026-08-23T18:57:25Z,20214,28190,48935
2026-08-23T18:57:27Z,20214,28190,48935
2026-08-23T18:57:29Z,20214,28190,48935
2026-08-23T18:57:31Z,20214,28190,48935
2026-08-23T18:57:33Z,20214,28190,48935
2026-08-23T18:57:35Z,20214,28190,48935
2026-08-23T18:57:37Z,20214,28190,48935
2026-08-23T18:57:39Z,20214,28190,48935
2026-08-23T18:57:41Z,20214,28190,48935
2026-08-23T18:57:43Z,20214,28190,48935
2026-08-23T18:57:45Z,20214,28190,48935
2026-08-23T18:57:47Z,20214,28190,48935
2026-08-23T18:57:49Z,20214,28190,48935
2026-08-23T18:57:51Z,20214,28190,48935
2026-08-23T18:57:53Z,20214,28190,48935
2026-08-23T18:57:55Z,20214,28190,48935
2026-08-23T18:57:57Z,20214,28190,48935
2026-08-23T18:57:59Z,20214,28190,48935
2026-08-23T18:58:01Z,20214,28190,48935
2026-08-23T18:58:03Z,20214,28190,48935
2026-08-23T18:58:05Z,20214,28190,48935
2026-08-23T18:58:07Z,20214,28190,48935
2026-08-23T18:58:09Z,20214,28190,48935
2026-08-23T18:58:11Z,20214,28190,48935
2026-08-23T18:58:13Z,20214,28190,48935
2026-08-23T18:58:15Z,20214,28190,48935
2026-08-23T18:58:17Z,20214,28190,48935
2026-08-23T18:58:19Z,20214,28190,48935
2026-08-23T18:58:21Z,20214,28190,48935
2026-08-23T18:58:23Z,20214,28190,48935
2026-08-23T18:58:25Z,20214,28190,48935
2026-08-23T18:58:27Z,20214,28190,48935
2026-08-23T18:58:29Z,20214,28190,48935
2026-08-23T18:58:31Z,20214,28190,48935
2026-08-23T18:58:33Z,20214,28190,48935
2026-08-23T18:58:35Z,20214,28190,48935
2026-08-23T18:58:37Z,20214,28190,48935
2026-08-23T18:58:39Z,20214,28190,48935
2026-08-23T18:58:41Z,20214,28190,48935
2026-08-23T18:58:44Z,20214,28190,48935
2026-08-23T18:58:46Z,20214,28190,48935
2026-08-23T18:58:48Z,20214,28190,48935
2026-08-23T18:58:50Z,20214,28190,48935
2026-08-23T18:58:52Z,20214,28190,48935
2026-08-23T18:58:54Z,20214,28190,48935
2026-08-23T18:58:56Z,20214,28190,48935
2026-08-23T18:58:58Z,20214,28190,48935
2026-08-23T18:59:00Z,17059,31345,48935
2026-08-23T18:59:02Z,17398,31006,48935
2026-08-23T18:59:04Z,20214,28190,48935
2026-08-23T18:59:06Z,20214,28190,48935
2026-08-23T18:59:08Z,20214,28190,48935
2026-08-23T18:59:10Z,20214,28190,48935
2026-08-23T18:59:12Z,20214,28190,48935
2026-08-23T18:59:14Z,20214,28190,48935
2026-08-23T18:59:16Z,20214,28190,48935
2026-08-23T18:59:18Z,20214,28190,48935
2026-08-23T18:59:20Z,20214,28190,48935
2026-08-23T18:59:22Z,20214,28190,48935
2026-08-23T18:59:24Z,20214,28190,48935
2026-08-23T18:59:26Z,20214,28190,48935
2026-08-23T18:59:28Z,20214,28190,48935
2026-08-23T18:59:30Z,20214,28190,48935
2026-08-23T18:59:32Z,20214,28190,48935
2026-08-23T18:59:34Z,20214,28190,48935
2026-08-23T18:59:36Z,20214,28190,48935
2026-08-23T18:59:38Z,20214,28190,48935
2026-08-23T18:59:40Z,20214,28190,48935
2026-08-23T18:59:42Z,20214,28190,48935
2026-08-23T18:59:44Z,20214,28190,48935
2026-08-23T18:59:46Z,20214,28190,48935
2026-08-23T18:59:48Z,20214,28190,48935
2026-08-23T18:59:50Z,20214,28190,48935
2026-08-23T18:59:52Z,20214,28190,48935
2026-08-23T18:59:54Z,20214,28190,48935
2026-08-23T18:59:56Z,20214,28190,48935
2026-08-23T18:59:59Z,20214,28190,48935
2026-08-23T19:00:01Z,20214,28190,48935
2026-08-23T19:00:03Z,20214,28190,48935
2026-08-23T19:00:05Z,20214,28190,48935
2026-08-23T19:00:07Z,20214,28190,48935
2026-08-23T19:00:09Z,20214,28190,48935
2026-08-23T19:00:11Z,20214,28190,48935
2026-08-23T19:00:13Z,20214,28190,48935
2026-08-23T19:00:15Z,20214,28190,48935
2026-08-23T19:00:17Z,20214,28190,48935
2026-08-23T19:00:19Z,20214,28190,48935
2026-08-23T19:00:21Z,20214,28190,48935
2026-08-23T19:00:23Z,20214,28190,48935
2026-08-23T19:00:25Z,20214,28190,48935
2026-08-23T19:00:27Z,20214,28190,48935
2026-08-23T19:00:29Z,20214,28190,48935
2026-08-23T19:00:31Z,20214,28190,48935
2026-08-23T19:00:33Z,20214,28190,48935
2026-08-23T19:00:35Z,20214,28190,48935
2026-08-23T19:00:37Z,20214,28190,48935
2026-08-23T19:00:39Z,20214,28190,48935
2026-08-23T19:00:41Z,20214,28190,48935
2026-08-23T19:00:43Z,20214,28190,48935
2026-08-23T19:00:45Z,20214,28190,48935
2026-08-23T19:00:47Z,20214,28190,48935
2026-08-23T19:00:49Z,20214,28190,48935
2026-08-23T19:00:51Z,20214,28190,48935
2026-08-23T19:00:53Z,20214,28190,48935
2026-08-23T19:00:55Z,20214,28190,48935
2026-08-23T19:00:57Z,20214,28190,48935
2026-08-23T19:00:59Z,20214,28190,48935
2026-08-23T19:01:01Z,20214,28190,48935
2026-08-23T19:01:03Z,20214,28190,48935
2026-08-23T19:01:05Z,20214,28190,48935
2026-08-23T19:01:07Z,20214,28190,48935
2026-08-23T19:01:09Z,20214,28190,48935
2026-08-23T19:01:11Z,20214,28190,48935
2026-08-23T19:01:13Z,20214,28190,48935
2026-08-23T19:01:15Z,20214,28190,48935
2026-08-23T19:01:17Z,20214,28190,48935
2026-08-23T19:01:19Z,20214,28190,48935
2026-08-23T19:01:22Z,20214,28190,48935
2026-08-23T19:01:24Z,20214,28190,48935
2026-08-23T19:01:26Z,20214,28190,48935
2026-08-23T19:01:28Z,20214,28190,48935
2026-08-23T19:01:30Z,20214,28190,48935
2026-08-23T19:01:32Z,20214,28190,48935
2026-08-23T19:01:34Z,20214,28190,48935
2026-08-23T19:01:36Z,20214,28190,48935
2026-08-23T19:01:38Z,20214,28190,48935
2026-08-23T19:01:40Z,20214,28190,48935
2026-08-23T19:01:42Z,20214,28190,48935
2026-08-23T19:01:44Z,20214,28190,48935
2026-08-23T19:01:46Z,20214,28190,48935
2026-08-23T19:01:48Z,20214,28190,48935
2026-08-23T19:01:50Z,20214,28190,48935
2026-08-23T19:01:52Z,20214,28190,48935
2026-08-23T19:01:54Z,20214,28190,48935
2026-08-23T19:01:56Z,20214,28190,48935
2026-08-23T19:01:58Z,20214,28190,48935
2026-08-23T19:02:00Z,20214,28190,48935
2026-08-23T19:02:02Z,20214,28190,48935
2026-08-23T19:02:04Z,20214,28190,48935
2026-08-23T19:02:06Z,20214,28190,48935
2026-08-23T19:02:08Z,20214,28190,48935
2026-08-23T19:02:10Z,20214,28190,48935
2026-08-23T19:02:12Z,20214,28190,48935
2026-08-23T19:02:14Z,20214,28190,48935
2026-08-23T19:02:16Z,20214,28190,48935
2026-08-23T19:02:18Z,20214,28190,48935
2026-08-23T19:02:20Z,20214,28190,48935
2026-08-23T19:02:22Z,20214,28190,48935
2026-08-23T19:02:24Z,17059,31345,48935
2026-08-23T19:02:26Z,17398,31006,48935
2026-08-23T19:02:28Z,20214,28190,48935
2026-08-23T19:02:30Z,20214,28190,48935
2026-08-23T19:02:32Z,20214,28190,48935
2026-08-23T19:02:34Z,20214,28190,48935
2026-08-23T19:02:36Z,20214,28190,48935
2026-08-23T19:02:38Z,20214,28190,48935
2026-08-23T19:02:40Z,20214,28190,48935
2026-08-23T19:02:42Z,20214,28190,48935
2026-08-23T19:02:45Z,20214,28190,48935
2026-08-23T19:02:47Z,20214,28190,48935
2026-08-23T19:02:49Z,20214,28190,48935
2026-08-23T19:02:51Z,20214,28190,48935
2026-08-23T19:02:53Z,20214,28190,48935
2026-08-23T19:02:55Z,20214,28190,48935
2026-08-23T19:02:57Z,20214,28190,48935
2026-08-23T19:02:59Z,20214,28190,48935
2026-08-23T19:03:01Z,20214,28190,48935
2026-08-23T19:03:03Z,20214,28190,48935
2026-08-23T19:03:05Z,20214,28190,48935
2026-08-23T19:03:07Z,20214,28190,48935
2026-08-23T19:03:09Z,20214,28190,48935
2026-08-23T19:03:11Z,20214,28190,48935
2026-08-23T19:03:13Z,20214,28190,48935
2026-08-23T19:03:15Z,17059,31345,48935
2026-08-23T19:03:17Z,17398,31006,48935
2026-08-23T19:03:19Z,20214,28190,48935
2026-08-23T19:03:21Z,20214,28190,48935
2026-08-23T19:03:23Z,20214,28190,48935
2026-08-23T19:03:25Z,20214,28190,48935
2026-08-23T19:03:27Z,20214,28190,48935
2026-08-23T19:03:29Z,20214,28190,48935
2026-08-23T19:03:31Z,20214,28190,48935
2026-08-23T19:03:33Z,20214,28190,48935
2026-08-23T19:03:35Z,20214,28190,48935
2026-08-23T19:03:37Z,20214,28190,48935
2026-08-23T19:03:39Z,20214,28190,48935
2026-08-23T19:03:41Z,20214,28190,48935
2026-08-23T19:03:43Z,20214,28190,48935
2026-08-23T19:03:45Z,20214,28190,48935
2026-08-23T19:03:47Z,20214,28190,48935
2026-08-23T19:03:49Z,20214,28190,48935
2026-08-23T19:03:51Z,20214,28190,48935
2026-08-23T19:03:53Z,20214,28190,48935
2026-08-23T19:03:55Z,20214,28190,48935
2026-08-23T19:03:57Z,20214,28190,48935
2026-08-23T19:03:59Z,20214,28190,48935
2026-08-23T19:04:01Z,20214,28190,48935
2026-08-23T19:04:03Z,20214,28190,48935
2026-08-23T19:04:05Z,20214,28190,48935
2026-08-23T19:04:08Z,20214,28190,48935
2026-08-23T19:04:10Z,20214,28190,48935
2026-08-23T19:04:12Z,20214,28190,48935
2026-08-23T19:04:14Z,20214,28190,48935
2026-08-23T19:04:16Z,20214,28190,48935
2026-08-23T19:04:18Z,20214,28190,48935
2026-08-23T19:04:20Z,20214,28190,48935
2026-08-23T19:04:22Z,20214,28190,48935
2026-08-23T19:04:24Z,20214,28190,48935
2026-08-23T19:04:26Z,20214,28190,48935
2026-08-23T19:04:28Z,20214,28190,48935
2026-08-23T19:04:30Z,20214,28190,48935
2026-08-23T19:04:32Z,20214,28190,48935
2026-08-23T19:04:34Z,20214,28190,48935
2026-08-23T19:04:36Z,20214,28190,48935
2026-08-23T19:04:38Z,20214,28190,48935
2026-08-23T19:04:40Z,20214,28190,48935
2026-08-23T19:04:42Z,20214,28190,48935
2026-08-23T19:04:44Z,20214,28190,48935
2026-08-23T19:04:46Z,20214,28190,48935
2026-08-23T19:04:48Z,20214,28190,48935
2026-08-23T19:04:50Z,20214,28190,48935
2026-08-23T19:04:52Z,20214,28190,48935
2026-08-23T19:04:54Z,20214,28190,48935
2026-08-23T19:04:56Z,20214,28190,48935
2026-08-23T19:04:58Z,20214,28190,48935
2026-08-23T19:05:00Z,20214,28190,48935
2026-08-23T19:05:02Z,20214,28190,48935
2026-08-23T19:05:04Z,20214,28190,48935
2026-08-23T19:05:06Z,20214,28190,48935
2026-08-23T19:05:08Z,20214,28190,48935
2026-08-23T19:05:10Z,20214,28190,48935
2026-08-23T19:05:12Z,20214,28190,48935
2026-08-23T19:05:14Z,20214,28190,48935
2026-08-23T19:05:16Z,20214,28190,48935
2026-08-23T19:05:18Z,20214,28190,48935
2026-08-23T19:05:20Z,20214,28190,48935
2026-08-23T19:05:22Z,20214,28190,48935
2026-08-23T19:05:24Z,20214,28190,48935
2026-08-23T19:05:26Z,20214,28190,48935
2026-08-23T19:05:28Z,20214,28190,48935
2026-08-23T19:05:30Z,20214,28190,48935
2026-08-23T19:05:33Z,20214,28190,48935
2026-08-23T19:05:35Z,20214,28190,48935
2026-08-23T19:05:37Z,20214,28190,48935
2026-08-23T19:05:39Z,20214,28190,48935
2026-08-23T19:05:41Z,20214,28190,48935
2026-08-23T19:05:43Z,20214,28190,48935
2026-08-23T19:05:45Z,20214,28190,48935
2026-08-23T19:05:47Z,20214,28190,48935
2026-08-23T19:05:49Z,20214,28190,48935
2026-08-23T19:05:51Z,20214,28190,48935
2026-08-23T19:05:53Z,20214,28190,48935
2026-08-23T19:05:55Z,20214,28190,48935
2026-08-23T19:05:57Z,20214,28190,48935
2026-08-23T19:05:59Z,20214,28190,48935
2026-08-23T19:06:01Z,20214,28190,48935
2026-08-23T19:06:03Z,20214,28190,48935
2026-08-23T19:06:05Z,20214,28190,48935
2026-08-23T19:06:07Z,20214,28190,48935
2026-08-23T19:06:09Z,20214,28190,48935
2026-08-23T19:06:11Z,17059,31345,48935
2026-08-23T19:06:13Z,20214,28190,48935
2026-08-23T19:06:15Z,20214,28190,48935
2026-08-23T19:06:17Z,20214,28190,48935
2026-08-23T19:06:19Z,20214,28190,48935
2026-08-23T19:06:21Z,20214,28190,48935
2026-08-23T19:06:23Z,20214,28190,48935
2026-08-23T19:06:25Z,20214,28190,48935
2026-08-23T19:06:27Z,20214,28190,48935
2026-08-23T19:06:29Z,20214,28190,48935
2026-08-23T19:06:31Z,20214,28190,48935
2026-08-23T19:06:33Z,20214,28190,48935
2026-08-23T19:06:35Z,20214,28190,48935
2026-08-23T19:06:37Z,20214,28190,48935
2026-08-23T19:06:39Z,20214,28190,48935
2026-08-23T19:06:41Z,20214,28190,48935
2026-08-23T19:06:43Z,20214,28190,48935
2026-08-23T19:06:45Z,20214,28190,48935
2026-08-23T19:06:47Z,20214,28190,48935
2026-08-23T19:06:49Z,20214,28190,48935
2026-08-23T19:06:51Z,20214,28190,48935
2026-08-23T19:06:53Z,20214,28190,48935
2026-08-23T19:06:56Z,20214,28190,48935
2026-08-23T19:06:58Z,20214,28190,48935
2026-08-23T19:07:00Z,20214,28190,48935
2026-08-23T19:07:02Z,20214,28190,48935
2026-08-23T19:07:04Z,20214,28190,48935
2026-08-23T19:07:06Z,20214,28190,48935
2026-08-23T19:07:08Z,20214,28190,48935
2026-08-23T19:07:10Z,20214,28190,48935
2026-08-23T19:07:12Z,20214,28190,48935
2026-08-23T19:07:14Z,20214,28190,48935
2026-08-23T19:07:16Z,20214,28190,48935
2026-08-23T19:07:18Z,20214,28190,48935
2026-08-23T19:07:20Z,20214,28190,48935
2026-08-23T19:07:22Z,20214,28190,48935
2026-08-23T19:07:24Z,20214,28190,48935
2026-08-23T19:07:26Z,20214,28190,48935
2026-08-23T19:07:28Z,20214,28190,48935
2026-08-23T19:07:30Z,20214,28190,48935
2026-08-23T19:07:32Z,20214,28190,48935
2026-08-23T19:07:34Z,20214,28190,48935
2026-08-23T19:07:36Z,20214,28190,48935
2026-08-23T19:07:38Z,20214,28190,48935
2026-08-23T19:07:40Z,20214,28190,48935
2026-08-23T19:07:42Z,20214,28190,48935
2026-08-23T19:07:44Z,20214,28190,48935
2026-08-23T19:07:46Z,20214,28190,48935
2026-08-23T19:07:48Z,20214,28190,48935
2026-08-23T19:07:50Z,20214,28190,48935
2026-08-23T19:07:52Z,20214,28190,48935
2026-08-23T19:07:54Z,20214,28190,48935
2026-08-23T19:07:56Z,20214,28190,48935
2026-08-23T19:07:58Z,20214,28190,48935
2026-08-23T19:08:00Z,20214,28190,48935
2026-08-23T19:08:02Z,20214,28190,48935
2026-08-23T19:08:04Z,20214,28190,48935
2026-08-23T19:08:06Z,20214,28190,48935
2026-08-23T19:08:08Z,20214,28190,48935
2026-08-23T19:08:10Z,20214,28190,48935
2026-08-23T19:08:12Z,20214,28190,48935
2026-08-23T19:08:14Z,20214,28190,48935
2026-08-23T19:08:16Z,20214,28190,48935
2026-08-23T19:08:19Z,20214,28190,48935
2026-08-23T19:08:21Z,20214,28190,48935
2026-08-23T19:08:23Z,20214,28190,48935
2026-08-23T19:08:25Z,20214,28190,48935
2026-08-23T19:08:27Z,20214,28190,48935
2026-08-23T19:08:29Z,20214,28190,48935
2026-08-23T19:08:31Z,20214,28190,48935
2026-08-23T19:08:33Z,20214,28190,48935
2026-08-23T19:08:35Z,20214,28190,48935
2026-08-23T19:08:37Z,20214,28190,48935
2026-08-23T19:08:39Z,20214,28190,48935
2026-08-23T19:08:41Z,20214,28190,48935
2026-08-23T19:08:43Z,20214,28190,48935
2026-08-23T19:08:45Z,20214,28190,48935
2026-08-23T19:08:47Z,20214,28190,48935
2026-08-23T19:08:49Z,20214,28190,48935
2026-08-23T19:08:51Z,20214,28190,48935
2026-08-23T19:08:53Z,20214,28190,48935
2026-08-23T19:08:55Z,20214,28190,48935
2026-08-23T19:08:57Z,20214,28190,48935
2026-08-23T19:08:59Z,20214,28190,48935
2026-08-23T19:09:01Z,20214,28190,48935
2026-08-23T19:09:03Z,20214,28190,48935
2026-08-23T19:09:05Z,20214,28190,48935
2026-08-23T19:09:07Z,20214,28190,48935
2026-08-23T19:09:09Z,20214,28190,48935
2026-08-23T19:09:11Z,20214,28190,48935
2026-08-23T19:09:13Z,20214,28190,48935
2026-08-23T19:09:15Z,20214,28190,48935
2026-08-23T19:09:17Z,20214,28190,48935
2026-08-23T19:09:19Z,20214,28190,48935
2026-08-23T19:09:21Z,20214,28190,48935
2026-08-23T19:09:23Z,17059,31345,48935
2026-08-23T19:09:25Z,20214,28190,48935
2026-08-23T19:09:27Z,20214,28190,48935
2026-08-23T19:09:29Z,20214,28190,48935
2026-08-23T19:09:31Z,20214,28190,48935
2026-08-23T19:09:33Z,20214,28190,48935
2026-08-23T19:09:35Z,20214,28190,48935
2026-08-23T19:09:37Z,20214,28190,48935
2026-08-23T19:09:39Z,20214,28190,48935
2026-08-23T19:09:41Z,20214,28190,48935
2026-08-23T19:09:44Z,20214,28190,48935
2026-08-23T19:09:46Z,20214,28190,48935
2026-08-23T19:09:48Z,20214,28190,48935
2026-08-23T19:09:50Z,20214,28190,48935
2026-08-23T19:09:52Z,20214,28190,48935
2026-08-23T19:09:54Z,20214,28190,48935
2026-08-23T19:09:56Z,20214,28190,48935
2026-08-23T19:09:58Z,20214,28190,48935
2026-08-23T19:10:00Z,20214,28190,48935
2026-08-23T19:10:02Z,20214,28190,48935
2026-08-23T19:10:04Z,20214,28190,48935
2026-08-23T19:10:06Z,20214,28190,48935
2026-08-23T19:10:08Z,20214,28190,48935
2026-08-23T19:10:10Z,20214,28190,48935
2026-08-23T19:10:12Z,20214,28190,48935
2026-08-23T19:10:14Z,20214,28190,48935
2026-08-23T19:10:16Z,20214,28190,48935
2026-08-23T19:10:18Z,20214,28190,48935
2026-08-23T19:10:20Z,20214,28190,48935
2026-08-23T19:10:22Z,20214,28190,48935
2026-08-23T19:10:24Z,20214,28190,48935
2026-08-23T19:10:26Z,20214,28190,48935
2026-08-23T19:10:28Z,20214,28190,48935
2026-08-23T19:10:30Z,20214,28190,48935
2026-08-23T19:10:32Z,20214,28190,48935
2026-08-23T19:10:34Z,20214,28190,48935
2026-08-23T19:10:36Z,20214,28190,48935
2026-08-23T19:10:38Z,20214,28190,48935
2026-08-23T19:10:40Z,20214,28190,48935
2026-08-23T19:10:42Z,20214,28190,48935
2026-08-23T19:10:44Z,20214,28190,48935
2026-08-23T19:10:46Z,20214,28190,48935
2026-08-23T19:10:48Z,20214,28190,48935
2026-08-23T19:10:50Z,20214,28190,48935
2026-08-23T19:10:52Z,20214,28190,48935
2026-08-23T19:10:54Z,20214,28190,48935
2026-08-23T19:10:56Z,20214,28190,48935
2026-08-23T19:10:58Z,20214,28190,48935
2026-08-23T19:11:00Z,20214,28190,48935
2026-08-23T19:11:02Z,20214,28190,48935
2026-08-23T19:11:04Z,20214,28190,48935
2026-08-23T19:11:06Z,20214,28190,48935
2026-08-23T19:11:09Z,20214,28190,48935
2026-08-23T19:11:11Z,20214,28190,48935
2026-08-23T19:11:13Z,20214,28190,48935
2026-08-23T19:11:15Z,20214,28190,48935
2026-08-23T19:11:17Z,20214,28190,48935
2026-08-23T19:11:19Z,20214,28190,48935
2026-08-23T19:11:21Z,20214,28190,48935
2026-08-23T19:11:23Z,20214,28190,48935
2026-08-23T19:11:25Z,20214,28190,48935
2026-08-23T19:11:27Z,20214,28190,48935
2026-08-23T19:11:29Z,20214,28190,48935
2026-08-23T19:11:31Z,20214,28190,48935
2026-08-23T19:11:33Z,20214,28190,48935
2026-08-23T19:11:35Z,20214,28190,48935
2026-08-23T19:11:37Z,20214,28190,48935
2026-08-23T19:11:39Z,20214,28190,48935
2026-08-23T19:11:41Z,20214,28190,48935
2026-08-23T19:11:43Z,20214,28190,48935
2026-08-23T19:11:45Z,20214,28190,48935
2026-08-23T19:11:47Z,20214,28190,48935
2026-08-23T19:11:49Z,20214,28190,48935
2026-08-23T19:11:51Z,20214,28190,48935
2026-08-23T19:11:53Z,20214,28190,48935
2026-08-23T19:11:55Z,20214,28190,48935
2026-08-23T19:11:57Z,20214,28190,48935
2026-08-23T19:11:59Z,20214,28190,48935
2026-08-23T19:12:01Z,20214,28190,48935
2026-08-23T19:12:03Z,20214,28190,48935
2026-08-23T19:12:05Z,20214,28190,48935
2026-08-23T19:12:07Z,20214,28190,48935
2026-08-23T19:12:09Z,20214,28190,48935
2026-08-23T19:12:11Z,20214,28190,48935
2026-08-23T19:12:13Z,20214,28190,48935
2026-08-23T19:12:15Z,20214,28190,48935
2026-08-23T19:12:17Z,20214,28190,48935
2026-08-23T19:12:19Z,20214,28190,48935
2026-08-23T19:12:21Z,20214,28190,48935
2026-08-23T19:12:23Z,20214,28190,48935
2026-08-23T19:12:25Z,20214,28190,48935
2026-08-23T19:12:27Z,20214,28190,48935
2026-08-23T19:12:29Z,20214,28190,48935
2026-08-23T19:12:32Z,20214,28190,48935
2026-08-23T19:12:34Z,20214,28190,48935
2026-08-23T19:12:36Z,20214,28190,48935
2026-08-23T19:12:38Z,20214,28190,48935
2026-08-23T19:12:40Z,20214,28190,48935
2026-08-23T19:12:42Z,20214,28190,48935
2026-08-23T19:12:44Z,20214,28190,48935
2026-08-23T19:12:46Z,20214,28190,48935
2026-08-23T19:12:48Z,20214,28190,48935
2026-08-23T19:12:50Z,20214,28190,48935
2026-08-23T19:12:52Z,20214,28190,48935
2026-08-23T19:12:54Z,20214,28190,48935
2026-08-23T19:12:56Z,20214,28190,48935
2026-08-23T19:12:58Z,20214,28190,48935
2026-08-23T19:13:00Z,20214,28190,48935
2026-08-23T19:13:02Z,20214,28190,48935
2026-08-23T19:13:04Z,20214,28190,48935
2026-08-23T19:13:06Z,20214,28190,48935
2026-08-23T19:13:08Z,20214,28190,48935
2026-08-23T19:13:10Z,20214,28190,48935
2026-08-23T19:13:12Z,20214,28190,48935
2026-08-23T19:13:14Z,20214,28190,48935
2026-08-23T19:13:16Z,20214,28190,48935
2026-08-23T19:13:18Z,20214,28190,48935
2026-08-23T19:13:20Z,20214,28190,48935
2026-08-23T19:13:22Z,20214,28190,48935
2026-08-23T19:13:24Z,20214,28190,48935
2026-08-23T19:13:26Z,20214,28190,48935
2026-08-23T19:13:28Z,20214,28190,48935
2026-08-23T19:13:30Z,20214,28190,48935
2026-08-23T19:13:32Z,20214,28190,48935
2026-08-23T19:13:34Z,20214,28190,48935
2026-08-23T19:13:36Z,20214,28190,48935
2026-08-23T19:13:38Z,20214,28190,48935
2026-08-23T19:13:40Z,20214,28190,48935
2026-08-23T19:13:42Z,20214,28190,48935
2026-08-23T19:13:44Z,20214,28190,48935
2026-08-23T19:13:46Z,17059,31345,48935
2026-08-23T19:13:48Z,17398,31006,48935
2026-08-23T19:13:50Z,17059,31345,48935
2026-08-23T19:13:52Z,17398,31006,48935
2026-08-23T19:13:55Z,17398,31006,48935
2026-08-23T19:13:57Z,17398,31006,48935
2026-08-23T19:13:59Z,17398,31006,48935
2026-08-23T19:14:01Z,17398,31006,48935
2026-08-23T19:14:03Z,17398,31006,48935
2026-08-23T19:14:05Z,17398,31006,48935
2026-08-23T19:14:07Z,17398,31006,48935
2026-08-23T19:14:09Z,17398,31006,48935
2026-08-23T19:14:11Z,17398,31006,48935
2026-08-23T19:14:13Z,17398,31006,48935
2026-08-23T19:14:15Z,17398,31006,48935
2026-08-23T19:14:17Z,17398,31006,48935
2026-08-23T19:14:19Z,17398,31006,48935
2026-08-23T19:14:21Z,17398,31006,48935
2026-08-23T19:14:23Z,17398,31006,48935
2026-08-23T19:14:25Z,17398,31006,48935
2026-08-23T19:14:27Z,17398,31006,48935
2026-08-23T19:14:29Z,14243,34161,48935
2026-08-23T19:14:31Z,14582,33822,48935
2026-08-23T19:14:33Z,14582,33822,48935
2026-08-23T19:14:35Z,14582,33822,48935
2026-08-23T19:14:37Z,14582,33822,48935
2026-08-23T19:14:39Z,14582,33822,48935
2026-08-23T19:14:41Z,14582,33822,48935
2026-08-23T19:14:43Z,14582,33822,48935
2026-08-23T19:14:45Z,14582,33822,48935
2026-08-23T19:14:47Z,14582,33822,48935
2026-08-23T19:14:49Z,14582,33822,48935
2026-08-23T19:14:51Z,14582,33822,48935
2026-08-23T19:14:53Z,14582,33822,48935
2026-08-23T19:14:55Z,14582,33822,48935
2026-08-23T19:14:57Z,14582,33822,48935
2026-08-23T19:14:59Z,14582,33822,48935
2026-08-23T19:15:01Z,14582,33822,48935
2026-08-23T19:15:03Z,14582,33822,48935
2026-08-23T19:15:05Z,14582,33822,48935
2026-08-23T19:15:07Z,14582,33822,48935
2026-08-23T19:15:09Z,14582,33822,48935
2026-08-23T19:15:11Z,14582,33822,48935
2026-08-23T19:15:13Z,14582,33822,48935
2026-08-23T19:15:15Z,14582,33822,48935
2026-08-23T19:15:18Z,14582,33822,48935
2026-08-23T19:15:20Z,14582,33822,48935
2026-08-23T19:15:22Z,14582,33822,48935
2026-08-23T19:15:24Z,14582,33822,48935
2026-08-23T19:15:26Z,14582,33822,48935
2026-08-23T19:15:28Z,14582,33822,48935
2026-08-23T19:15:30Z,14582,33822,48935
2026-08-23T19:15:32Z,14582,33822,48935
2026-08-23T19:15:34Z,14582,33822,48935
2026-08-23T19:15:36Z,14582,33822,48935
2026-08-23T19:15:38Z,14582,33822,48935
2026-08-23T19:15:40Z,14582,33822,48935
2026-08-23T19:15:42Z,14582,33822,48935
2026-08-23T19:15:44Z,14582,33822,48935
2026-08-23T19:15:46Z,14582,33822,48935
2026-08-23T19:15:48Z,14582,33822,48935
2026-08-23T19:15:50Z,14582,33822,48935
2026-08-23T19:15:52Z,14582,33822,48935
2026-08-23T19:15:54Z,14582,33822,48935
2026-08-23T19:15:56Z,14582,33822,48935
2026-08-23T19:15:58Z,14582,33822,48935
2026-08-23T19:16:00Z,14582,33822,48935
2026-08-23T19:16:02Z,14582,33822,48935
2026-08-23T19:16:04Z,14582,33822,48935
2026-08-23T19:16:06Z,14582,33822,48935
2026-08-23T19:16:08Z,14582,33822,48935
2026-08-23T19:16:10Z,14582,33822,48935
2026-08-23T19:16:12Z,14582,33822,48935
2026-08-23T19:16:14Z,14582,33822,48935
2026-08-23T19:16:16Z,14582,33822,48935
2026-08-23T19:16:18Z,14582,33822,48935
2026-08-23T19:16:20Z,14582,33822,48935
2026-08-23T19:16:22Z,14582,33822,48935
2026-08-23T19:16:24Z,14582,33822,48935
2026-08-23T19:16:26Z,14582,33822,48935
2026-08-23T19:16:28Z,14582,33822,48935
2026-08-23T19:16:30Z,14582,33822,48935
2026-08-23T19:16:32Z,14582,33822,48935
2026-08-23T19:16:34Z,14582,33822,48935
2026-08-23T19:16:36Z,14582,33822,48935
2026-08-23T19:16:38Z,14582,33822,48935
2026-08-23T19:16:40Z,14582,33822,48935
2026-08-23T19:16:43Z,14582,33822,48935
2026-08-23T19:16:45Z,14582,33822,48935
2026-08-23T19:16:47Z,14582,33822,48935
2026-08-23T19:16:49Z,14582,33822,48935
2026-08-23T19:16:51Z,14582,33822,48935
2026-08-23T19:16:53Z,14582,33822,48935
2026-08-23T19:16:55Z,14582,33822,48935
2026-08-23T19:16:57Z,14582,33822,48935
2026-08-23T19:16:59Z,14582,33822,48935
2026-08-23T19:17:01Z,14582,33822,48935
2026-08-23T19:17:03Z,14582,33822,48935
2026-08-23T19:17:05Z,14582,33822,48935
2026-08-23T19:17:07Z,14582,33822,48935
2026-08-23T19:17:09Z,14582,33822,48935
2026-08-23T19:17:11Z,14582,33822,48935
2026-08-23T19:17:13Z,14582,33822,48935
2026-08-23T19:17:15Z,14582,33822,48935
2026-08-23T19:17:17Z,14582,33822,48935
2026-08-23T19:17:19Z,14582,33822,48935
2026-08-23T19:17:21Z,14582,33822,48935
2026-08-23T19:17:23Z,14582,33822,48935
2026-08-23T19:17:25Z,14582,33822,48935
2026-08-23T19:17:27Z,14582,33822,48935
2026-08-23T19:17:29Z,14582,33822,48935
2026-08-23T19:17:31Z,14582,33822,48935
2026-08-23T19:17:33Z,14582,33822,48935
2026-08-23T19:17:35Z,14582,33822,48935
2026-08-23T19:17:37Z,14582,33822,48935
2026-08-23T19:17:39Z,14582,33822,48935
2026-08-23T19:17:41Z,14582,33822,48935
2026-08-23T19:17:43Z,14582,33822,48935
2026-08-23T19:17:45Z,14582,33822,48935
2026-08-23T19:17:47Z,14582,33822,48935
2026-08-23T19:17:49Z,14582,33822,48935
2026-08-23T19:17:51Z,14582,33822,48935
2026-08-23T19:17:53Z,14582,33822,48935
2026-08-23T19:17:55Z,14582,33822,48935
2026-08-23T19:17:57Z,14582,33822,48935
2026-08-23T19:17:59Z,14582,33822,48935
2026-08-23T19:18:01Z,14582,33822,48935
2026-08-23T19:18:03Z,14582,33822,48935
2026-08-23T19:18:06Z,14582,33822,48935
2026-08-23T19:18:08Z,14582,33822,48935
2026-08-23T19:18:10Z,14582,33822,48935
2026-08-23T19:18:12Z,14582,33822,48935
2026-08-23T19:18:14Z,14582,33822,48935
2026-08-23T19:18:16Z,14582,33822,48935
2026-08-23T19:18:18Z,14582,33822,48935
2026-08-23T19:18:20Z,14582,33822,48935
2026-08-23T19:18:22Z,14582,33822,48935
2026-08-23T19:18:24Z,14582,33822,48935
2026-08-23T19:18:26Z,14582,33822,48935
2026-08-23T19:18:28Z,14582,33822,48935
2026-08-23T19:18:30Z,14582,33822,48935
2026-08-23T19:18:32Z,14582,33822,48935
2026-08-23T19:18:34Z,14582,33822,48935
2026-08-23T19:18:36Z,14582,33822,48935
2026-08-23T19:18:38Z,14582,33822,48935
2026-08-23T19:18:40Z,14582,33822,48935
2026-08-23T19:18:42Z,14582,33822,48935
2026-08-23T19:18:44Z,14582,33822,48935
2026-08-23T19:18:46Z,14582,33822,48935
2026-08-23T19:18:48Z,14582,33822,48935
2026-08-23T19:18:50Z,14582,33822,48935
2026-08-23T19:18:52Z,14582,33822,48935
2026-08-23T19:18:54Z,14582,33822,48935
2026-08-23T19:18:56Z,14582,33822,48935
2026-08-23T19:18:58Z,14582,33822,48935
2026-08-23T19:19:00Z,14582,33822,48935
2026-08-23T19:19:02Z,14582,33822,48935
2026-08-23T19:19:04Z,14582,33822,48935
2026-08-23T19:19:06Z,14582,33822,48935
2026-08-23T19:19:08Z,14582,33822,48935
2026-08-23T19:19:10Z,14582,33822,48935
2026-08-23T19:19:12Z,14582,33822,48935
2026-08-23T19:19:14Z,14582,33822,48935
2026-08-23T19:19:16Z,14582,33822,48935
2026-08-23T19:19:18Z,14582,33822,48935
2026-08-23T19:19:20Z,14582,33822,48935
2026-08-23T19:19:22Z,14582,33822,48935
2026-08-23T19:19:24Z,14582,33822,48935
2026-08-23T19:19:26Z,14582,33822,48935
2026-08-23T19:19:28Z,14582,33822,48935
2026-08-23T19:19:31Z,14582,33822,48935
2026-08-23T19:19:33Z,14582,33822,48935
2026-08-23T19:19:35Z,14582,33822,48935
2026-08-23T19:19:37Z,14582,33822,48935
2026-08-23T19:19:39Z,14582,33822,48935
2026-08-23T19:19:41Z,14582,33822,48935
2026-08-23T19:19:43Z,14582,33822,48935
2026-08-23T19:19:45Z,14582,33822,48935
2026-08-23T19:19:47Z,14582,33822,48935
2026-08-23T19:19:49Z,14582,33822,48935
2026-08-23T19:19:51Z,14582,33822,48935
2026-08-23T19:19:53Z,14582,33822,48935
2026-08-23T19:19:55Z,14582,33822,48935
2026-08-23T19:19:57Z,14582,33822,48935
2026-08-23T19:19:59Z,14582,33822,48935
2026-08-23T19:20:01Z,14582,33822,48935
2026-08-23T19:20:03Z,14582,33822,48935
2026-08-23T19:20:05Z,14582,33822,48935
2026-08-23T19:20:07Z,14582,33822,48935
2026-08-23T19:20:09Z,14582,33822,48935
2026-08-23T19:20:11Z,14582,33822,48935
2026-08-23T19:20:13Z,14582,33822,48935
2026-08-23T19:20:15Z,14582,33822,48935
2026-08-23T19:20:17Z,14582,33822,48935
2026-08-23T19:20:19Z,14582,33822,48935
2026-08-23T19:20:21Z,14582,33822,48935
2026-08-23T19:20:23Z,14582,33822,48935
2026-08-23T19:20:25Z,14582,33822,48935
2026-08-23T19:20:27Z,14582,33822,48935
2026-08-23T19:20:29Z,14582,33822,48935
2026-08-23T19:20:31Z,14582,33822,48935
2026-08-23T19:20:33Z,14582,33822,48935
2026-08-23T19:20:35Z,14582,33822,48935
2026-08-23T19:20:37Z,14582,33822,48935
2026-08-23T19:20:39Z,14582,33822,48935
2026-08-23T19:20:41Z,14582,33822,48935
2026-08-23T19:20:43Z,14582,33822,48935
2026-08-23T19:20:45Z,14582,33822,48935
2026-08-23T19:20:47Z,14582,33822,48935
2026-08-23T19:20:49Z,14582,33822,48935
2026-08-23T19:20:51Z,14582,33822,48935
2026-08-23T19:20:53Z,14582,33822,48935
2026-08-23T19:20:56Z,14582,33822,48935
2026-08-23T19:20:58Z,14582,33822,48935
2026-08-23T19:21:00Z,14582,33822,48935
2026-08-23T19:21:02Z,14582,33822,48935
2026-08-23T19:21:04Z,14582,33822,48935
2026-08-23T19:21:06Z,14582,33822,48935
2026-08-23T19:21:08Z,14582,33822,48935
2026-08-23T19:21:10Z,14582,33822,48935
2026-08-23T19:21:12Z,14582,33822,48935
2026-08-23T19:21:14Z,14582,33822,48935
2026-08-23T19:21:16Z,14582,33822,48935
2026-08-23T19:21:18Z,14582,33822,48935
2026-08-23T19:21:20Z,14582,33822,48935
2026-08-23T19:21:22Z,14582,33822,48935
2026-08-23T19:21:24Z,14582,33822,48935
2026-08-23T19:21:26Z,14582,33822,48935
2026-08-23T19:21:28Z,14582,33822,48935
2026-08-23T19:21:30Z,14582,33822,48935
2026-08-23T19:21:32Z,14582,33822,48935
2026-08-23T19:21:34Z,14582,33822,48935
2026-08-23T19:21:36Z,14582,33822,48935
2026-08-23T19:21:38Z,14582,33822,48935
2026-08-23T19:21:40Z,11427,36977,48935
2026-08-23T19:21:42Z,11766,36638,48935
2026-08-23T19:21:44Z,11766,36638,48935
2026-08-23T19:21:46Z,11766,36638,48935
2026-08-23T19:21:48Z,11766,36638,48935
2026-08-23T19:21:50Z,11766,36638,48935
2026-08-23T19:21:52Z,11766,36638,48935
2026-08-23T19:21:54Z,11766,36638,48935
2026-08-23T19:21:56Z,11766,36638,48935
2026-08-23T19:21:58Z,11766,36638,48935
2026-08-23T19:22:00Z,11766,36638,48935
2026-08-23T19:22:02Z,11766,36638,48935
2026-08-23T19:22:04Z,11766,36638,48935
2026-08-23T19:22:06Z,11766,36638,48935
2026-08-23T19:22:08Z,11766,36638,48935
2026-08-23T19:22:10Z,11766,36638,48935
2026-08-23T19:22:12Z,11766,36638,48935
2026-08-23T19:22:14Z,11766,36638,48935
2026-08-23T19:22:16Z,11766,36638,48935
2026-08-23T19:22:19Z,11766,36638,48935
2026-08-23T19:22:21Z,11766,36638,48935
2026-08-23T19:22:23Z,11766,36638,48935
2026-08-23T19:22:25Z,11766,36638,48935
2026-08-23T19:22:27Z,11766,36638,48935
2026-08-23T19:22:29Z,11766,36638,48935
2026-08-23T19:22:31Z,11766,36638,48935
2026-08-23T19:22:33Z,11766,36638,48935
2026-08-23T19:22:35Z,11766,36638,48935
2026-08-23T19:22:37Z,11766,36638,48935
2026-08-23T19:22:39Z,11766,36638,48935
2026-08-23T19:22:41Z,11766,36638,48935
2026-08-23T19:22:43Z,11766,36638,48935
2026-08-23T19:22:45Z,11766,36638,48935
2026-08-23T19:22:47Z,11766,36638,48935
2026-08-23T19:22:49Z,11766,36638,48935
2026-08-23T19:22:51Z,11766,36638,48935
2026-08-23T19:22:53Z,11766,36638,48935
2026-08-23T19:22:55Z,11766,36638,48935
2026-08-23T19:22:57Z,11766,36638,48935
2026-08-23T19:22:59Z,11766,36638,48935
2026-08-23T19:23:01Z,11766,36638,48935
2026-08-23T19:23:03Z,11766,36638,48935
2026-08-23T19:23:05Z,11766,36638,48935
2026-08-23T19:23:07Z,11766,36638,48935
2026-08-23T19:23:09Z,11766,36638,48935
2026-08-23T19:23:11Z,11766,36638,48935
2026-08-23T19:23:13Z,11766,36638,48935
2026-08-23T19:23:15Z,11766,36638,48935
2026-08-23T19:23:17Z,11766,36638,48935
2026-08-23T19:23:19Z,11766,36638,48935
2026-08-23T19:23:21Z,11766,36638,48935
2026-08-23T19:23:23Z,11766,36638,48935
2026-08-23T19:23:25Z,11766,36638,48935
2026-08-23T19:23:27Z,11766,36638,48935
2026-08-23T19:23:29Z,11766,36638,48935
2026-08-23T19:23:31Z,11766,36638,48935
2026-08-23T19:23:33Z,11766,36638,48935
2026-08-23T19:23:35Z,11766,36638,48935
2026-08-23T19:23:37Z,11766,36638,48935
2026-08-23T19:23:39Z,11766,36638,48935
2026-08-23T19:23:41Z,11766,36638,48935
2026-08-23T19:23:44Z,11766,36638,48935
2026-08-23T19:23:46Z,11766,36638,48935
2026-08-23T19:23:48Z,11766,36638,48935
2026-08-23T19:23:50Z,11766,36638,48935
2026-08-23T19:23:52Z,11766,36638,48935
2026-08-23T19:23:54Z,11766,36638,48935
2026-08-23T19:23:56Z,11766,36638,48935
2026-08-23T19:23:58Z,11766,36638,48935
2026-08-23T19:24:00Z,11766,36638,48935
2026-08-23T19:24:02Z,11766,36638,48935
2026-08-23T19:24:04Z,11766,36638,48935
2026-08-23T19:24:06Z,11766,36638,48935
2026-08-23T19:24:08Z,11766,36638,48935
2026-08-23T19:24:10Z,11766,36638,48935
2026-08-23T19:24:12Z,11766,36638,48935
2026-08-23T19:24:14Z,11766,36638,48935
2026-08-23T19:24:16Z,11766,36638,48935
2026-08-23T19:24:18Z,11766,36638,48935
2026-08-23T19:24:20Z,11766,36638,48935
2026-08-23T19:24:22Z,11766,36638,48935
2026-08-23T19:24:24Z,11766,36638,48935
2026-08-23T19:24:26Z,11766,36638,48935
2026-08-23T19:24:28Z,11766,36638,48935
2026-08-23T19:24:30Z,11766,36638,48935
2026-08-23T19:24:32Z,11766,36638,48935
2026-08-23T19:24:34Z,11766,36638,48935
2026-08-23T19:24:36Z,11766,36638,48935
2026-08-23T19:24:38Z,11766,36638,48935
2026-08-23T19:24:40Z,11766,36638,48935
2026-08-23T19:24:42Z,11766,36638,48935
2026-08-23T19:24:44Z,11766,36638,48935
2026-08-23T19:24:46Z,11766,36638,48935
2026-08-23T19:24:48Z,11766,36638,48935
2026-08-23T19:24:50Z,11766,36638,48935
2026-08-23T19:24:52Z,11766,36638,48935
2026-08-23T19:24:54Z,11766,36638,48935
2026-08-23T19:24:56Z,11766,36638,48935
2026-08-23T19:24:58Z,11766,36638,48935
2026-08-23T19:25:00Z,11766,36638,48935
2026-08-23T19:25:02Z,11766,36638,48935
2026-08-23T19:25:04Z,11766,36638,48935
2026-08-23T19:25:06Z,11766,36638,48935
2026-08-23T19:25:09Z,11766,36638,48935
2026-08-23T19:25:11Z,11766,36638,48935
2026-08-23T19:25:13Z,11766,36638,48935
2026-08-23T19:25:15Z,11766,36638,48935
2026-08-23T19:25:17Z,11766,36638,48935
2026-08-23T19:25:19Z,7593,40811,48935
2026-08-23T19:25:21Z,6230,42174,48935
2026-08-23T19:25:23Z,89,48315,48935
2026-08-23T19:25:25Z,89,48315,48935
2026-08-23T19:25:27Z,89,48315,48935
2026-08-23T19:25:29Z,89,48315,48935
2026-08-23T19:25:31Z,89,48315,48935
2026-08-23T19:25:33Z,89,48315,48935
2026-08-23T19:25:35Z,89,48315,48935
2026-08-23T19:25:37Z,89,48315,48935
2026-08-23T19:25:39Z,89,48315,48935
2026-08-23T19:25:41Z,89,48315,48935
2026-08-23T19:25:43Z,89,48315,48935
2026-08-23T19:25:45Z,89,48315,48935
2026-08-23T19:25:47Z,89,48315,48935
2026-08-23T19:25:49Z,89,48315,48935
2026-08-23T19:25:51Z,89,48315,48935
2026-08-23T19:25:53Z,89,48315,48935
2026-08-23T19:25:55Z,89,48315,48935
2026-08-23T19:25:57Z,89,48315,48935
2026-08-23T19:25:59Z,89,48315,48935
2026-08-23T19:26:01Z,89,48315,48935
2026-08-23T19:26:03Z,89,48315,48935
2026-08-23T19:26:05Z,89,48315,48935
2026-08-23T19:26:08Z,89,48315,48935
2026-08-23T19:26:10Z,89,48315,48935
2026-08-23T19:26:12Z,89,48315,48935
2026-08-23T19:26:14Z,89,48315,48935
2026-08-23T19:26:16Z,89,48315,48935
2026-08-23T19:26:18Z,89,48315,48935
2026-08-23T19:26:20Z,89,48315,48935
2026-08-23T19:26:22Z,89,48315,48935
2026-08-23T19:26:24Z,89,48315,48935
2026-08-23T19:26:26Z,89,48315,48935
2026-08-23T19:26:28Z,89,48315,48935
2026-08-23T19:26:30Z,89,48315,48935
2026-08-23T19:26:32Z,89,48315,48935
2026-08-23T19:26:34Z,89,48315,48935
2026-08-23T19:26:36Z,89,48315,48935
2026-08-23T19:26:38Z,89,48315,48935
2026-08-23T19:26:40Z,89,48315,48935
2026-08-23T19:26:42Z,89,48315,48935
2026-08-23T19:26:44Z,89,48315,48935
2026-08-23T19:26:46Z,89,48315,48935
2026-08-23T19:26:48Z,89,48315,48935
2026-08-23T19:26:50Z,89,48315,48935
2026-08-23T19:26:52Z,89,48315,48935
2026-08-23T19:26:54Z,89,48315,48935
2026-08-23T19:26:56Z,89,48315,48935
2026-08-23T19:26:58Z,89,48315,48935
2026-08-23T19:27:00Z,89,48315,48935
2026-08-23T19:27:02Z,89,48315,48935
2026-08-23T19:27:04Z,89,48315,48935
2026-08-23T19:27:06Z,89,48315,48935
2026-08-23T19:27:08Z,89,48315,48935
2026-08-23T19:27:10Z,89,48315,48935
2026-08-23T19:27:12Z,89,48315,48935
2026-08-23T19:27:14Z,89,48315,48935
2026-08-23T19:27:16Z,89,48315,48935
2026-08-23T19:27:19Z,89,48315,48935
2026-08-23T19:27:21Z,89,48315,48935
2026-08-23T19:27:23Z,89,48315,48935
2026-08-23T19:27:25Z,89,48315,48935
2026-08-23T19:27:27Z,89,48315,48935
2026-08-23T19:27:29Z,89,48315,48935
2026-08-23T19:27:31Z,89,48315,48935
2026-08-23T19:27:33Z,89,48315,48935
2026-08-23T19:27:35Z,89,48315,48935
2026-08-23T19:27:37Z,89,48315,48935
2026-08-23T19:27:39Z,89,48315,48935
2026-08-23T19:27:41Z,89,48315,48935
2026-08-23T19:27:43Z,89,48315,48935
2026-08-23T19:27:45Z,89,48315,48935
2026-08-23T19:27:47Z,89,48315,48935
2026-08-23T19:27:49Z,89,48315,48935
2026-08-23T19:27:51Z,89,48315,48935
2026-08-23T19:27:53Z,89,48315,48935
2026-08-23T19:27:55Z,89,48315,48935
2026-08-23T19:27:57Z,89,48315,48935
2026-08-23T19:27:59Z,89,48315,48935
2026-08-23T19:28:01Z,89,48315,48935
2026-08-23T19:28:03Z,89,48315,48935
2026-08-23T19:28:05Z,89,48315,48935
2026-08-23T19:28:07Z,89,48315,48935
2026-08-23T19:28:09Z,89,48315,48935
2026-08-23T19:28:11Z,89,48315,48935
2026-08-23T19:28:13Z,89,48315,48935
2026-08-23T19:28:15Z,89,48315,48935
2026-08-23T19:28:17Z,89,48315,48935
2026-08-23T19:28:19Z,89,48315,48935
2026-08-23T19:28:21Z,89,48315,48935
2026-08-23T19:28:23Z,89,48315,48935
2026-08-23T19:28:25Z,89,48315,48935
2026-08-23T19:28:27Z,89,48315,48935
2026-08-23T19:28:30Z,89,48315,48935
2026-08-23T19:28:32Z,89,48315,48935
2026-08-23T19:28:34Z,89,48315,48935
2026-08-23T19:28:36Z,89,48315,48935
2026-08-23T19:28:38Z,89,48315,48935
2026-08-23T19:28:40Z,89,48315,48935
2026-08-23T19:28:42Z,89,48315,48935
2026-08-23T19:28:44Z,89,48315,48935
2026-08-23T19:28:46Z,89,48315,48935
2026-08-23T19:28:48Z,89,48315,48935
2026-08-23T19:28:50Z,89,48315,48935
2026-08-23T19:28:52Z,89,48315,48935
2026-08-23T19:28:54Z,89,48315,48935
2026-08-23T19:28:56Z,89,48315,48935
2026-08-23T19:28:58Z,89,48315,48935
2026-08-23T19:29:00Z,89,48315,48935
2026-08-23T19:29:02Z,89,48315,48935
2026-08-23T19:29:04Z,89,48315,48935
2026-08-23T19:29:06Z,89,48315,48935
2026-08-23T19:29:08Z,89,48315,48935
2026-08-23T19:29:10Z,89,48315,48935
2026-08-23T19:29:12Z,89,48315,48935
2026-08-23T19:29:14Z,89,48315,48935
2026-08-23T19:29:16Z,89,48315,48935
2026-08-23T19:29:18Z,89,48315,48935
2026-08-23T19:29:20Z,89,48315,48935
2026-08-23T19:29:22Z,89,48315,48935
2026-08-23T19:29:24Z,89,48315,48935
2026-08-23T19:29:26Z,89,48315,48935
2026-08-23T19:29:28Z,89,48315,48935
2026-08-23T19:29:30Z,89,48315,48935
2026-08-23T19:29:32Z,89,48315,48935
2026-08-23T19:29:34Z,89,48315,48935
2026-08-23T19:29:36Z,89,48315,48935
2026-08-23T19:29:38Z,89,48315,48935
2026-08-23T19:29:40Z,89,48315,48935
2026-08-23T19:29:43Z,89,48315,48935
2026-08-23T19:29:45Z,89,48315,48935
2026-08-23T19:29:47Z,89,48315,48935
2026-08-23T19:29:49Z,89,48315,48935
2026-08-23T19:29:51Z,89,48315,48935
2026-08-23T19:29:53Z,89,48315,48935
2026-08-23T19:29:55Z,89,48315,48935
2026-08-23T19:29:57Z,89,48315,48935
2026-08-23T19:29:59Z,89,48315,48935
2026-08-23T19:30:01Z,89,48315,48935
2026-08-23T19:30:03Z,89,48315,48935
2026-08-23T19:30:05Z,89,48315,48935
2026-08-23T19:30:07Z,89,48315,48935
2026-08-23T19:30:09Z,89,48315,48935
2026-08-23T19:30:11Z,89,48315,48935
2026-08-23T19:30:13Z,89,48315,48935
2026-08-23T19:30:15Z,89,48315,48935
2026-08-23T19:30:17Z,89,48315,48935
2026-08-23T19:30:19Z,89,48315,48935
2026-08-23T19:30:21Z,89,48315,48935
2026-08-23T19:30:23Z,89,48315,48935
2026-08-23T19:30:25Z,89,48315,48935
2026-08-23T19:30:27Z,89,48315,48935
2026-08-23T19:30:29Z,89,48315,48935
2026-08-23T19:30:31Z,89,48315,48935
2026-08-23T19:30:33Z,89,48315,48935
2026-08-23T19:30:35Z,89,48315,48935
2026-08-23T19:30:37Z,89,48315,48935
2026-08-23T19:30:39Z,89,48315,48935
2026-08-23T19:30:41Z,89,48315,48935
2026-08-23T19:30:43Z,89,48315,48935
2026-08-23T19:30:45Z,89,48315,48935
2026-08-23T19:30:47Z,89,48315,48935
2026-08-23T19:30:49Z,89,48315,48935
2026-08-23T19:30:51Z,89,48315,48935
2026-08-23T19:30:53Z,89,48315,48935
2026-08-23T19:30:56Z,89,48315,48935
2026-08-23T19:30:58Z,89,48315,48935
2026-08-23T19:31:00Z,89,48315,48935
2026-08-23T19:31:02Z,89,48315,48935
2026-08-23T19:31:04Z,89,48315,48935
2026-08-23T19:31:06Z,89,48315,48935
2026-08-23T19:31:08Z,89,48315,48935
2026-08-23T19:31:10Z,89,48315,48935
2026-08-23T19:31:12Z,89,48315,48935
2026-08-23T19:31:14Z,89,48315,48935
2026-08-23T19:31:16Z,89,48315,48935
2026-08-23T19:31:18Z,89,48315,48935
2026-08-23T19:31:20Z,89,48315,48935
2026-08-23T19:31:22Z,89,48315,48935
2026-08-23T19:31:24Z,89,48315,48935
2026-08-23T19:31:26Z,89,48315,48935
2026-08-23T19:31:28Z,89,48315,48935
2026-08-23T19:31:30Z,89,48315,48935
2026-08-23T19:31:32Z,89,48315,48935
2026-08-23T19:31:34Z,89,48315,48935
2026-08-23T19:31:36Z,89,48315,48935
2026-08-23T19:31:38Z,89,48315,48935
2026-08-23T19:31:40Z,89,48315,48935
2026-08-23T19:31:42Z,89,48315,48935
2026-08-23T19:31:44Z,89,48315,48935
2026-08-23T19:31:46Z,89,48315,48935
2026-08-23T19:31:48Z,89,48315,48935
2026-08-23T19:31:50Z,89,48315,48935
2026-08-23T19:31:52Z,89,48315,48935
2026-08-23T19:31:54Z,89,48315,48935
2026-08-23T19:31:56Z,89,48315,48935
2026-08-23T19:31:58Z,89,48315,48935
2026-08-23T19:32:00Z,89,48315,48935
2026-08-23T19:32:02Z,89,48315,48935
2026-08-23T19:32:04Z,89,48315,48935
2026-08-23T19:32:07Z,89,48315,48935
2026-08-23T19:32:09Z,89,48315,48935
2026-08-23T19:32:11Z,89,48315,48935
2026-08-23T19:32:13Z,89,48315,48935
2026-08-23T19:32:15Z,89,48315,48935
2026-08-23T19:32:17Z,89,48315,48935
2026-08-23T19:32:19Z,89,48315,48935
2026-08-23T19:32:21Z,89,48315,48935
2026-08-23T19:32:23Z,89,48315,48935
2026-08-23T19:32:25Z,89,48315,48935
2026-08-23T19:32:27Z,89,48315,48935
2026-08-23T19:32:29Z,89,48315,48935
2026-08-23T19:32:31Z,89,48315,48935
2026-08-23T19:32:33Z,89,48315,48935
2026-08-23T19:32:35Z,89,48315,48935
2026-08-23T19:32:37Z,89,48315,48935
2026-08-23T19:32:39Z,89,48315,48935
2026-08-23T19:32:41Z,89,48315,48935
2026-08-23T19:32:43Z,89,48315,48935
2026-08-23T19:32:45Z,89,48315,48935
2026-08-23T19:32:47Z,89,48315,48935
2026-08-23T19:32:49Z,89,48315,48935
2026-08-23T19:32:51Z,89,48315,48935
2026-08-23T19:32:53Z,89,48315,48935
2026-08-23T19:32:55Z,89,48315,48935
2026-08-23T19:32:57Z,89,48315,48935
2026-08-23T19:32:59Z,89,48315,48935
2026-08-23T19:33:01Z,89,48315,48935
2026-08-23T19:33:03Z,89,48315,48935
2026-08-23T19:33:05Z,89,48315,48935
2026-08-23T19:33:07Z,89,48315,48935
2026-08-23T19:33:09Z,89,48315,48935
2026-08-23T19:33:11Z,89,48315,48935
2026-08-23T19:33:13Z,89,48315,48935
2026-08-23T19:33:15Z,89,48315,48935
2026-08-23T19:33:17Z,89,48315,48935
2026-08-23T19:33:19Z,89,48315,48935
2026-08-23T19:33:22Z,89,48315,48935
2026-08-23T19:33:24Z,89,48315,48935
2026-08-23T19:33:26Z,89,48315,48935
2026-08-23T19:33:28Z,89,48315,48935
2026-08-23T19:33:30Z,89,48315,48935
2026-08-23T19:33:32Z,89,48315,48935
2026-08-23T19:33:34Z,89,48315,48935
2026-08-23T19:33:36Z,89,48315,48935
2026-08-23T19:33:38Z,89,48315,48935
2026-08-23T19:33:40Z,89,48315,48935
2026-08-23T19:33:42Z,89,48315,48935
2026-08-23T19:33:44Z,89,48315,48935
2026-08-23T19:33:46Z,89,48315,48935
2026-08-23T19:33:48Z,89,48315,48935
2026-08-23T19:33:50Z,89,48315,48935
2026-08-23T19:33:52Z,89,48315,48935
2026-08-23T19:33:54Z,89,48315,48935
2026-08-23T19:33:56Z,89,48315,48935
2026-08-23T19:33:58Z,89,48315,48935
2026-08-23T19:34:00Z,89,48315,48935
2026-08-23T19:34:02Z,89,48315,48935
2026-08-23T19:34:04Z,89,48315,48935
2026-08-23T19:34:06Z,89,48315,48935
2026-08-23T19:34:08Z,89,48315,48935
2026-08-23T19:34:10Z,89,48315,48935
2026-08-23T19:34:12Z,89,48315,48935
2026-08-23T19:34:14Z,89,48315,48935
2026-08-23T19:34:16Z,89,48315,48935
2026-08-23T19:34:18Z,89,48315,48935
2026-08-23T19:34:20Z,89,48315,48935
2026-08-23T19:34:22Z,89,48315,48935
2026-08-23T19:34:24Z,89,48315,48935
2026-08-23T19:34:26Z,89,48315,48935
2026-08-23T19:34:28Z,89,48315,48935
2026-08-23T19:34:30Z,89,48315,48935
2026-08-23T19:34:32Z,89,48315,48935
2026-08-23T19:34:35Z,89,48315,48935
2026-08-23T19:34:37Z,89,48315,48935
2026-08-23T19:34:39Z,89,48315,48935
2026-08-23T19:34:41Z,89,48315,48935
2026-08-23T19:34:43Z,89,48315,48935
2026-08-23T19:34:45Z,89,48315,48935
2026-08-23T19:34:47Z,89,48315,48935
2026-08-23T19:34:49Z,89,48315,48935
2026-08-23T19:34:51Z,89,48315,48935
2026-08-23T19:34:53Z,89,48315,48935
2026-08-23T19:34:55Z,89,48315,48935
2026-08-23T19:34:57Z,89,48315,48935
2026-08-23T19:34:59Z,89,48315,48935
2026-08-23T19:35:01Z,89,48315,48935
2026-08-23T19:35:03Z,89,48315,48935
2026-08-23T19:35:05Z,89,48315,48935
2026-08-23T19:35:07Z,89,48315,48935
2026-08-23T19:35:09Z,89,48315,48935
2026-08-23T19:35:11Z,89,48315,48935
2026-08-23T19:35:13Z,89,48315,48935
2026-08-23T19:35:15Z,89,48315,48935
2026-08-23T19:35:17Z,89,48315,48935
2026-08-23T19:35:19Z,89,48315,48935
2026-08-23T19:35:21Z,89,48315,48935
2026-08-23T19:35:23Z,89,48315,48935
2026-08-23T19:35:25Z,89,48315,48935
2026-08-23T19:35:27Z,89,48315,48935
2026-08-23T19:35:29Z,89,48315,48935
2026-08-23T19:35:31Z,89,48315,48935
2026-08-23T19:35:33Z,89,48315,48935
2026-08-23T19:35:35Z,89,48315,48935
2026-08-23T19:35:37Z,89,48315,48935
2026-08-23T19:35:39Z,89,48315,48935
2026-08-23T19:35:41Z,89,48315,48935
2026-08-23T19:35:43Z,89,48315,48935
2026-08-23T19:35:46Z,89,48315,48935
2026-08-23T19:35:48Z,89,48315,48935
2026-08-23T19:35:50Z,89,48315,48935
2026-08-23T19:35:52Z,89,48315,48935
2026-08-23T19:35:54Z,89,48315,48935
2026-08-23T19:35:56Z,89,48315,48935
2026-08-23T19:35:58Z,89,48315,48935
2026-08-23T19:36:00Z,89,48315,48935
2026-08-23T19:36:02Z,89,48315,48935
2026-08-23T19:36:04Z,89,48315,48935
2026-08-23T19:36:06Z,89,48315,48935
2026-08-23T19:36:08Z,89,48315,48935
2026-08-23T19:36:10Z,89,48315,48935
2026-08-23T19:36:12Z,89,48315,48935
2026-08-23T19:36:14Z,89,48315,48935
2026-08-23T19:36:16Z,89,48315,48935
2026-08-23T19:36:18Z,89,48315,48935
2026-08-23T19:36:20Z,89,48315,48935
2026-08-23T19:36:22Z,89,48315,48935
2026-08-23T19:36:24Z,89,48315,48935
2026-08-23T19:36:26Z,89,48315,48935
2026-08-23T19:36:28Z,89,48315,48935
2026-08-23T19:36:30Z,89,48315,48935
2026-08-23T19:36:32Z,89,48315,48935
2026-08-23T19:36:34Z,89,48315,48935
2026-08-23T19:36:36Z,89,48315,48935
2026-08-23T19:36:38Z,89,48315,48935
2026-08-23T19:36:40Z,89,48315,48935
2026-08-23T19:36:42Z,89,48315,48935
2026-08-23T19:36:44Z,89,48315,48935
2026-08-23T19:36:46Z,89,48315,48935
2026-08-23T19:36:48Z,89,48315,48935
2026-08-23T19:36:50Z,89,48315,48935
2026-08-23T19:36:52Z,89,48315,48935
2026-08-23T19:36:54Z,89,48315,48935
2026-08-23T19:36:56Z,89,48315,48935
2026-08-23T19:36:59Z,89,48315,48935
2026-08-23T19:37:01Z,89,48315,48935
2026-08-23T19:37:03Z,89,48315,48935
2026-08-23T19:37:05Z,89,48315,48935
2026-08-23T19:37:07Z,89,48315,48935
2026-08-23T19:37:09Z,89,48315,48935
2026-08-23T19:37:11Z,89,48315,48935
2026-08-23T19:37:13Z,89,48315,48935
2026-08-23T19:37:15Z,89,48315,48935
2026-08-23T19:37:17Z,89,48315,48935
2026-08-23T19:37:19Z,89,48315,48935
2026-08-23T19:37:21Z,89,48315,48935
2026-08-23T19:37:23Z,89,48315,48935
2026-08-23T19:37:25Z,89,48315,48935
2026-08-23T19:37:27Z,89,48315,48935
2026-08-23T19:37:29Z,89,48315,48935
2026-08-23T19:37:31Z,89,48315,48935
2026-08-23T19:37:33Z,89,48315,48935
2026-08-23T19:37:35Z,89,48315,48935
2026-08-23T19:37:37Z,89,48315,48935
2026-08-23T19:37:39Z,89,48315,48935
2026-08-23T19:37:41Z,89,48315,48935
2026-08-23T19:37:43Z,89,48315,48935
2026-08-23T19:37:45Z,89,48315,48935
2026-08-23T19:37:47Z,89,48315,48935
2026-08-23T19:37:49Z,89,48315,48935
2026-08-23T19:37:51Z,89,48315,48935
2026-08-23T19:37:53Z,89,48315,48935
2026-08-23T19:37:55Z,89,48315,48935
2026-08-23T19:37:57Z,89,48315,48935
2026-08-23T19:37:59Z,89,48315,48935
2026-08-23T19:38:01Z,89,48315,48935
2026-08-23T19:38:03Z,89,48315,48935
2026-08-23T19:38:05Z,89,48315,48935
2026-08-23T19:38:07Z,89,48315,48935
2026-08-23T19:38:10Z,89,48315,48935
2026-08-23T19:38:12Z,89,48315,48935
2026-08-23T19:38:14Z,89,48315,48935
2026-08-23T19:38:16Z,89,48315,48935
2026-08-23T19:38:18Z,89,48315,48935
2026-08-23T19:38:20Z,89,48315,48935
2026-08-23T19:38:22Z,89,48315,48935
2026-08-23T19:38:24Z,89,48315,48935
2026-08-23T19:38:26Z,89,48315,48935
2026-08-23T19:38:28Z,89,48315,48935
2026-08-23T19:38:30Z,89,48315,48935
2026-08-23T19:38:32Z,89,48315,48935
2026-08-23T19:38:34Z,89,48315,48935
2026-08-23T19:38:36Z,89,48315,48935
2026-08-23T19:38:38Z,89,48315,48935
2026-08-23T19:38:40Z,89,48315,48935
2026-08-23T19:38:42Z,89,48315,48935
2026-08-23T19:38:44Z,89,48315,48935
2026-08-23T19:38:46Z,89,48315,48935
2026-08-23T19:38:48Z,89,48315,48935
2026-08-23T19:38:50Z,89,48315,48935
2026-08-23T19:38:52Z,89,48315,48935
2026-08-23T19:38:54Z,89,48315,48935
2026-08-23T19:38:56Z,89,48315,48935
2026-08-23T19:38:58Z,89,48315,48935
2026-08-23T19:39:00Z,89,48315,48935
2026-08-23T19:39:02Z,89,48315,48935
2026-08-23T19:39:04Z,89,48315,48935
2026-08-23T19:39:06Z,89,48315,48935
2026-08-23T19:39:08Z,89,48315,48935
2026-08-23T19:39:10Z,89,48315,48935
2026-08-23T19:39:12Z,89,48315,48935
2026-08-23T19:39:14Z,89,48315,48935
2026-08-23T19:39:16Z,89,48315,48935
2026-08-23T19:39:18Z,89,48315,48935
2026-08-23T19:39:21Z,89,48315,48935
2026-08-23T19:39:23Z,89,48315,48935
2026-08-23T19:39:25Z,89,48315,48935
2026-08-23T19:39:27Z,89,48315,48935
2026-08-23T19:39:29Z,89,48315,48935
2026-08-23T19:39:31Z,89,48315,48935
2026-08-23T19:39:33Z,89,48315,48935
2026-08-23T19:39:35Z,89,48315,48935
2026-08-23T19:39:37Z,89,48315,48935
2026-08-23T19:39:39Z,89,48315,48935
2026-08-23T19:39:41Z,89,48315,48935
2026-08-23T19:39:43Z,89,48315,48935
2026-08-23T19:39:45Z,89,48315,48935
2026-08-23T19:39:47Z,89,48315,48935
2026-08-23T19:39:49Z,89,48315,48935
2026-08-23T19:39:51Z,89,48315,48935
2026-08-23T19:39:53Z,89,48315,48935
2026-08-23T19:39:55Z,89,48315,48935
2026-08-23T19:39:57Z,89,48315,48935
2026-08-23T19:39:59Z,89,48315,48935
2026-08-23T19:40:01Z,89,48315,48935
2026-08-23T19:40:03Z,89,48315,48935
2026-08-23T19:40:05Z,89,48315,48935
2026-08-23T19:40:07Z,89,48315,48935
2026-08-23T19:40:09Z,89,48315,48935
2026-08-23T19:40:11Z,89,48315,48935
2026-08-23T19:40:13Z,89,48315,48935
2026-08-23T19:40:15Z,89,48315,48935
2026-08-23T19:40:17Z,89,48315,48935
2026-08-23T19:40:19Z,89,48315,48935
2026-08-23T19:40:21Z,89,48315,48935
2026-08-23T19:40:23Z,89,48315,48935
2026-08-23T19:40:25Z,89,48315,48935
2026-08-23T19:40:27Z,89,48315,48935
2026-08-23T19:40:29Z,89,48315,48935
2026-08-23T19:40:31Z,89,48315,48935
2026-08-23T19:40:34Z,89,48315,48935
2026-08-23T19:40:36Z,89,48315,48935
2026-08-23T19:40:38Z,89,48315,48935
2026-08-23T19:40:40Z,89,48315,48935
2026-08-23T19:40:42Z,89,48315,48935
2026-08-23T19:40:44Z,89,48315,48935
2026-08-23T19:40:46Z,89,48315,48935
2026-08-23T19:40:48Z,89,48315,48935
2026-08-23T19:40:50Z,89,48315,48935
2026-08-23T19:40:52Z,89,48315,48935
2026-08-23T19:40:54Z,89,48315,48935
2026-08-23T19:40:56Z,89,48315,48935
2026-08-23T19:40:58Z,89,48315,48935
2026-08-23T19:41:00Z,89,48315,48935
2026-08-23T19:41:02Z,89,48315,48935
2026-08-23T19:41:04Z,89,48315,48935
2026-08-23T19:41:06Z,89,48315,48935
2026-08-23T19:41:08Z,89,48315,48935
2026-08-23T19:41:10Z,89,48315,48935
2026-08-23T19:41:12Z,89,48315,48935
2026-08-23T19:41:14Z,89,48315,48935
2026-08-23T19:41:16Z,89,48315,48935
2026-08-23T19:41:18Z,89,48315,48935
2026-08-23T19:41:20Z,89,48315,48935
2026-08-23T19:41:22Z,89,48315,48935
2026-08-23T19:41:24Z,89,48315,48935
2026-08-23T19:41:26Z,89,48315,48935
2026-08-23T19:41:28Z,89,48315,48935
2026-08-23T19:41:30Z,89,48315,48935
2026-08-23T19:41:32Z,89,48315,48935
2026-08-23T19:41:34Z,89,48315,48935
2026-08-23T19:41:36Z,89,48315,48935
2026-08-23T19:41:38Z,89,48315,48935
2026-08-23T19:41:40Z,89,48315,48935
2026-08-23T19:41:42Z,89,48315,48935
2026-08-23T19:41:45Z,89,48315,48935
2026-08-23T19:41:47Z,89,48315,48935
2026-08-23T19:41:49Z,89,48315,48935
2026-08-23T19:41:51Z,89,48315,48935
2026-08-23T19:41:53Z,89,48315,48935
2026-08-23T19:41:55Z,89,48315,48935
2026-08-23T19:41:57Z,89,48315,48935
2026-08-23T19:41:59Z,89,48315,48935
2026-08-23T19:42:01Z,89,48315,48935
2026-08-23T19:42:03Z,89,48315,48935
2026-08-23T19:42:05Z,89,48315,48935
2026-08-23T19:42:07Z,89,48315,48935
2026-08-23T19:42:09Z,89,48315,48935
2026-08-23T19:42:11Z,89,48315,48935
2026-08-23T19:42:13Z,89,48315,48935
2026-08-23T19:42:15Z,89,48315,48935
2026-08-23T19:42:17Z,89,48315,48935
2026-08-23T19:42:19Z,89,48315,48935
2026-08-23T19:42:21Z,89,48315,48935
2026-08-23T19:42:23Z,89,48315,48935
2026-08-23T19:42:25Z,89,48315,48935
2026-08-23T19:42:27Z,89,48315,48935
2026-08-23T19:42:29Z,89,48315,48935
2026-08-23T19:42:31Z,89,48315,48935
2026-08-23T19:42:33Z,89,48315,48935
2026-08-23T19:42:35Z,89,48315,48935
2026-08-23T19:42:37Z,89,48315,48935
2026-08-23T19:42:39Z,89,48315,48935
2026-08-23T19:42:41Z,89,48315,48935
2026-08-23T19:42:43Z,89,48315,48935
2026-08-23T19:42:45Z,89,48315,48935
2026-08-23T19:42:47Z,89,48315,48935
2026-08-23T19:42:49Z,89,48315,48935
2026-08-23T19:42:51Z,89,48315,48935
2026-08-23T19:42:53Z,89,48315,48935
2026-08-23T19:42:55Z,89,48315,48935
2026-08-23T19:42:58Z,89,48315,48935
2026-08-23T19:43:00Z,89,48315,48935
2026-08-23T19:43:02Z,89,48315,48935
2026-08-23T19:43:04Z,89,48315,48935
2026-08-23T19:43:06Z,89,48315,48935
2026-08-23T19:43:08Z,89,48315,48935
2026-08-23T19:43:10Z,89,48315,48935
2026-08-23T19:43:12Z,89,48315,48935
2026-08-23T19:43:14Z,89,48315,48935
2026-08-23T19:43:16Z,89,48315,48935
2026-08-23T19:43:18Z,89,48315,48935
2026-08-23T19:43:20Z,89,48315,48935
2026-08-23T19:43:22Z,89,48315,48935
2026-08-23T19:43:24Z,89,48315,48935
2026-08-23T19:43:26Z,89,48315,48935
2026-08-23T19:43:28Z,89,48315,48935
2026-08-23T19:43:30Z,89,48315,48935
2026-08-23T19:43:32Z,89,48315,48935
2026-08-23T19:43:34Z,89,48315,48935
2026-08-23T19:43:36Z,89,48315,48935
2026-08-23T19:43:38Z,89,48315,48935
2026-08-23T19:43:40Z,89,48315,48935
2026-08-23T19:43:42Z,89,48315,48935
2026-08-23T19:43:44Z,89,48315,48935
2026-08-23T19:43:46Z,89,48315,48935
2026-08-23T19:43:48Z,89,48315,48935
2026-08-23T19:43:50Z,89,48315,48935
2026-08-23T19:43:52Z,89,48315,48935
2026-08-23T19:43:54Z,89,48315,48935
2026-08-23T19:43:56Z,89,48315,48935
2026-08-23T19:43:58Z,89,48315,48935
2026-08-23T19:44:00Z,89,48315,48935
2026-08-23T19:44:02Z,89,48315,48935
2026-08-23T19:44:04Z,89,48315,48935
2026-08-23T19:44:06Z,89,48315,48935
2026-08-23T19:44:08Z,89,48315,48935
2026-08-23T19:44:11Z,89,48315,48935
2026-08-23T19:44:13Z,89,48315,48935
2026-08-23T19:44:15Z,89,48315,48935
2026-08-23T19:44:17Z,89,48315,48935
2026-08-23T19:44:19Z,89,48315,48935
2026-08-23T19:44:21Z,89,48315,48935
2026-08-23T19:44:23Z,89,48315,48935
2026-08-23T19:44:25Z,89,48315,48935
2026-08-23T19:44:27Z,89,48315,48935
2026-08-23T19:44:29Z,89,48315,48935
2026-08-23T19:44:31Z,89,48315,48935
2026-08-23T19:44:33Z,89,48315,48935
2026-08-23T19:44:35Z,89,48315,48935
2026-08-23T19:44:37Z,89,48315,48935
2026-08-23T19:44:39Z,89,48315,48935
2026-08-23T19:44:41Z,89,48315,48935
2026-08-23T19:44:43Z,89,48315,48935
2026-08-23T19:44:45Z,89,48315,48935
2026-08-23T19:44:47Z,89,48315,48935
2026-08-23T19:44:49Z,89,48315,48935
2026-08-23T19:44:51Z,89,48315,48935
2026-08-23T19:44:53Z,89,48315,48935
2026-08-23T19:44:55Z,89,48315,48935
2026-08-23T19:44:57Z,89,48315,48935
2026-08-23T19:44:59Z,89,48315,48935
2026-08-23T19:45:01Z,89,48315,48935
2026-08-23T19:45:03Z,89,48315,48935
2026-08-23T19:45:05Z,89,48315,48935
2026-08-23T19:45:07Z,89,48315,48935
2026-08-23T19:45:09Z,89,48315,48935
2026-08-23T19:45:11Z,89,48315,48935
2026-08-23T19:45:13Z,89,48315,48935
2026-08-23T19:45:15Z,89,48315,48935
2026-08-23T19:45:17Z,89,48315,48935
2026-08-23T19:45:19Z,89,48315,48935
2026-08-23T19:45:21Z,89,48315,48935
2026-08-23T19:45:24Z,89,48315,48935
2026-08-23T19:45:26Z,89,48315,48935
2026-08-23T19:45:28Z,89,48315,48935
2026-08-23T19:45:30Z,89,48315,48935
2026-08-23T19:45:32Z,89,48315,48935
2026-08-23T19:45:34Z,89,48315,48935
2026-08-23T19:45:36Z,89,48315,48935
2026-08-23T19:45:38Z,89,48315,48935
2026-08-23T19:45:40Z,89,48315,48935
2026-08-23T19:45:42Z,89,48315,48935
2026-08-23T19:45:44Z,89,48315,48935
2026-08-23T19:45:46Z,89,48315,48935
2026-08-23T19:45:48Z,89,48315,48935
2026-08-23T19:45:50Z,89,48315,48935
2026-08-23T19:45:52Z,89,48315,48935
2026-08-23T19:45:54Z,89,48315,48935
2026-08-23T19:45:56Z,89,48315,48935
2026-08-23T19:45:58Z,89,48315,48935
2026-08-23T19:46:00Z,89,48315,48935
2026-08-23T19:46:02Z,89,48315,48935
2026-08-23T19:46:04Z,89,48315,48935
2026-08-23T19:46:06Z,89,48315,48935
2026-08-23T19:46:08Z,89,48315,48935
2026-08-23T19:46:10Z,89,48315,48935
2026-08-23T19:46:12Z,89,48315,48935
2026-08-23T19:46:14Z,89,48315,48935
2026-08-23T19:46:16Z,89,48315,48935
2026-08-23T19:46:18Z,89,48315,48935
2026-08-23T19:46:20Z,89,48315,48935
2026-08-23T19:46:22Z,89,48315,48935
2026-08-23T19:46:24Z,89,48315,48935
2026-08-23T19:46:26Z,89,48315,48935
2026-08-23T19:46:28Z,89,48315,48935
2026-08-23T19:46:30Z,89,48315,48935
2026-08-23T19:46:32Z,89,48315,48935
2026-08-23T19:46:34Z,89,48315,48935
2026-08-23T19:46:37Z,89,48315,48935
2026-08-23T19:46:39Z,89,48315,48935
2026-08-23T19:46:41Z,89,48315,48935
2026-08-23T19:46:43Z,89,48315,48935
2026-08-23T19:46:45Z,89,48315,48935
2026-08-23T19:46:47Z,89,48315,48935
2026-08-23T19:46:49Z,89,48315,48935
2026-08-23T19:46:51Z,89,48315,48935
2026-08-23T19:46:53Z,89,48315,48935
2026-08-23T19:46:55Z,89,48315,48935
2026-08-23T19:46:57Z,89,48315,48935
2026-08-23T19:46:59Z,89,48315,48935
2026-08-23T19:47:01Z,89,48315,48935
2026-08-23T19:47:03Z,89,48315,48935
2026-08-23T19:47:05Z,89,48315,48935
2026-08-23T19:47:07Z,89,48315,48935
2026-08-23T19:47:09Z,89,48315,48935
2026-08-23T19:47:11Z,89,48315,48935
2026-08-23T19:47:13Z,89,48315,48935
2026-08-23T19:47:15Z,89,48315,48935
2026-08-23T19:47:17Z,89,48315,48935
2026-08-23T19:47:19Z,89,48315,48935
2026-08-23T19:47:21Z,89,48315,48935
2026-08-23T19:47:23Z,89,48315,48935
2026-08-23T19:47:25Z,89,48315,48935
2026-08-23T19:47:27Z,89,48315,48935
2026-08-23T19:47:29Z,89,48315,48935
2026-08-23T19:47:31Z,89,48315,48935
2026-08-23T19:47:33Z,89,48315,48935
2026-08-23T19:47:35Z,89,48315,48935
2026-08-23T19:47:37Z,89,48315,48935
2026-08-23T19:47:39Z,89,48315,48935
2026-08-23T19:47:41Z,89,48315,48935
2026-08-23T19:47:43Z,89,48315,48935
2026-08-23T19:47:45Z,89,48315,48935
2026-08-23T19:47:48Z,89,48315,48935
2026-08-23T19:47:50Z,89,48315,48935
2026-08-23T19:47:52Z,89,48315,48935
2026-08-23T19:47:54Z,89,48315,48935
2026-08-23T19:47:56Z,89,48315,48935
2026-08-23T19:47:58Z,89,48315,48935
2026-08-23T19:48:00Z,89,48315,48935
2026-08-23T19:48:02Z,89,48315,48935
2026-08-23T19:48:04Z,89,48315,48935
2026-08-23T19:48:06Z,89,48315,48935
2026-08-23T19:48:08Z,89,48315,48935
2026-08-23T19:48:10Z,89,48315,48935
2026-08-23T19:48:12Z,89,48315,48935
2026-08-23T19:48:14Z,89,48315,48935
2026-08-23T19:48:16Z,89,48315,48935
2026-08-23T19:48:18Z,89,48315,48935
2026-08-23T19:48:20Z,89,48315,48935
2026-08-23T19:48:22Z,89,48315,48935
2026-08-23T19:48:24Z,89,48315,48935
2026-08-23T19:48:26Z,89,48315,48935
2026-08-23T19:48:28Z,89,48315,48935
2026-08-23T19:48:30Z,89,48315,48935
2026-08-23T19:48:32Z,89,48315,48935
2026-08-23T19:48:34Z,89,48315,48935
2026-08-23T19:48:36Z,89,48315,48935
2026-08-23T19:48:38Z,89,48315,48935
2026-08-23T19:48:40Z,89,48315,48935
2026-08-23T19:48:42Z,89,48315,48935
2026-08-23T19:48:44Z,89,48315,48935
2026-08-23T19:48:46Z,89,48315,48935
2026-08-23T19:48:48Z,89,48315,48935
2026-08-23T19:48:50Z,89,48315,48935
2026-08-23T19:48:52Z,89,48315,48935
2026-08-23T19:48:54Z,89,48315,48935
2026-08-23T19:48:56Z,89,48315,48935
2026-08-23T19:48:58Z,89,48315,48935
2026-08-23T19:49:01Z,89,48315,48935
2026-08-23T19:49:03Z,89,48315,48935
2026-08-23T19:49:05Z,89,48315,48935
2026-08-23T19:49:07Z,89,48315,48935
2026-08-23T19:49:09Z,89,48315,48935
2026-08-23T19:49:11Z,89,48315,48935
2026-08-23T19:49:13Z,89,48315,48935
2026-08-23T19:49:15Z,89,48315,48935
2026-08-23T19:49:17Z,89,48315,48935
2026-08-23T19:49:19Z,89,48315,48935
2026-08-23T19:49:21Z,89,48315,48935
2026-08-23T19:49:23Z,89,48315,48935
2026-08-23T19:49:25Z,89,48315,48935
2026-08-23T19:49:27Z,89,48315,48935
2026-08-23T19:49:29Z,89,48315,48935
2026-08-23T19:49:31Z,89,48315,48935
2026-08-23T19:49:33Z,89,48315,48935
2026-08-23T19:49:35Z,89,48315,48935
2026-08-23T19:49:37Z,89,48315,48935
2026-08-23T19:49:39Z,89,48315,48935
2026-08-23T19:49:41Z,89,48315,48935
2026-08-23T19:49:43Z,89,48315,48935
2026-08-23T19:49:45Z,89,48315,48935
2026-08-23T19:49:47Z,89,48315,48935
2026-08-23T19:49:49Z,89,48315,48935
2026-08-23T19:49:51Z,89,48315,48935
2026-08-23T19:49:53Z,89,48315,48935
2026-08-23T19:49:55Z,89,48315,48935
2026-08-23T19:49:57Z,89,48315,48935
2026-08-23T19:49:59Z,89,48315,48935
2026-08-23T19:50:01Z,89,48315,48935
2026-08-23T19:50:03Z,89,48315,48935
2026-08-23T19:50:05Z,89,48315,48935
2026-08-23T19:50:07Z,89,48315,48935
2026-08-23T19:50:09Z,89,48315,48935
2026-08-23T19:50:12Z,89,48315,48935
2026-08-23T19:50:14Z,89,48315,48935
2026-08-23T19:50:16Z,89,48315,48935
2026-08-23T19:50:18Z,89,48315,48935
2026-08-23T19:50:20Z,89,48315,48935
2026-08-23T19:50:22Z,89,48315,48935
2026-08-23T19:50:24Z,89,48315,48935
2026-08-23T19:50:26Z,89,48315,48935
2026-08-23T19:50:28Z,89,48315,48935
2026-08-23T19:50:30Z,89,48315,48935
2026-08-23T19:50:32Z,89,48315,48935
2026-08-23T19:50:34Z,89,48315,48935
2026-08-23T19:50:36Z,89,48315,48935
2026-08-23T19:50:38Z,89,48315,48935
2026-08-23T19:50:40Z,89,48315,48935
2026-08-23T19:50:42Z,89,48315,48935
2026-08-23T19:50:44Z,89,48315,48935
2026-08-23T19:50:46Z,89,48315,48935
2026-08-23T19:50:48Z,89,48315,48935
2026-08-23T19:50:50Z,89,48315,48935
2026-08-23T19:50:52Z,89,48315,48935
2026-08-23T19:50:54Z,89,48315,48935
2026-08-23T19:50:56Z,89,48315,48935
2026-08-23T19:50:58Z,89,48315,48935
2026-08-23T19:51:00Z,89,48315,48935
2026-08-23T19:51:02Z,89,48315,48935
2026-08-23T19:51:04Z,89,48315,48935
2026-08-23T19:51:06Z,89,48315,48935
2026-08-23T19:51:08Z,89,48315,48935
2026-08-23T19:51:10Z,89,48315,48935
2026-08-23T19:51:12Z,89,48315,48935
2026-08-23T19:51:14Z,89,48315,48935
2026-08-23T19:51:16Z,89,48315,48935
2026-08-23T19:51:18Z,89,48315,48935
2026-08-23T19:51:20Z,89,48315,48935
2026-08-23T19:51:22Z,89,48315,48935
2026-08-23T19:51:25Z,89,48315,48935
2026-08-23T19:51:27Z,89,48315,48935
2026-08-23T19:51:29Z,89,48315,48935
2026-08-23T19:51:31Z,89,48315,48935
2026-08-23T19:51:33Z,89,48315,48935
2026-08-23T19:51:35Z,89,48315,48935
2026-08-23T19:51:37Z,89,48315,48935
2026-08-23T19:51:39Z,89,48315,48935
2026-08-23T19:51:41Z,89,48315,48935
2026-08-23T19:51:43Z,89,48315,48935
2026-08-23T19:51:45Z,89,48315,48935
2026-08-23T19:51:47Z,89,48315,48935
2026-08-23T19:51:49Z,89,48315,48935
2026-08-23T19:51:51Z,89,48315,48935
2026-08-23T19:51:53Z,89,48315,48935
2026-08-23T19:51:55Z,89,48315,48935
2026-08-23T19:51:57Z,89,48315,48935
2026-08-23T19:51:59Z,89,48315,48935
2026-08-23T19:52:01Z,89,48315,48935
2026-08-23T19:52:03Z,89,48315,48935
2026-08-23T19:52:05Z,89,48315,48935
2026-08-23T19:52:07Z,89,48315,48935
2026-08-23T19:52:09Z,89,48315,48935
2026-08-23T19:52:11Z,89,48315,48935
2026-08-23T19:52:13Z,89,48315,48935
2026-08-23T19:52:15Z,89,48315,48935
2026-08-23T19:52:17Z,89,48315,48935
2026-08-23T19:52:19Z,89,48315,48935
2026-08-23T19:52:21Z,89,48315,48935
2026-08-23T19:52:23Z,89,48315,48935
2026-08-23T19:52:25Z,89,48315,48935
2026-08-23T19:52:27Z,89,48315,48935
2026-08-23T19:52:29Z,89,48315,48935
2026-08-23T19:52:31Z,89,48315,48935
2026-08-23T19:52:33Z,89,48315,48935
2026-08-23T19:52:35Z,89,48315,48935
2026-08-23T19:52:38Z,89,48315,48935
2026-08-23T19:52:40Z,89,48315,48935
2026-08-23T19:52:42Z,89,48315,48935
2026-08-23T19:52:44Z,89,48315,48935
2026-08-23T19:52:46Z,89,48315,48935
2026-08-23T19:52:48Z,89,48315,48935
2026-08-23T19:52:50Z,89,48315,48935
2026-08-23T19:52:52Z,89,48315,48935
2026-08-23T19:52:54Z,89,48315,48935
2026-08-23T19:52:56Z,89,48315,48935
2026-08-23T19:52:58Z,89,48315,48935
2026-08-23T19:53:00Z,89,48315,48935
2026-08-23T19:53:02Z,89,48315,48935
2026-08-23T19:53:04Z,89,48315,48935
2026-08-23T19:53:06Z,89,48315,48935
2026-08-23T19:53:08Z,89,48315,48935
2026-08-23T19:53:10Z,89,48315,48935
2026-08-23T19:53:12Z,89,48315,48935
2026-08-23T19:53:14Z,89,48315,48935
2026-08-23T19:53:16Z,89,48315,48935
2026-08-23T19:53:18Z,89,48315,48935
2026-08-23T19:53:20Z,89,48315,48935
2026-08-23T19:53:22Z,89,48315,48935
2026-08-23T19:53:24Z,89,48315,48935
2026-08-23T19:53:26Z,89,48315,48935
2026-08-23T19:53:28Z,89,48315,48935
2026-08-23T19:53:30Z,89,48315,48935
2026-08-23T19:53:32Z,89,48315,48935
2026-08-23T19:53:34Z,89,48315,48935
2026-08-23T19:53:36Z,89,48315,48935
2026-08-23T19:53:38Z,89,48315,48935
2026-08-23T19:53:40Z,89,48315,48935
2026-08-23T19:53:42Z,89,48315,48935
2026-08-23T19:53:44Z,89,48315,48935
2026-08-23T19:53:46Z,89,48315,48935
2026-08-23T19:53:48Z,89,48315,48935
2026-08-23T19:53:51Z,89,48315,48935
2026-08-23T19:53:53Z,89,48315,48935
2026-08-23T19:53:55Z,89,48315,48935
2026-08-23T19:53:57Z,89,48315,48935
2026-08-23T19:53:59Z,89,48315,48935
2026-08-23T19:54:01Z,89,48315,48935
2026-08-23T19:54:03Z,89,48315,48935
2026-08-23T19:54:05Z,89,48315,48935
2026-08-23T19:54:07Z,89,48315,48935
2026-08-23T19:54:09Z,89,48315,48935
2026-08-23T19:54:11Z,89,48315,48935
2026-08-23T19:54:13Z,89,48315,48935
2026-08-23T19:54:15Z,89,48315,48935
2026-08-23T19:54:17Z,89,48315,48935
2026-08-23T19:54:19Z,89,48315,48935
2026-08-23T19:54:21Z,89,48315,48935
2026-08-23T19:54:23Z,89,48315,48935
2026-08-23T19:54:25Z,89,48315,48935
2026-08-23T19:54:27Z,89,48315,48935
2026-08-23T19:54:29Z,89,48315,48935
2026-08-23T19:54:31Z,89,48315,48935
2026-08-23T19:54:33Z,89,48315,48935
2026-08-23T19:54:35Z,89,48315,48935
2026-08-23T19:54:37Z,89,48315,48935
2026-08-23T19:54:39Z,89,48315,48935
2026-08-23T19:54:41Z,89,48315,48935
2026-08-23T19:54:43Z,89,48315,48935
2026-08-23T19:54:45Z,89,48315,48935
2026-08-23T19:54:47Z,89,48315,48935
2026-08-23T19:54:49Z,89,48315,48935
2026-08-23T19:54:51Z,89,48315,48935
2026-08-23T19:54:53Z,89,48315,48935
2026-08-23T19:54:55Z,89,48315,48935
2026-08-23T19:54:57Z,89,48315,48935
2026-08-23T19:54:59Z,89,48315,48935
2026-08-23T19:55:01Z,89,48315,48935
2026-08-23T19:55:03Z,89,48315,48935
2026-08-23T19:55:06Z,89,48315,48935
2026-08-23T19:55:08Z,89,48315,48935
2026-08-23T19:55:10Z,89,48315,48935
2026-08-23T19:55:12Z,89,48315,48935
2026-08-23T19:55:14Z,89,48315,48935
2026-08-23T19:55:16Z,89,48315,48935
2026-08-23T19:55:18Z,89,48315,48935
2026-08-23T19:55:20Z,89,48315,48935
2026-08-23T19:55:22Z,89,48315,48935
2026-08-23T19:55:24Z,89,48315,48935
2026-08-23T19:55:26Z,89,48315,48935
2026-08-23T19:55:28Z,89,48315,48935
2026-08-23T19:55:30Z,89,48315,48935
2026-08-23T19:55:32Z,89,48315,48935
2026-08-23T19:55:34Z,89,48315,48935
2026-08-23T19:55:36Z,89,48315,48935
2026-08-23T19:55:38Z,89,48315,48935
2026-08-23T19:55:40Z,89,48315,48935
2026-08-23T19:55:42Z,89,48315,48935
2026-08-23T19:55:44Z,89,48315,48935
2026-08-23T19:55:46Z,89,48315,48935
2026-08-23T19:55:48Z,89,48315,48935
2026-08-23T19:55:50Z,89,48315,48935
2026-08-23T19:55:52Z,89,48315,48935
2026-08-23T19:55:54Z,89,48315,48935
2026-08-23T19:55:56Z,89,48315,48935
2026-08-23T19:55:58Z,89,48315,48935
2026-08-23T19:56:00Z,89,48315,48935
2026-08-23T19:56:02Z,89,48315,48935
2026-08-23T19:56:04Z,89,48315,48935
2026-08-23T19:56:06Z,89,48315,48935
2026-08-23T19:56:08Z,89,48315,48935
2026-08-23T19:56:10Z,89,48315,48935
2026-08-23T19:56:12Z,89,48315,48935
2026-08-23T19:56:14Z,89,48315,48935
2026-08-23T19:56:17Z,89,48315,48935
2026-08-23T19:56:19Z,89,48315,48935
2026-08-23T19:56:21Z,89,48315,48935
2026-08-23T19:56:23Z,89,48315,48935
2026-08-23T19:56:25Z,89,48315,48935
2026-08-23T19:56:27Z,89,48315,48935
2026-08-23T19:56:29Z,89,48315,48935
2026-08-23T19:56:31Z,89,48315,48935
2026-08-23T19:56:33Z,89,48315,48935
2026-08-23T19:56:35Z,89,48315,48935
2026-08-23T19:56:37Z,89,48315,48935
2026-08-23T19:56:39Z,89,48315,48935
2026-08-23T19:56:41Z,89,48315,48935
2026-08-23T19:56:43Z,89,48315,48935
2026-08-23T19:56:45Z,89,48315,48935
2026-08-23T19:56:47Z,89,48315,48935
2026-08-23T19:56:49Z,89,48315,48935
2026-08-23T19:56:51Z,89,48315,48935
2026-08-23T19:56:53Z,89,48315,48935
2026-08-23T19:56:55Z,89,48315,48935
2026-08-23T19:56:57Z,89,48315,48935
2026-08-23T19:56:59Z,89,48315,48935
2026-08-23T19:57:01Z,89,48315,48935
2026-08-23T19:57:03Z,89,48315,48935
2026-08-23T19:57:05Z,89,48315,48935
2026-08-23T19:57:07Z,89,48315,48935
2026-08-23T19:57:09Z,89,48315,48935
2026-08-23T19:57:11Z,89,48315,48935
2026-08-23T19:57:13Z,89,48315,48935
2026-08-23T19:57:15Z,89,48315,48935
2026-08-23T19:57:17Z,89,48315,48935
2026-08-23T19:57:19Z,89,48315,48935
2026-08-23T19:57:21Z,89,48315,48935
2026-08-23T19:57:23Z,89,48315,48935
2026-08-23T19:57:25Z,89,48315,48935
2026-08-23T19:57:27Z,89,48315,48935
2026-08-23T19:57:30Z,89,48315,48935
2026-08-23T19:57:32Z,89,48315,48935
2026-08-23T19:57:34Z,89,48315,48935
2026-08-23T19:57:36Z,89,48315,48935
2026-08-23T19:57:38Z,89,48315,48935
2026-08-23T19:57:40Z,89,48315,48935
2026-08-23T19:57:42Z,89,48315,48935
2026-08-23T19:57:44Z,89,48315,48935
2026-08-23T19:57:46Z,89,48315,48935
2026-08-23T19:57:48Z,89,48315,48935
2026-08-23T19:57:50Z,89,48315,48935
2026-08-23T19:57:52Z,89,48315,48935
2026-08-23T19:57:54Z,89,48315,48935
2026-08-23T19:57:56Z,89,48315,48935
2026-08-23T19:57:58Z,89,48315,48935
2026-08-23T19:58:00Z,89,48315,48935
2026-08-23T19:58:02Z,89,48315,48935
2026-08-23T19:58:04Z,89,48315,48935
2026-08-23T19:58:06Z,89,48315,48935
2026-08-23T19:58:08Z,89,48315,48935
2026-08-23T19:58:10Z,89,48315,48935
2026-08-23T19:58:12Z,89,48315,48935
2026-08-23T19:58:14Z,89,48315,48935
2026-08-23T19:58:16Z,89,48315,48935
2026-08-23T19:58:18Z,89,48315,48935
2026-08-23T19:58:20Z,89,48315,48935
2026-08-23T19:58:22Z,89,48315,48935
2026-08-23T19:58:24Z,89,48315,48935
2026-08-23T19:58:26Z,89,48315,48935
2026-08-23T19:58:28Z,89,48315,48935
2026-08-23T19:58:30Z,89,48315,48935
2026-08-23T19:58:32Z,89,48315,48935
2026-08-23T19:58:34Z,89,48315,48935
2026-08-23T19:58:36Z,89,48315,48935
2026-08-23T19:58:38Z,89,48315,48935
2026-08-23T19:58:41Z,89,48315,48935
2026-08-23T19:58:43Z,89,48315,48935
2026-08-23T19:58:45Z,89,48315,48935
2026-08-23T19:58:47Z,89,48315,48935
2026-08-23T19:58:49Z,89,48315,48935
2026-08-23T19:58:51Z,89,48315,48935
2026-08-23T19:58:53Z,89,48315,48935
2026-08-23T19:58:55Z,89,48315,48935
2026-08-23T19:58:57Z,89,48315,48935
2026-08-23T19:58:59Z,89,48315,48935
2026-08-23T19:59:01Z,89,48315,48935
2026-08-23T19:59:03Z,89,48315,48935
2026-08-23T19:59:05Z,89,48315,48935
2026-08-23T19:59:07Z,89,48315,48935
2026-08-23T19:59:09Z,89,48315,48935
2026-08-23T19:59:11Z,89,48315,48935
2026-08-23T19:59:13Z,89,48315,48935
2026-08-23T19:59:15Z,89,48315,48935
2026-08-23T19:59:17Z,89,48315,48935
2026-08-23T19:59:19Z,89,48315,48935
2026-08-23T19:59:21Z,89,48315,48935
2026-08-23T19:59:23Z,89,48315,48935
2026-08-23T19:59:25Z,89,48315,48935
2026-08-23T19:59:27Z,89,48315,48935
2026-08-23T19:59:29Z,89,48315,48935
2026-08-23T19:59:31Z,89,48315,48935
2026-08-23T19:59:33Z,89,48315,48935
2026-08-23T19:59:35Z,89,48315,48935
2026-08-23T19:59:37Z,89,48315,48935
2026-08-23T19:59:39Z,89,48315,48935
2026-08-23T19:59:41Z,89,48315,48935
2026-08-23T19:59:43Z,89,48315,48935
2026-08-23T19:59:45Z,89,48315,48935
2026-08-23T19:59:47Z,89,48315,48935
2026-08-23T19:59:49Z,89,48315,48935
2026-08-23T19:59:51Z,89,48315,48935
2026-08-23T19:59:53Z,89,48315,48935
2026-08-23T19:59:56Z,89,48315,48935
2026-08-23T19:59:58Z,89,48315,48935
2026-08-23T20:00:00Z,89,48315,48935
2026-08-23T20:00:02Z,89,48315,48935
2026-08-23T20:00:04Z,89,48315,48935
2026-08-23T20:00:06Z,89,48315,48935
2026-08-23T20:00:08Z,89,48315,48935
2026-08-23T20:00:10Z,89,48315,48935
2026-08-23T20:00:12Z,89,48315,48935
2026-08-23T20:00:14Z,89,48315,48935
2026-08-23T20:00:16Z,89,48315,48935
2026-08-23T20:00:18Z,89,48315,48935
2026-08-23T20:00:20Z,89,48315,48935
2026-08-23T20:00:22Z,89,48315,48935
2026-08-23T20:00:24Z,89,48315,48935
2026-08-23T20:00:26Z,89,48315,48935
2026-08-23T20:00:28Z,89,48315,48935
2026-08-23T20:00:30Z,89,48315,48935
2026-08-23T20:00:32Z,89,48315,48935
2026-08-23T20:00:34Z,89,48315,48935
2026-08-23T20:00:36Z,89,48315,48935
2026-08-23T20:00:38Z,89,48315,48935
2026-08-23T20:00:40Z,89,48315,48935
2026-08-23T20:00:42Z,89,48315,48935
2026-08-23T20:00:44Z,89,48315,48935
2026-08-23T20:00:46Z,89,48315,48935
2026-08-23T20:00:48Z,89,48315,48935
2026-08-23T20:00:50Z,89,48315,48935
2026-08-23T20:00:52Z,89,48315,48935
2026-08-23T20:00:54Z,89,48315,48935
2026-08-23T20:00:56Z,89,48315,48935
2026-08-23T20:00:58Z,89,48315,48935
2026-08-23T20:01:00Z,89,48315,48935
2026-08-23T20:01:02Z,89,48315,48935
2026-08-23T20:01:04Z,89,48315,48935
2026-08-23T20:01:06Z,89,48315,48935
2026-08-23T20:01:09Z,89,48315,48935
2026-08-23T20:01:11Z,89,48315,48935
2026-08-23T20:01:13Z,89,48315,48935
2026-08-23T20:01:15Z,89,48315,48935
2026-08-23T20:01:17Z,89,48315,48935
2026-08-23T20:01:19Z,89,48315,48935
2026-08-23T20:01:21Z,89,48315,48935
2026-08-23T20:01:23Z,89,48315,48935
2026-08-23T20:01:25Z,89,48315,48935
2026-08-23T20:01:27Z,89,48315,48935
2026-08-23T20:01:29Z,89,48315,48935
2026-08-23T20:01:31Z,89,48315,48935
2026-08-23T20:01:33Z,89,48315,48935
2026-08-23T20:01:35Z,89,48315,48935
2026-08-23T20:01:37Z,89,48315,48935
2026-08-23T20:01:39Z,89,48315,48935
2026-08-23T20:01:41Z,89,48315,48935
2026-08-23T20:01:43Z,89,48315,48935
2026-08-23T20:01:45Z,89,48315,48935
2026-08-23T20:01:47Z,89,48315,48935
2026-08-23T20:01:49Z,89,48315,48935
2026-08-23T20:01:51Z,89,48315,48935
2026-08-23T20:01:53Z,89,48315,48935
2026-08-23T20:01:55Z,89,48315,48935
2026-08-23T20:01:57Z,89,48315,48935
2026-08-23T20:01:59Z,89,48315,48935
2026-08-23T20:02:01Z,89,48315,48935
2026-08-23T20:02:03Z,89,48315,48935
2026-08-23T20:02:05Z,89,48315,48935
2026-08-23T20:02:07Z,89,48315,48935
2026-08-23T20:02:09Z,89,48315,48935
2026-08-23T20:02:11Z,89,48315,48935
2026-08-23T20:02:13Z,89,48315,48935
2026-08-23T20:02:15Z,89,48315,48935
2026-08-23T20:02:17Z,89,48315,48935
2026-08-23T20:02:19Z,89,48315,48935
2026-08-23T20:02:22Z,89,48315,48935
2026-08-23T20:02:24Z,89,48315,48935
2026-08-23T20:02:26Z,89,48315,48935
2026-08-23T20:02:28Z,89,48315,48935
2026-08-23T20:02:30Z,89,48315,48935
2026-08-23T20:02:32Z,89,48315,48935
2026-08-23T20:02:34Z,89,48315,48935
2026-08-23T20:02:36Z,89,48315,48935
2026-08-23T20:02:38Z,89,48315,48935
2026-08-23T20:02:40Z,89,48315,48935
2026-08-23T20:02:42Z,89,48315,48935
2026-08-23T20:02:44Z,89,48315,48935
2026-08-23T20:02:46Z,89,48315,48935
2026-08-23T20:02:48Z,89,48315,48935
2026-08-23T20:02:50Z,89,48315,48935
2026-08-23T20:02:52Z,89,48315,48935
2026-08-23T20:02:54Z,89,48315,48935
2026-08-23T20:02:56Z,89,48315,48935
2026-08-23T20:02:58Z,89,48315,48935
2026-08-23T20:03:00Z,89,48315,48935
2026-08-23T20:03:02Z,89,48315,48935
2026-08-23T20:03:04Z,89,48315,48935
2026-08-23T20:03:06Z,89,48315,48935
2026-08-23T20:03:08Z,89,48315,48935
2026-08-23T20:03:10Z,89,48315,48935
2026-08-23T20:03:12Z,89,48315,48935
2026-08-23T20:03:14Z,89,48315,48935
2026-08-23T20:03:16Z,89,48315,48935
2026-08-23T20:03:18Z,89,48315,48935
2026-08-23T20:03:20Z,89,48315,48935
2026-08-23T20:03:22Z,89,48315,48935
2026-08-23T20:03:24Z,89,48315,48935
2026-08-23T20:03:26Z,89,48315,48935
2026-08-23T20:03:28Z,89,48315,48935
2026-08-23T20:03:30Z,89,48315,48935
2026-08-23T20:03:33Z,89,48315,48935
2026-08-23T20:03:35Z,89,48315,48935
2026-08-23T20:03:37Z,89,48315,48935
2026-08-23T20:03:39Z,89,48315,48935
2026-08-23T20:03:41Z,89,48315,48935
2026-08-23T20:03:43Z,89,48315,48935
2026-08-23T20:03:45Z,89,48315,48935
2026-08-23T20:03:47Z,89,48315,48935
2026-08-23T20:03:49Z,89,48315,48935
2026-08-23T20:03:51Z,89,48315,48935
2026-08-23T20:03:53Z,89,48315,48935
2026-08-23T20:03:55Z,89,48315,48935
2026-08-23T20:03:57Z,89,48315,48935
2026-08-23T20:03:59Z,89,48315,48935
2026-08-23T20:04:01Z,89,48315,48935
2026-08-23T20:04:03Z,89,48315,48935
2026-08-23T20:04:05Z,89,48315,48935
2026-08-23T20:04:07Z,89,48315,48935
2026-08-23T20:04:09Z,89,48315,48935
2026-08-23T20:04:11Z,89,48315,48935
2026-08-23T20:04:13Z,89,48315,48935
2026-08-23T20:04:15Z,89,48315,48935
2026-08-23T20:04:17Z,89,48315,48935
2026-08-23T20:04:19Z,89,48315,48935
2026-08-23T20:04:21Z,89,48315,48935
2026-08-23T20:04:23Z,89,48315,48935
2026-08-23T20:04:25Z,89,48315,48935
2026-08-23T20:04:27Z,89,48315,48935
2026-08-23T20:04:29Z,89,48315,48935
2026-08-23T20:04:31Z,89,48315,48935
2026-08-23T20:04:33Z,89,48315,48935
2026-08-23T20:04:35Z,89,48315,48935
2026-08-23T20:04:37Z,89,48315,48935
2026-08-23T20:04:39Z,89,48315,48935
2026-08-23T20:04:41Z,89,48315,48935
2026-08-23T20:04:43Z,89,48315,48935
2026-08-23T20:04:46Z,89,48315,48935
2026-08-23T20:04:48Z,89,48315,48935
2026-08-23T20:04:50Z,89,48315,48935
2026-08-23T20:04:52Z,89,48315,48935
2026-08-23T20:04:54Z,89,48315,48935
2026-08-23T20:04:56Z,89,48315,48935
2026-08-23T20:04:58Z,89,48315,48935
2026-08-23T20:05:00Z,89,48315,48935
2026-08-23T20:05:02Z,89,48315,48935
2026-08-23T20:05:04Z,89,48315,48935
2026-08-23T20:05:06Z,89,48315,48935
2026-08-23T20:05:08Z,89,48315,48935
2026-08-23T20:05:10Z,89,48315,48935
2026-08-23T20:05:12Z,89,48315,48935
2026-08-23T20:05:14Z,89,48315,48935
2026-08-23T20:05:16Z,89,48315,48935
2026-08-23T20:05:18Z,89,48315,48935
2026-08-23T20:05:20Z,89,48315,48935
2026-08-23T20:05:22Z,89,48315,48935
2026-08-23T20:05:24Z,89,48315,48935
2026-08-23T20:05:26Z,89,48315,48935
2026-08-23T20:05:28Z,89,48315,48935
2026-08-23T20:05:30Z,89,48315,48935
2026-08-23T20:05:32Z,89,48315,48935
2026-08-23T20:05:34Z,89,48315,48935
2026-08-23T20:05:36Z,89,48315,48935
2026-08-23T20:05:38Z,89,48315,48935
2026-08-23T20:05:40Z,89,48315,48935
2026-08-23T20:05:42Z,89,48315,48935
2026-08-23T20:05:44Z,89,48315,48935
2026-08-23T20:05:46Z,89,48315,48935
2026-08-23T20:05:48Z,89,48315,48935
2026-08-23T20:05:50Z,89,48315,48935
2026-08-23T20:05:52Z,89,48315,48935
2026-08-23T20:05:54Z,89,48315,48935
2026-08-23T20:05:56Z,89,48315,48935
2026-08-23T20:05:59Z,89,48315,48935
2026-08-23T20:06:01Z,89,48315,48935
2026-08-23T20:06:03Z,89,48315,48935
2026-08-23T20:06:05Z,89,48315,48935
2026-08-23T20:06:07Z,89,48315,48935
2026-08-23T20:06:09Z,89,48315,48935
2026-08-23T20:06:11Z,89,48315,48935
2026-08-23T20:06:13Z,89,48315,48935
2026-08-23T20:06:15Z,89,48315,48935
2026-08-23T20:06:17Z,89,48315,48935
2026-08-23T20:06:19Z,89,48315,48935
2026-08-23T20:06:21Z,89,48315,48935
2026-08-23T20:06:23Z,89,48315,48935
2026-08-23T20:06:25Z,89,48315,48935
2026-08-23T20:06:27Z,89,48315,48935
2026-08-23T20:06:29Z,89,48315,48935
2026-08-23T20:06:31Z,89,48315,48935
2026-08-23T20:06:33Z,89,48315,48935
2026-08-23T20:06:35Z,89,48315,48935
2026-08-23T20:06:37Z,89,48315,48935
2026-08-23T20:06:39Z,89,48315,48935
2026-08-23T20:06:41Z,89,48315,48935
2026-08-23T20:06:43Z,89,48315,48935
2026-08-23T20:06:45Z,89,48315,48935
2026-08-23T20:06:47Z,89,48315,48935
2026-08-23T20:06:49Z,89,48315,48935
2026-08-23T20:06:51Z,89,48315,48935
2026-08-23T20:06:53Z,89,48315,48935
2026-08-23T20:06:55Z,89,48315,48935
2026-08-23T20:06:57Z,89,48315,48935
2026-08-23T20:06:59Z,89,48315,48935
2026-08-23T20:07:01Z,89,48315,48935
2026-08-23T20:07:03Z,89,48315,48935
2026-08-23T20:07:05Z,89,48315,48935
2026-08-23T20:07:07Z,89,48315,48935
2026-08-23T20:07:10Z,89,48315,48935
2026-08-23T20:07:12Z,89,48315,48935
2026-08-23T20:07:14Z,89,48315,48935
2026-08-23T20:07:16Z,89,48315,48935
2026-08-23T20:07:18Z,89,48315,48935
2026-08-23T20:07:20Z,89,48315,48935
2026-08-23T20:07:22Z,89,48315,48935
2026-08-23T20:07:24Z,89,48315,48935
2026-08-23T20:07:26Z,89,48315,48935
2026-08-23T20:07:28Z,89,48315,48935
2026-08-23T20:07:30Z,89,48315,48935
2026-08-23T20:07:32Z,89,48315,48935
2026-08-23T20:07:34Z,89,48315,48935
2026-08-23T20:07:36Z,89,48315,48935
2026-08-23T20:07:38Z,89,48315,48935
2026-08-23T20:07:40Z,89,48315,48935
2026-08-23T20:07:42Z,89,48315,48935
2026-08-23T20:07:44Z,89,48315,48935
2026-08-23T20:07:46Z,89,48315,48935
2026-08-23T20:07:48Z,89,48315,48935
2026-08-23T20:07:50Z,89,48315,48935
2026-08-23T20:07:52Z,89,48315,48935
2026-08-23T20:07:54Z,89,48315,48935
2026-08-23T20:07:56Z,89,48315,48935
2026-08-23T20:07:58Z,89,48315,48935
2026-08-23T20:08:00Z,89,48315,48935
2026-08-23T20:08:02Z,89,48315,48935
2026-08-23T20:08:04Z,89,48315,48935
2026-08-23T20:08:06Z,89,48315,48935
2026-08-23T20:08:08Z,89,48315,48935
2026-08-23T20:08:10Z,89,48315,48935
2026-08-23T20:08:12Z,89,48315,48935
2026-08-23T20:08:14Z,89,48315,48935
2026-08-23T20:08:16Z,89,48315,48935
2026-08-23T20:08:18Z,89,48315,48935
2026-08-23T20:08:21Z,89,48315,48935
2026-08-23T20:08:23Z,89,48315,48935
2026-08-23T20:08:25Z,89,48315,48935
2026-08-23T20:08:27Z,89,48315,48935
2026-08-23T20:08:29Z,89,48315,48935
2026-08-23T20:08:31Z,89,48315,48935
2026-08-23T20:08:33Z,89,48315,48935
2026-08-23T20:08:35Z,89,48315,48935
2026-08-23T20:08:37Z,89,48315,48935
2026-08-23T20:08:39Z,89,48315,48935
2026-08-23T20:08:41Z,89,48315,48935
2026-08-23T20:08:43Z,89,48315,48935
2026-08-23T20:08:45Z,89,48315,48935
2026-08-23T20:08:47Z,89,48315,48935
2026-08-23T20:08:49Z,89,48315,48935
2026-08-23T20:08:51Z,89,48315,48935
2026-08-23T20:08:53Z,89,48315,48935
2026-08-23T20:08:55Z,89,48315,48935
2026-08-23T20:08:57Z,89,48315,48935
2026-08-23T20:08:59Z,89,48315,48935
2026-08-23T20:09:01Z,89,48315,48935
2026-08-23T20:09:03Z,89,48315,48935
2026-08-23T20:09:05Z,89,48315,48935
2026-08-23T20:09:07Z,89,48315,48935
2026-08-23T20:09:09Z,89,48315,48935
2026-08-23T20:09:11Z,89,48315,48935
2026-08-23T20:09:13Z,89,48315,48935
2026-08-23T20:09:15Z,89,48315,48935
2026-08-23T20:09:17Z,89,48315,48935
2026-08-23T20:09:19Z,89,48315,48935
2026-08-23T20:09:21Z,89,48315,48935
2026-08-23T20:09:23Z,89,48315,48935
2026-08-23T20:09:25Z,89,48315,48935
2026-08-23T20:09:27Z,89,48315,48935
2026-08-23T20:09:29Z,89,48315,48935
2026-08-23T20:09:31Z,89,48315,48935
2026-08-23T20:09:34Z,89,48315,48935
2026-08-23T20:09:36Z,89,48315,48935
2026-08-23T20:09:38Z,89,48315,48935
2026-08-23T20:09:40Z,89,48315,48935
2026-08-23T20:09:42Z,89,48315,48935
2026-08-23T20:09:44Z,89,48315,48935
2026-08-23T20:09:46Z,89,48315,48935
2026-08-23T20:09:48Z,89,48315,48935
2026-08-23T20:09:50Z,89,48315,48935
2026-08-23T20:09:52Z,89,48315,48935
2026-08-23T20:09:54Z,89,48315,48935
2026-08-23T20:09:56Z,89,48315,48935
2026-08-23T20:09:58Z,89,48315,48935
2026-08-23T20:10:00Z,89,48315,48935
2026-08-23T20:10:02Z,89,48315,48935
2026-08-23T20:10:04Z,89,48315,48935
2026-08-23T20:10:06Z,89,48315,48935
2026-08-23T20:10:08Z,89,48315,48935
2026-08-23T20:10:10Z,89,48315,48935
2026-08-23T20:10:12Z,89,48315,48935
2026-08-23T20:10:14Z,89,48315,48935
2026-08-23T20:10:16Z,89,48315,48935
2026-08-23T20:10:18Z,89,48315,48935
2026-08-23T20:10:20Z,89,48315,48935
2026-08-23T20:10:22Z,89,48315,48935
2026-08-23T20:10:24Z,89,48315,48935
2026-08-23T20:10:26Z,89,48315,48935
2026-08-23T20:10:28Z,89,48315,48935
2026-08-23T20:10:30Z,89,48315,48935
2026-08-23T20:10:32Z,89,48315,48935
2026-08-23T20:10:34Z,89,48315,48935
2026-08-23T20:10:36Z,89,48315,48935
2026-08-23T20:10:38Z,89,48315,48935
2026-08-23T20:10:40Z,89,48315,48935
2026-08-23T20:10:42Z,89,48315,48935
2026-08-23T20:10:44Z,89,48315,48935
2026-08-23T20:10:47Z,89,48315,48935
2026-08-23T20:10:49Z,89,48315,48935
2026-08-23T20:10:51Z,89,48315,48935
2026-08-23T20:10:53Z,89,48315,48935
2026-08-23T20:10:55Z,89,48315,48935
2026-08-23T20:10:57Z,89,48315,48935
2026-08-23T20:10:59Z,89,48315,48935
2026-08-23T20:11:01Z,89,48315,48935
2026-08-23T20:11:03Z,89,48315,48935
2026-08-23T20:11:05Z,89,48315,48935
2026-08-23T20:11:07Z,89,48315,48935
2026-08-23T20:11:09Z,89,48315,48935
2026-08-23T20:11:11Z,89,48315,48935
2026-08-23T20:11:13Z,89,48315,48935
2026-08-23T20:11:15Z,89,48315,48935
2026-08-23T20:11:17Z,89,48315,48935
2026-08-23T20:11:19Z,89,48315,48935
2026-08-23T20:11:21Z,89,48315,48935
2026-08-23T20:11:23Z,89,48315,48935
2026-08-23T20:11:25Z,89,48315,48935
2026-08-23T20:11:27Z,89,48315,48935
2026-08-23T20:11:29Z,89,48315,48935
2026-08-23T20:11:31Z,89,48315,48935
2026-08-23T20:11:33Z,89,48315,48935
2026-08-23T20:11:35Z,89,48315,48935
2026-08-23T20:11:37Z,89,48315,48935
2026-08-23T20:11:39Z,89,48315,48935
2026-08-23T20:11:41Z,89,48315,48935
2026-08-23T20:11:43Z,89,48315,48935
2026-08-23T20:11:45Z,89,48315,48935
2026-08-23T20:11:47Z,89,48315,48935
2026-08-23T20:11:49Z,89,48315,48935
2026-08-23T20:11:51Z,89,48315,48935
2026-08-23T20:11:53Z,89,48315,48935
2026-08-23T20:11:55Z,89,48315,48935
2026-08-23T20:11:57Z,89,48315,48935
2026-08-23T20:12:00Z,89,48315,48935
2026-08-23T20:12:02Z,89,48315,48935
2026-08-23T20:12:04Z,89,48315,48935
2026-08-23T20:12:06Z,89,48315,48935
2026-08-23T20:12:08Z,89,48315,48935
2026-08-23T20:12:10Z,89,48315,48935
2026-08-23T20:12:12Z,89,48315,48935
2026-08-23T20:12:14Z,89,48315,48935
2026-08-23T20:12:16Z,89,48315,48935
2026-08-23T20:12:18Z,89,48315,48935
2026-08-23T20:12:20Z,89,48315,48935
2026-08-23T20:12:22Z,89,48315,48935
2026-08-23T20:12:24Z,89,48315,48935
2026-08-23T20:12:26Z,89,48315,48935
2026-08-23T20:12:28Z,89,48315,48935
2026-08-23T20:12:30Z,89,48315,48935
2026-08-23T20:12:32Z,89,48315,48935
2026-08-23T20:12:34Z,89,48315,48935
2026-08-23T20:12:36Z,89,48315,48935
2026-08-23T20:12:38Z,89,48315,48935
2026-08-23T20:12:40Z,89,48315,48935
2026-08-23T20:12:42Z,89,48315,48935
2026-08-23T20:12:44Z,89,48315,48935
2026-08-23T20:12:46Z,89,48315,48935
2026-08-23T20:12:48Z,89,48315,48935
2026-08-23T20:12:50Z,89,48315,48935
2026-08-23T20:12:52Z,89,48315,48935
2026-08-23T20:12:54Z,89,48315,48935
2026-08-23T20:12:56Z,89,48315,48935
2026-08-23T20:12:58Z,89,48315,48935
2026-08-23T20:13:00Z,89,48315,48935
2026-08-23T20:13:02Z,89,48315,48935
2026-08-23T20:13:04Z,89,48315,48935
2026-08-23T20:13:06Z,89,48315,48935
2026-08-23T20:13:08Z,89,48315,48935
2026-08-23T20:13:10Z,89,48315,48935
2026-08-23T20:13:13Z,89,48315,48935
2026-08-23T20:13:15Z,89,48315,48935
2026-08-23T20:13:17Z,89,48315,48935
2026-08-23T20:13:19Z,89,48315,48935
2026-08-23T20:13:21Z,89,48315,48935
2026-08-23T20:13:23Z,89,48315,48935
2026-08-23T20:13:25Z,89,48315,48935
2026-08-23T20:13:27Z,89,48315,48935
2026-08-23T20:13:29Z,89,48315,48935
2026-08-23T20:13:31Z,89,48315,48935
2026-08-23T20:13:33Z,89,48315,48935
2026-08-23T20:13:35Z,89,48315,48935
2026-08-23T20:13:37Z,89,48315,48935
2026-08-23T20:13:39Z,89,48315,48935
2026-08-23T20:13:41Z,89,48315,48935
2026-08-23T20:13:43Z,89,48315,48935
2026-08-23T20:13:45Z,89,48315,48935
2026-08-23T20:13:47Z,89,48315,48935
2026-08-23T20:13:49Z,89,48315,48935
2026-08-23T20:13:51Z,89,48315,48935
2026-08-23T20:13:53Z,89,48315,48935
2026-08-23T20:13:55Z,89,48315,48935
2026-08-23T20:13:57Z,89,48315,48935
2026-08-23T20:13:59Z,89,48315,48935
2026-08-23T20:14:01Z,89,48315,48935
2026-08-23T20:14:03Z,89,48315,48935
2026-08-23T20:14:05Z,89,48315,48935
2026-08-23T20:14:07Z,89,48315,48935
2026-08-23T20:14:09Z,89,48315,48935
2026-08-23T20:14:11Z,89,48315,48935
2026-08-23T20:14:13Z,89,48315,48935
2026-08-23T20:14:15Z,89,48315,48935
2026-08-23T20:14:17Z,89,48315,48935
2026-08-23T20:14:19Z,89,48315,48935
2026-08-23T20:14:21Z,89,48315,48935
2026-08-23T20:14:24Z,89,48315,48935
2026-08-23T20:14:26Z,89,48315,48935
2026-08-23T20:14:28Z,89,48315,48935
2026-08-23T20:14:30Z,89,48315,48935
2026-08-23T20:14:32Z,89,48315,48935
2026-08-23T20:14:34Z,89,48315,48935
2026-08-23T20:14:36Z,89,48315,48935
2026-08-23T20:14:38Z,89,48315,48935
2026-08-23T20:14:40Z,89,48315,48935
2026-08-23T20:14:42Z,89,48315,48935
2026-08-23T20:14:44Z,89,48315,48935
2026-08-23T20:14:46Z,89,48315,48935
2026-08-23T20:14:48Z,89,48315,48935
2026-08-23T20:14:50Z,89,48315,48935
2026-08-23T20:14:52Z,89,48315,48935
2026-08-23T20:14:54Z,89,48315,48935
2026-08-23T20:14:56Z,89,48315,48935
2026-08-23T20:14:58Z,89,48315,48935
2026-08-23T20:15:00Z,89,48315,48935
2026-08-23T20:15:02Z,89,48315,48935
2026-08-23T20:15:04Z,89,48315,48935
2026-08-23T20:15:06Z,89,48315,48935
2026-08-23T20:15:08Z,89,48315,48935
2026-08-23T20:15:10Z,89,48315,48935
2026-08-23T20:15:12Z,89,48315,48935
2026-08-23T20:15:14Z,89,48315,48935
2026-08-23T20:15:16Z,89,48315,48935
2026-08-23T20:15:18Z,89,48315,48935
2026-08-23T20:15:20Z,89,48315,48935
2026-08-23T20:15:22Z,89,48315,48935
2026-08-23T20:15:24Z,89,48315,48935
2026-08-23T20:15:26Z,89,48315,48935
2026-08-23T20:15:28Z,89,48315,48935
2026-08-23T20:15:30Z,89,48315,48935
2026-08-23T20:15:32Z,89,48315,48935
2026-08-23T20:15:34Z,89,48315,48935
2026-08-23T20:15:37Z,89,48315,48935
2026-08-23T20:15:39Z,89,48315,48935
2026-08-23T20:15:41Z,89,48315,48935
2026-08-23T20:15:43Z,89,48315,48935
2026-08-23T20:15:45Z,89,48315,48935
2026-08-23T20:15:47Z,89,48315,48935
2026-08-23T20:15:49Z,89,48315,48935
2026-08-23T20:15:51Z,89,48315,48935
2026-08-23T20:15:53Z,89,48315,48935
2026-08-23T20:15:55Z,89,48315,48935
2026-08-23T20:15:57Z,89,48315,48935
2026-08-23T20:15:59Z,89,48315,48935
2026-08-23T20:16:01Z,89,48315,48935
2026-08-23T20:16:03Z,89,48315,48935
2026-08-23T20:16:05Z,89,48315,48935
2026-08-23T20:16:07Z,89,48315,48935
2026-08-23T20:16:09Z,89,48315,48935
2026-08-23T20:16:11Z,89,48315,48935
2026-08-23T20:16:13Z,89,48315,48935
2026-08-23T20:16:15Z,89,48315,48935
2026-08-23T20:16:17Z,89,48315,48935
2026-08-23T20:16:19Z,89,48315,48935
2026-08-23T20:16:21Z,89,48315,48935
2026-08-23T20:16:23Z,89,48315,48935
2026-08-23T20:16:25Z,89,48315,48935
2026-08-23T20:16:27Z,89,48315,48935
2026-08-23T20:16:29Z,89,48315,48935
2026-08-23T20:16:31Z,89,48315,48935
2026-08-23T20:16:33Z,89,48315,48935
2026-08-23T20:16:35Z,89,48315,48935
2026-08-23T20:16:37Z,89,48315,48935
2026-08-23T20:16:39Z,89,48315,48935
2026-08-23T20:16:41Z,89,48315,48935
2026-08-23T20:16:43Z,89,48315,48935
2026-08-23T20:16:45Z,89,48315,48935
2026-08-23T20:16:47Z,89,48315,48935
2026-08-23T20:16:50Z,89,48315,48935
2026-08-23T20:16:52Z,89,48315,48935
2026-08-23T20:16:54Z,89,48315,48935
2026-08-23T20:16:56Z,89,48315,48935
2026-08-23T20:16:58Z,89,48315,48935
2026-08-23T20:17:00Z,89,48315,48935
2026-08-23T20:17:02Z,89,48315,48935
2026-08-23T20:17:04Z,89,48315,48935
2026-08-23T20:17:06Z,89,48315,48935
2026-08-23T20:17:08Z,89,48315,48935
2026-08-23T20:17:10Z,89,48315,48935
2026-08-23T20:17:12Z,89,48315,48935
2026-08-23T20:17:14Z,89,48315,48935
2026-08-23T20:17:16Z,89,48315,48935
2026-08-23T20:17:18Z,89,48315,48935
2026-08-23T20:17:20Z,89,48315,48935
2026-08-23T20:17:22Z,89,48315,48935
2026-08-23T20:17:24Z,89,48315,48935
2026-08-23T20:17:26Z,89,48315,48935
2026-08-23T20:17:28Z,89,48315,48935
2026-08-23T20:17:30Z,89,48315,48935
2026-08-23T20:17:32Z,89,48315,48935
2026-08-23T20:17:34Z,89,48315,48935
2026-08-23T20:17:36Z,89,48315,48935
2026-08-23T20:17:38Z,89,48315,48935
2026-08-23T20:17:40Z,89,48315,48935
2026-08-23T20:17:42Z,89,48315,48935
2026-08-23T20:17:44Z,89,48315,48935
2026-08-23T20:17:46Z,89,48315,48935
2026-08-23T20:17:48Z,89,48315,48935
2026-08-23T20:17:50Z,89,48315,48935
2026-08-23T20:17:52Z,89,48315,48935
2026-08-23T20:17:54Z,89,48315,48935
2026-08-23T20:17:56Z,89,48315,48935
2026-08-23T20:17:58Z,89,48315,48935
2026-08-23T20:18:00Z,89,48315,48935
2026-08-23T20:18:03Z,89,48315,48935
2026-08-23T20:18:05Z,89,48315,48935
2026-08-23T20:18:07Z,89,48315,48935
2026-08-23T20:18:09Z,89,48315,48935
2026-08-23T20:18:11Z,89,48315,48935
2026-08-23T20:18:13Z,89,48315,48935
2026-08-23T20:18:15Z,89,48315,48935
2026-08-23T20:18:17Z,89,48315,48935
2026-08-23T20:18:19Z,89,48315,48935
2026-08-23T20:18:21Z,89,48315,48935
2026-08-23T20:18:23Z,89,48315,48935
2026-08-23T20:18:25Z,89,48315,48935
2026-08-23T20:18:27Z,89,48315,48935
2026-08-23T20:18:29Z,89,48315,48935
2026-08-23T20:18:31Z,89,48315,48935
2026-08-23T20:18:33Z,89,48315,48935
2026-08-23T20:18:35Z,89,48315,48935
2026-08-23T20:18:37Z,89,48315,48935
2026-08-23T20:18:39Z,89,48315,48935
2026-08-23T20:18:41Z,89,48315,48935
2026-08-23T20:18:43Z,89,48315,48935
2026-08-23T20:18:45Z,89,48315,48935
2026-08-23T20:18:47Z,89,48315,48935
2026-08-23T20:18:49Z,89,48315,48935
2026-08-23T20:18:51Z,89,48315,48935
2026-08-23T20:18:53Z,89,48315,48935
2026-08-23T20:18:55Z,89,48315,48935
2026-08-23T20:18:57Z,89,48315,48935
2026-08-23T20:18:59Z,89,48315,48935
2026-08-23T20:19:01Z,89,48315,48935
2026-08-23T20:19:03Z,89,48315,48935
2026-08-23T20:19:05Z,89,48315,48935
2026-08-23T20:19:07Z,89,48315,48935
2026-08-23T20:19:09Z,89,48315,48935
2026-08-23T20:19:11Z,89,48315,48935
2026-08-23T20:19:14Z,89,48315,48935
2026-08-23T20:19:16Z,89,48315,48935
2026-08-23T20:19:18Z,89,48315,48935
2026-08-23T20:19:20Z,89,48315,48935
2026-08-23T20:19:22Z,89,48315,48935
2026-08-23T20:19:24Z,89,48315,48935
2026-08-23T20:19:26Z,89,48315,48935
2026-08-23T20:19:28Z,89,48315,48935
2026-08-23T20:19:30Z,89,48315,48935
2026-08-23T20:19:32Z,89,48315,48935
2026-08-23T20:19:34Z,89,48315,48935
2026-08-23T20:19:36Z,89,48315,48935
2026-08-23T20:19:38Z,89,48315,48935
2026-08-23T20:19:40Z,89,48315,48935
2026-08-23T20:19:42Z,89,48315,48935
2026-08-23T20:19:44Z,89,48315,48935
2026-08-23T20:19:46Z,89,48315,48935
2026-08-23T20:19:48Z,89,48315,48935
2026-08-23T20:19:50Z,89,48315,48935
2026-08-23T20:19:52Z,89,48315,48935
2026-08-23T20:19:54Z,89,48315,48935
2026-08-23T20:19:56Z,89,48315,48935
2026-08-23T20:19:58Z,89,48315,48935
2026-08-23T20:20:00Z,89,48315,48935
2026-08-23T20:20:02Z,89,48315,48935
2026-08-23T20:20:04Z,89,48315,48935
2026-08-23T20:20:06Z,89,48315,48935
2026-08-23T20:20:08Z,89,48315,48935
2026-08-23T20:20:10Z,89,48315,48935
2026-08-23T20:20:12Z,89,48315,48935
2026-08-23T20:20:14Z,89,48315,48935
2026-08-23T20:20:16Z,89,48315,48935
2026-08-23T20:20:18Z,89,48315,48935
2026-08-23T20:20:20Z,89,48315,48935
2026-08-23T20:20:22Z,89,48315,48935
2026-08-23T20:20:24Z,89,48315,48935
2026-08-23T20:20:27Z,89,48315,48935
2026-08-23T20:20:29Z,89,48315,48935
2026-08-23T20:20:31Z,89,48315,48935
2026-08-23T20:20:33Z,89,48315,48935
2026-08-23T20:20:35Z,89,48315,48935
2026-08-23T20:20:37Z,89,48315,48935
2026-08-23T20:20:39Z,89,48315,48935
2026-08-23T20:20:41Z,89,48315,48935
2026-08-23T20:20:43Z,89,48315,48935
2026-08-23T20:20:45Z,89,48315,48935
2026-08-23T20:20:47Z,89,48315,48935
2026-08-23T20:20:49Z,89,48315,48935
2026-08-23T20:20:51Z,89,48315,48935
2026-08-23T20:20:53Z,89,48315,48935
2026-08-23T20:20:55Z,89,48315,48935
2026-08-23T20:20:57Z,89,48315,48935
2026-08-23T20:20:59Z,89,48315,48935
2026-08-23T20:21:01Z,89,48315,48935
2026-08-23T20:21:03Z,89,48315,48935
2026-08-23T20:21:05Z,89,48315,48935
2026-08-23T20:21:07Z,89,48315,48935
2026-08-23T20:21:09Z,89,48315,48935
2026-08-23T20:21:11Z,89,48315,48935
2026-08-23T20:21:13Z,89,48315,48935
2026-08-23T20:21:15Z,89,48315,48935
2026-08-23T20:21:17Z,89,48315,48935
2026-08-23T20:21:19Z,89,48315,48935
2026-08-23T20:21:21Z,89,48315,48935
2026-08-23T20:21:23Z,89,48315,48935
2026-08-23T20:21:25Z,89,48315,48935
2026-08-23T20:21:27Z,89,48315,48935
2026-08-23T20:21:29Z,89,48315,48935
2026-08-23T20:21:31Z,89,48315,48935
2026-08-23T20:21:33Z,89,48315,48935
2026-08-23T20:21:35Z,89,48315,48935
2026-08-23T20:21:37Z,89,48315,48935
2026-08-23T20:21:39Z,89,48315,48935
2026-08-23T20:21:42Z,89,48315,48935
2026-08-23T20:21:44Z,89,48315,48935
2026-08-23T20:21:46Z,89,48315,48935
2026-08-23T20:21:48Z,89,48315,48935
2026-08-23T20:21:50Z,89,48315,48935
2026-08-23T20:21:52Z,89,48315,48935
2026-08-23T20:21:54Z,89,48315,48935
2026-08-23T20:21:56Z,89,48315,48935
2026-08-23T20:21:58Z,89,48315,48935
2026-08-23T20:22:00Z,89,48315,48935
2026-08-23T20:22:02Z,89,48315,48935
2026-08-23T20:22:04Z,89,48315,48935
2026-08-23T20:22:06Z,89,48315,48935
2026-08-23T20:22:08Z,89,48315,48935
2026-08-23T20:22:10Z,89,48315,48935
2026-08-23T20:22:12Z,89,48315,48935
2026-08-23T20:22:14Z,89,48315,48935
2026-08-23T20:22:16Z,89,48315,48935
2026-08-23T20:22:18Z,89,48315,48935
2026-08-23T20:22:20Z,89,48315,48935
2026-08-23T20:22:22Z,89,48315,48935
2026-08-23T20:22:24Z,89,48315,48935
2026-08-23T20:22:26Z,89,48315,48935
2026-08-23T20:22:28Z,89,48315,48935
2026-08-23T20:22:30Z,89,48315,48935
2026-08-23T20:22:32Z,89,48315,48935
2026-08-23T20:22:34Z,89,48315,48935
2026-08-23T20:22:36Z,89,48315,48935
2026-08-23T20:22:38Z,89,48315,48935
2026-08-23T20:22:40Z,89,48315,48935
2026-08-23T20:22:42Z,89,48315,48935
2026-08-23T20:22:44Z,89,48315,48935
2026-08-23T20:22:46Z,89,48315,48935
2026-08-23T20:22:48Z,89,48315,48935
2026-08-23T20:22:50Z,89,48315,48935
2026-08-23T20:22:53Z,89,48315,48935
2026-08-23T20:22:55Z,89,48315,48935
2026-08-23T20:22:57Z,89,48315,48935
2026-08-23T20:22:59Z,89,48315,48935
2026-08-23T20:23:01Z,89,48315,48935
2026-08-23T20:23:03Z,89,48315,48935
2026-08-23T20:23:05Z,89,48315,48935
2026-08-23T20:23:07Z,89,48315,48935
2026-08-23T20:23:09Z,89,48315,48935
2026-08-23T20:23:11Z,89,48315,48935
2026-08-23T20:23:13Z,89,48315,48935
2026-08-23T20:23:15Z,89,48315,48935
2026-08-23T20:23:17Z,89,48315,48935
2026-08-23T20:23:19Z,89,48315,48935
2026-08-23T20:23:21Z,89,48315,48935
2026-08-23T20:23:23Z,89,48315,48935
2026-08-23T20:23:25Z,89,48315,48935
2026-08-23T20:23:27Z,89,48315,48935
2026-08-23T20:23:29Z,89,48315,48935
2026-08-23T20:23:31Z,89,48315,48935
2026-08-23T20:23:33Z,89,48315,48935
2026-08-23T20:23:35Z,89,48315,48935
2026-08-23T20:23:37Z,89,48315,48935
2026-08-23T20:23:39Z,89,48315,48935
2026-08-23T20:23:41Z,89,48315,48935
2026-08-23T20:23:43Z,89,48315,48935
2026-08-23T20:23:45Z,89,48315,48935
2026-08-23T20:23:47Z,89,48315,48935
2026-08-23T20:23:49Z,89,48315,48935
2026-08-23T20:23:51Z,89,48315,48935
2026-08-23T20:23:53Z,89,48315,48935
2026-08-23T20:23:55Z,89,48315,48935
2026-08-23T20:23:57Z,89,48315,48935
2026-08-23T20:23:59Z,89,48315,48935
2026-08-23T20:24:01Z,89,48315,48935
2026-08-23T20:24:04Z,89,48315,48935
2026-08-23T20:24:06Z,89,48315,48935
2026-08-23T20:24:08Z,89,48315,48935
2026-08-23T20:24:10Z,89,48315,48935
2026-08-23T20:24:12Z,89,48315,48935
2026-08-23T20:24:14Z,89,48315,48935
2026-08-23T20:24:16Z,89,48315,48935
2026-08-23T20:24:18Z,89,48315,48935
2026-08-23T20:24:20Z,89,48315,48935
2026-08-23T20:24:22Z,89,48315,48935
2026-08-23T20:24:24Z,89,48315,48935
2026-08-23T20:24:26Z,89,48315,48935
2026-08-23T20:24:28Z,89,48315,48935
2026-08-23T20:24:30Z,89,48315,48935
2026-08-23T20:24:32Z,89,48315,48935
2026-08-23T20:24:34Z,89,48315,48935
2026-08-23T20:24:36Z,89,48315,48935
2026-08-23T20:24:38Z,89,48315,48935
2026-08-23T20:24:40Z,89,48315,48935
2026-08-23T20:24:42Z,89,48315,48935
2026-08-23T20:24:44Z,89,48315,48935
2026-08-23T20:24:46Z,89,48315,48935
2026-08-23T20:24:48Z,89,48315,48935
2026-08-23T20:24:50Z,89,48315,48935
2026-08-23T20:24:52Z,89,48315,48935
2026-08-23T20:24:54Z,89,48315,48935
2026-08-23T20:24:56Z,89,48315,48935
2026-08-23T20:24:58Z,89,48315,48935
2026-08-23T20:25:00Z,89,48315,48935
2026-08-23T20:25:02Z,89,48315,48935
2026-08-23T20:25:04Z,89,48315,48935
2026-08-23T20:25:06Z,89,48315,48935
2026-08-23T20:25:08Z,89,48315,48935
2026-08-23T20:25:10Z,89,48315,48935
2026-08-23T20:25:12Z,89,48315,48935
2026-08-23T20:25:14Z,89,48315,48935
2026-08-23T20:25:17Z,89,48315,48935
2026-08-23T20:25:19Z,89,48315,48935
2026-08-23T20:25:21Z,89,48315,48935
2026-08-23T20:25:23Z,89,48315,48935
2026-08-23T20:25:25Z,89,48315,48935
2026-08-23T20:25:27Z,89,48315,48935
2026-08-23T20:25:29Z,89,48315,48935
2026-08-23T20:25:31Z,89,48315,48935
2026-08-23T20:25:33Z,89,48315,48935
2026-08-23T20:25:35Z,89,48315,48935
2026-08-23T20:25:37Z,89,48315,48935
2026-08-23T20:25:39Z,89,48315,48935
2026-08-23T20:25:41Z,89,48315,48935
2026-08-23T20:25:43Z,89,48315,48935
2026-08-23T20:25:45Z,89,48315,48935
2026-08-23T20:25:47Z,89,48315,48935
2026-08-23T20:25:49Z,89,48315,48935
2026-08-23T20:25:51Z,89,48315,48935
2026-08-23T20:25:53Z,89,48315,48935
2026-08-23T20:25:55Z,89,48315,48935
2026-08-23T20:25:57Z,89,48315,48935
2026-08-23T20:25:59Z,89,48315,48935
2026-08-23T20:26:01Z,89,48315,48935
2026-08-23T20:26:03Z,89,48315,48935
2026-08-23T20:26:05Z,89,48315,48935
2026-08-23T20:26:07Z,89,48315,48935
2026-08-23T20:26:09Z,89,48315,48935
2026-08-23T20:26:11Z,89,48315,48935
2026-08-23T20:26:13Z,89,48315,48935
2026-08-23T20:26:15Z,89,48315,48935
2026-08-23T20:26:17Z,89,48315,48935
2026-08-23T20:26:19Z,89,48315,48935
2026-08-23T20:26:21Z,89,48315,48935
2026-08-23T20:26:23Z,89,48315,48935
2026-08-23T20:26:25Z,89,48315,48935
2026-08-23T20:26:28Z,89,48315,48935
2026-08-23T20:26:30Z,89,48315,48935
2026-08-23T20:26:32Z,89,48315,48935
2026-08-23T20:26:34Z,89,48315,48935
2026-08-23T20:26:36Z,89,48315,48935
2026-08-23T20:26:38Z,89,48315,48935
2026-08-23T20:26:40Z,89,48315,48935
2026-08-23T20:26:42Z,89,48315,48935
2026-08-23T20:26:44Z,89,48315,48935
2026-08-23T20:26:46Z,89,48315,48935
2026-08-23T20:26:48Z,89,48315,48935
2026-08-23T20:26:50Z,89,48315,48935
2026-08-23T20:26:52Z,89,48315,48935
2026-08-23T20:26:54Z,89,48315,48935
2026-08-23T20:26:56Z,89,48315,48935
2026-08-23T20:26:58Z,89,48315,48935
2026-08-23T20:27:00Z,89,48315,48935
2026-08-23T20:27:02Z,89,48315,48935
2026-08-23T20:27:04Z,89,48315,48935
2026-08-23T20:27:06Z,89,48315,48935
2026-08-23T20:27:08Z,89,48315,48935
2026-08-23T20:27:10Z,89,48315,48935
2026-08-23T20:27:12Z,89,48315,48935
2026-08-23T20:27:14Z,89,48315,48935
2026-08-23T20:27:16Z,89,48315,48935
2026-08-23T20:27:18Z,89,48315,48935
2026-08-23T20:27:20Z,89,48315,48935
2026-08-23T20:27:22Z,89,48315,48935
2026-08-23T20:27:24Z,89,48315,48935
2026-08-23T20:27:26Z,89,48315,48935
2026-08-23T20:27:28Z,89,48315,48935
2026-08-23T20:27:30Z,89,48315,48935
2026-08-23T20:27:32Z,89,48315,48935
2026-08-23T20:27:34Z,89,48315,48935
2026-08-23T20:27:36Z,89,48315,48935
2026-08-23T20:27:39Z,89,48315,48935
2026-08-23T20:27:41Z,89,48315,48935
2026-08-23T20:27:43Z,89,48315,48935
2026-08-23T20:27:45Z,89,48315,48935
2026-08-23T20:27:47Z,89,48315,48935
2026-08-23T20:27:49Z,89,48315,48935
2026-08-23T20:27:51Z,89,48315,48935
2026-08-23T20:27:53Z,89,48315,48935
2026-08-23T20:27:55Z,89,48315,48935
2026-08-23T20:27:57Z,89,48315,48935
2026-08-23T20:27:59Z,89,48315,48935
2026-08-23T20:28:01Z,89,48315,48935
2026-08-23T20:28:03Z,89,48315,48935
2026-08-23T20:28:05Z,89,48315,48935
2026-08-23T20:28:07Z,89,48315,48935
2026-08-23T20:28:09Z,89,48315,48935
2026-08-23T20:28:11Z,89,48315,48935
2026-08-23T20:28:13Z,89,48315,48935
2026-08-23T20:28:15Z,89,48315,48935
2026-08-23T20:28:17Z,89,48315,48935
2026-08-23T20:28:19Z,89,48315,48935
2026-08-23T20:28:21Z,89,48315,48935
2026-08-23T20:28:23Z,89,48315,48935
2026-08-23T20:28:25Z,89,48315,48935
2026-08-23T20:28:27Z,89,48315,48935
2026-08-23T20:28:29Z,89,48315,48935
2026-08-23T20:28:31Z,89,48315,48935
2026-08-23T20:28:33Z,89,48315,48935
2026-08-23T20:28:35Z,89,48315,48935
2026-08-23T20:28:37Z,89,48315,48935
2026-08-23T20:28:39Z,89,48315,48935
2026-08-23T20:28:41Z,89,48315,48935
2026-08-23T20:28:43Z,89,48315,48935
2026-08-23T20:28:45Z,89,48315,48935
2026-08-23T20:28:47Z,89,48315,48935
2026-08-23T20:28:50Z,89,48315,48935
2026-08-23T20:28:52Z,89,48315,48935
2026-08-23T20:28:54Z,89,48315,48935
2026-08-23T20:28:56Z,89,48315,48935
2026-08-23T20:28:58Z,89,48315,48935
2026-08-23T20:29:00Z,89,48315,48935
2026-08-23T20:29:02Z,89,48315,48935
2026-08-23T20:29:04Z,89,48315,48935
2026-08-23T20:29:06Z,89,48315,48935
2026-08-23T20:29:08Z,89,48315,48935
2026-08-23T20:29:10Z,89,48315,48935
2026-08-23T20:29:12Z,89,48315,48935
2026-08-23T20:29:14Z,89,48315,48935
2026-08-23T20:29:16Z,89,48315,48935
2026-08-23T20:29:18Z,89,48315,48935
2026-08-23T20:29:20Z,89,48315,48935
2026-08-23T20:29:22Z,89,48315,48935
2026-08-23T20:29:24Z,89,48315,48935
2026-08-23T20:29:26Z,89,48315,48935
2026-08-23T20:29:28Z,89,48315,48935
2026-08-23T20:29:30Z,89,48315,48935
2026-08-23T20:29:32Z,89,48315,48935
2026-08-23T20:29:34Z,89,48315,48935
2026-08-23T20:29:36Z,89,48315,48935
2026-08-23T20:29:38Z,89,48315,48935
2026-08-23T20:29:40Z,89,48315,48935
2026-08-23T20:29:42Z,89,48315,48935
2026-08-23T20:29:44Z,89,48315,48935
2026-08-23T20:29:46Z,89,48315,48935
2026-08-23T20:29:48Z,89,48315,48935
2026-08-23T20:29:50Z,89,48315,48935
2026-08-23T20:29:52Z,89,48315,48935
2026-08-23T20:29:54Z,89,48315,48935
2026-08-23T20:29:56Z,89,48315,48935
2026-08-23T20:29:58Z,89,48315,48935
2026-08-23T20:30:01Z,89,48315,48935
2026-08-23T20:30:03Z,89,48315,48935
2026-08-23T20:30:05Z,89,48315,48935
2026-08-23T20:30:07Z,89,48315,48935
2026-08-23T20:30:09Z,89,48315,48935
2026-08-23T20:30:11Z,89,48315,48935
2026-08-23T20:30:13Z,89,48315,48935
2026-08-23T20:30:15Z,89,48315,48935
2026-08-23T20:30:17Z,89,48315,48935
2026-08-23T20:30:19Z,89,48315,48935
2026-08-23T20:30:21Z,89,48315,48935
2026-08-23T20:30:23Z,89,48315,48935
2026-08-23T20:30:25Z,89,48315,48935
2026-08-23T20:30:27Z,89,48315,48935
2026-08-23T20:30:29Z,89,48315,48935
2026-08-23T20:30:31Z,89,48315,48935
2026-08-23T20:30:33Z,89,48315,48935
2026-08-23T20:30:35Z,89,48315,48935
2026-08-23T20:30:37Z,89,48315,48935
2026-08-23T20:30:39Z,89,48315,48935
2026-08-23T20:30:41Z,89,48315,48935
2026-08-23T20:30:43Z,89,48315,48935
2026-08-23T20:30:45Z,89,48315,48935
2026-08-23T20:30:47Z,89,48315,48935
2026-08-23T20:30:49Z,89,48315,48935
2026-08-23T20:30:51Z,89,48315,48935
2026-08-23T20:30:53Z,89,48315,48935
2026-08-23T20:30:55Z,89,48315,48935
2026-08-23T20:30:57Z,89,48315,48935
2026-08-23T20:30:59Z,89,48315,48935
2026-08-23T20:31:01Z,89,48315,48935
2026-08-23T20:31:03Z,89,48315,48935
2026-08-23T20:31:05Z,89,48315,48935
2026-08-23T20:31:07Z,89,48315,48935
2026-08-23T20:31:09Z,89,48315,48935
2026-08-23T20:31:12Z,89,48315,48935
2026-08-23T20:31:14Z,89,48315,48935
2026-08-23T20:31:16Z,89,48315,48935
2026-08-23T20:31:18Z,89,48315,48935
2026-08-23T20:31:20Z,89,48315,48935
2026-08-23T20:31:22Z,89,48315,48935
2026-08-23T20:31:24Z,89,48315,48935
2026-08-23T20:31:26Z,89,48315,48935
2026-08-23T20:31:28Z,89,48315,48935
2026-08-23T20:31:30Z,89,48315,48935
2026-08-23T20:31:32Z,89,48315,48935
2026-08-23T20:31:34Z,89,48315,48935
2026-08-23T20:31:36Z,89,48315,48935
2026-08-23T20:31:38Z,89,48315,48935
2026-08-23T20:31:40Z,89,48315,48935
2026-08-23T20:31:42Z,89,48315,48935
2026-08-23T20:31:44Z,89,48315,48935
2026-08-23T20:31:46Z,89,48315,48935
2026-08-23T20:31:48Z,89,48315,48935
2026-08-23T20:31:50Z,89,48315,48935
2026-08-23T20:31:52Z,89,48315,48935
2026-08-23T20:31:54Z,89,48315,48935
2026-08-23T20:31:56Z,89,48315,48935
2026-08-23T20:31:58Z,89,48315,48935
2026-08-23T20:32:00Z,89,48315,48935
2026-08-23T20:32:02Z,89,48315,48935
2026-08-23T20:32:04Z,89,48315,48935
2026-08-23T20:32:06Z,89,48315,48935
2026-08-23T20:32:08Z,89,48315,48935
2026-08-23T20:32:10Z,89,48315,48935
2026-08-23T20:32:12Z,89,48315,48935
2026-08-23T20:32:14Z,89,48315,48935
2026-08-23T20:32:16Z,89,48315,48935
2026-08-23T20:32:18Z,89,48315,48935
2026-08-23T20:32:20Z,89,48315,48935
2026-08-23T20:32:22Z,89,48315,48935
2026-08-23T20:32:24Z,89,48315,48935
2026-08-23T20:32:27Z,89,48315,48935
2026-08-23T20:32:29Z,89,48315,48935
2026-08-23T20:32:31Z,89,48315,48935
2026-08-23T20:32:33Z,89,48315,48935
2026-08-23T20:32:35Z,89,48315,48935
2026-08-23T20:32:37Z,89,48315,48935
2026-08-23T20:32:39Z,89,48315,48935
2026-08-23T20:32:41Z,89,48315,48935
2026-08-23T20:32:43Z,89,48315,48935
2026-08-23T20:32:45Z,89,48315,48935
2026-08-23T20:32:47Z,89,48315,48935
2026-08-23T20:32:49Z,89,48315,48935
2026-08-23T20:32:51Z,89,48315,48935
2026-08-23T20:32:53Z,89,48315,48935
2026-08-23T20:32:55Z,89,48315,48935
2026-08-23T20:32:57Z,89,48315,48935
2026-08-23T20:32:59Z,89,48315,48935
2026-08-23T20:33:01Z,89,48315,48935
2026-08-23T20:33:03Z,89,48315,48935
2026-08-23T20:33:05Z,89,48315,48935
2026-08-23T20:33:07Z,89,48315,48935
2026-08-23T20:33:09Z,89,48315,48935
2026-08-23T20:33:11Z,89,48315,48935
2026-08-23T20:33:13Z,89,48315,48935
2026-08-23T20:33:15Z,89,48315,48935
2026-08-23T20:33:17Z,89,48315,48935
2026-08-23T20:33:19Z,89,48315,48935
2026-08-23T20:33:21Z,89,48315,48935
2026-08-23T20:33:23Z,89,48315,48935
2026-08-23T20:33:25Z,89,48315,48935
2026-08-23T20:33:27Z,89,48315,48935
2026-08-23T20:33:29Z,89,48315,48935
2026-08-23T20:33:31Z,89,48315,48935
2026-08-23T20:33:33Z,89,48315,48935
2026-08-23T20:33:35Z,89,48315,48935
2026-08-23T20:33:38Z,89,48315,48935
2026-08-23T20:33:40Z,89,48315,48935
2026-08-23T20:33:42Z,89,48315,48935
2026-08-23T20:33:44Z,89,48315,48935
2026-08-23T20:33:46Z,89,48315,48935
2026-08-23T20:33:48Z,89,48315,48935
2026-08-23T20:33:50Z,89,48315,48935
2026-08-23T20:33:52Z,89,48315,48935
2026-08-23T20:33:54Z,89,48315,48935
2026-08-23T20:33:56Z,89,48315,48935
2026-08-23T20:33:58Z,89,48315,48935
2026-08-23T20:34:00Z,89,48315,48935
2026-08-23T20:34:02Z,89,48315,48935
2026-08-23T20:34:04Z,89,48315,48935
2026-08-23T20:34:06Z,89,48315,48935
2026-08-23T20:34:08Z,89,48315,48935
2026-08-23T20:34:10Z,89,48315,48935
2026-08-23T20:34:12Z,89,48315,48935
2026-08-23T20:34:14Z,89,48315,48935
2026-08-23T20:34:16Z,89,48315,48935
2026-08-23T20:34:18Z,89,48315,48935
2026-08-23T20:34:20Z,89,48315,48935
2026-08-23T20:34:22Z,89,48315,48935
2026-08-23T20:34:24Z,89,48315,48935
2026-08-23T20:34:26Z,89,48315,48935
2026-08-23T20:34:28Z,89,48315,48935
2026-08-23T20:34:30Z,89,48315,48935
2026-08-23T20:34:32Z,89,48315,48935
2026-08-23T20:34:34Z,89,48315,48935
2026-08-23T20:34:36Z,89,48315,48935
2026-08-23T20:34:38Z,89,48315,48935
2026-08-23T20:34:40Z,89,48315,48935
2026-08-23T20:34:42Z,89,48315,48935
2026-08-23T20:34:44Z,89,48315,48935
2026-08-23T20:34:46Z,89,48315,48935
2026-08-23T20:34:48Z,89,48315,48935
2026-08-23T20:34:51Z,89,48315,48935
2026-08-23T20:34:53Z,89,48315,48935
2026-08-23T20:34:55Z,89,48315,48935
2026-08-23T20:34:57Z,89,48315,48935
2026-08-23T20:34:59Z,89,48315,48935
2026-08-23T20:35:01Z,89,48315,48935
2026-08-23T20:35:03Z,89,48315,48935
2026-08-23T20:35:05Z,89,48315,48935
2026-08-23T20:35:07Z,89,48315,48935
2026-08-23T20:35:09Z,89,48315,48935
2026-08-23T20:35:11Z,89,48315,48935
2026-08-23T20:35:13Z,89,48315,48935
2026-08-23T20:35:15Z,89,48315,48935
2026-08-23T20:35:17Z,89,48315,48935
2026-08-23T20:35:19Z,89,48315,48935
2026-08-23T20:35:21Z,89,48315,48935
2026-08-23T20:35:23Z,89,48315,48935
2026-08-23T20:35:25Z,89,48315,48935
2026-08-23T20:35:27Z,89,48315,48935
2026-08-23T20:35:29Z,89,48315,48935
2026-08-23T20:35:31Z,89,48315,48935
2026-08-23T20:35:33Z,89,48315,48935
2026-08-23T20:35:35Z,89,48315,48935
2026-08-23T20:35:37Z,89,48315,48935
2026-08-23T20:35:39Z,89,48315,48935
2026-08-23T20:35:41Z,89,48315,48935
2026-08-23T20:35:43Z,89,48315,48935
2026-08-23T20:35:45Z,89,48315,48935
2026-08-23T20:35:47Z,89,48315,48935
2026-08-23T20:35:49Z,89,48315,48935
2026-08-23T20:35:51Z,89,48315,48935
2026-08-23T20:35:53Z,89,48315,48935
2026-08-23T20:35:55Z,89,48315,48935
2026-08-23T20:35:57Z,89,48315,48935
2026-08-23T20:35:59Z,89,48315,48935
2026-08-23T20:36:02Z,89,48315,48935
2026-08-23T20:36:04Z,89,48315,48935
2026-08-23T20:36:06Z,89,48315,48935
2026-08-23T20:36:08Z,89,48315,48935
2026-08-23T20:36:10Z,89,48315,48935
2026-08-23T20:36:12Z,89,48315,48935
2026-08-23T20:36:14Z,89,48315,48935
2026-08-23T20:36:16Z,89,48315,48935
2026-08-23T20:36:18Z,89,48315,48935
2026-08-23T20:36:20Z,89,48315,48935
2026-08-23T20:36:22Z,89,48315,48935
2026-08-23T20:36:24Z,89,48315,48935
2026-08-23T20:36:26Z,89,48315,48935
2026-08-23T20:36:28Z,89,48315,48935
2026-08-23T20:36:30Z,89,48315,48935
2026-08-23T20:36:32Z,89,48315,48935
2026-08-23T20:36:34Z,89,48315,48935
2026-08-23T20:36:36Z,89,48315,48935
2026-08-23T20:36:38Z,89,48315,48935
2026-08-23T20:36:40Z,89,48315,48935
2026-08-23T20:36:42Z,89,48315,48935
2026-08-23T20:36:44Z,89,48315,48935
2026-08-23T20:36:46Z,89,48315,48935
2026-08-23T20:36:48Z,89,48315,48935
2026-08-23T20:36:50Z,89,48315,48935
2026-08-23T20:36:52Z,89,48315,48935
2026-08-23T20:36:54Z,89,48315,48935
2026-08-23T20:36:56Z,89,48315,48935
2026-08-23T20:36:58Z,89,48315,48935
2026-08-23T20:37:00Z,89,48315,48935
2026-08-23T20:37:02Z,89,48315,48935
2026-08-23T20:37:04Z,89,48315,48935
2026-08-23T20:37:06Z,89,48315,48935
2026-08-23T20:37:08Z,89,48315,48935
2026-08-23T20:37:10Z,89,48315,48935
2026-08-23T20:37:13Z,89,48315,48935
2026-08-23T20:37:15Z,89,48315,48935
2026-08-23T20:37:17Z,89,48315,48935
2026-08-23T20:37:19Z,89,48315,48935
2026-08-23T20:37:21Z,89,48315,48935
2026-08-23T20:37:23Z,89,48315,48935
2026-08-23T20:37:25Z,89,48315,48935
2026-08-23T20:37:27Z,89,48315,48935
2026-08-23T20:37:29Z,89,48315,48935
2026-08-23T20:37:31Z,89,48315,48935
2026-08-23T20:37:33Z,89,48315,48935
2026-08-23T20:37:35Z,89,48315,48935
2026-08-23T20:37:37Z,89,48315,48935
2026-08-23T20:37:39Z,89,48315,48935
2026-08-23T20:37:41Z,89,48315,48935
2026-08-23T20:37:43Z,89,48315,48935
2026-08-23T20:37:45Z,89,48315,48935
2026-08-23T20:37:47Z,89,48315,48935
2026-08-23T20:37:49Z,89,48315,48935
2026-08-23T20:37:51Z,89,48315,48935
2026-08-23T20:37:53Z,89,48315,48935
2026-08-23T20:37:55Z,89,48315,48935
2026-08-23T20:37:57Z,89,48315,48935
2026-08-23T20:37:59Z,89,48315,48935
2026-08-23T20:38:01Z,89,48315,48935
2026-08-23T20:38:03Z,89,48315,48935
2026-08-23T20:38:05Z,89,48315,48935
2026-08-23T20:38:07Z,89,48315,48935
2026-08-23T20:38:09Z,89,48315,48935
2026-08-23T20:38:11Z,89,48315,48935
2026-08-23T20:38:13Z,89,48315,48935
2026-08-23T20:38:15Z,89,48315,48935
2026-08-23T20:38:17Z,89,48315,48935
2026-08-23T20:38:19Z,89,48315,48935
2026-08-23T20:38:21Z,89,48315,48935
2026-08-23T20:38:23Z,89,48315,48935
2026-08-23T20:38:26Z,89,48315,48935
2026-08-23T20:38:28Z,89,48315,48935
2026-08-23T20:38:30Z,89,48315,48935
2026-08-23T20:38:32Z,89,48315,48935
2026-08-23T20:38:34Z,89,48315,48935
2026-08-23T20:38:36Z,89,48315,48935
2026-08-23T20:38:38Z,89,48315,48935
2026-08-23T20:38:40Z,89,48315,48935
2026-08-23T20:38:42Z,89,48315,48935
2026-08-23T20:38:44Z,89,48315,48935
2026-08-23T20:38:46Z,89,48315,48935
2026-08-23T20:38:48Z,89,48315,48935
2026-08-23T20:38:50Z,89,48315,48935
2026-08-23T20:38:52Z,89,48315,48935
2026-08-23T20:38:54Z,89,48315,48935
2026-08-23T20:38:56Z,89,48315,48935
2026-08-23T20:38:58Z,89,48315,48935
2026-08-23T20:39:00Z,89,48315,48935
2026-08-23T20:39:02Z,89,48315,48935
2026-08-23T20:39:04Z,89,48315,48935
2026-08-23T20:39:06Z,89,48315,48935
2026-08-23T20:39:08Z,89,48315,48935
2026-08-23T20:39:10Z,89,48315,48935
2026-08-23T20:39:12Z,89,48315,48935
2026-08-23T20:39:14Z,89,48315,48935
2026-08-23T20:39:16Z,89,48315,48935
2026-08-23T20:39:18Z,89,48315,48935
2026-08-23T20:39:20Z,89,48315,48935
2026-08-23T20:39:22Z,89,48315,48935
2026-08-23T20:39:24Z,89,48315,48935
2026-08-23T20:39:26Z,89,48315,48935
2026-08-23T20:39:28Z,89,48315,48935
2026-08-23T20:39:30Z,89,48315,48935
2026-08-23T20:39:32Z,89,48315,48935
2026-08-23T20:39:34Z,89,48315,48935
2026-08-23T20:39:36Z,89,48315,48935
2026-08-23T20:39:39Z,89,48315,48935
2026-08-23T20:39:41Z,89,48315,48935
2026-08-23T20:39:43Z,89,48315,48935
2026-08-23T20:39:45Z,89,48315,48935
2026-08-23T20:39:47Z,89,48315,48935
2026-08-23T20:39:49Z,89,48315,48935
2026-08-23T20:39:51Z,89,48315,48935
2026-08-23T20:39:53Z,89,48315,48935
2026-08-23T20:39:55Z,89,48315,48935
2026-08-23T20:39:57Z,89,48315,48935
2026-08-23T20:39:59Z,89,48315,48935
2026-08-23T20:40:01Z,89,48315,48935
2026-08-23T20:40:03Z,89,48315,48935
2026-08-23T20:40:05Z,89,48315,48935
2026-08-23T20:40:07Z,89,48315,48935
2026-08-23T20:40:09Z,89,48315,48935
2026-08-23T20:40:11Z,89,48315,48935
2026-08-23T20:40:13Z,89,48315,48935
2026-08-23T20:40:15Z,89,48315,48935
2026-08-23T20:40:17Z,89,48315,48935
2026-08-23T20:40:19Z,89,48315,48935
2026-08-23T20:40:21Z,89,48315,48935
2026-08-23T20:40:23Z,89,48315,48935
2026-08-23T20:40:25Z,89,48315,48935
2026-08-23T20:40:27Z,89,48315,48935
2026-08-23T20:40:29Z,89,48315,48935
2026-08-23T20:40:31Z,89,48315,48935
2026-08-23T20:40:33Z,89,48315,48935
2026-08-23T20:40:35Z,89,48315,48935
2026-08-23T20:40:37Z,89,48315,48935
2026-08-23T20:40:39Z,89,48315,48935
2026-08-23T20:40:41Z,89,48315,48935
2026-08-23T20:40:43Z,89,48315,48935
2026-08-23T20:40:45Z,89,48315,48935
2026-08-23T20:40:47Z,89,48315,48935
2026-08-23T20:40:50Z,89,48315,48935
2026-08-23T20:40:52Z,89,48315,48935
2026-08-23T20:40:54Z,89,48315,48935
2026-08-23T20:40:56Z,89,48315,48935
2026-08-23T20:40:58Z,89,48315,48935
2026-08-23T20:41:00Z,89,48315,48935
2026-08-23T20:41:02Z,89,48315,48935
2026-08-23T20:41:04Z,89,48315,48935
2026-08-23T20:41:06Z,89,48315,48935
2026-08-23T20:41:08Z,89,48315,48935
2026-08-23T20:41:10Z,89,48315,48935
2026-08-23T20:41:12Z,89,48315,48935
2026-08-23T20:41:14Z,89,48315,48935
2026-08-23T20:41:16Z,89,48315,48935
2026-08-23T20:41:18Z,89,48315,48935
2026-08-23T20:41:20Z,89,48315,48935
2026-08-23T20:41:22Z,89,48315,48935
2026-08-23T20:41:24Z,89,48315,48935
2026-08-23T20:41:26Z,89,48315,48935
2026-08-23T20:41:28Z,89,48315,48935
2026-08-23T20:41:30Z,89,48315,48935
2026-08-23T20:41:32Z,89,48315,48935
2026-08-23T20:41:34Z,89,48315,48935
2026-08-23T20:41:36Z,89,48315,48935
2026-08-23T20:41:38Z,89,48315,48935
2026-08-23T20:41:40Z,89,48315,48935
2026-08-23T20:41:42Z,89,48315,48935
2026-08-23T20:41:44Z,89,48315,48935
2026-08-23T20:41:46Z,89,48315,48935
2026-08-23T20:41:48Z,89,48315,48935
2026-08-23T20:41:50Z,89,48315,48935
2026-08-23T20:41:52Z,89,48315,48935
2026-08-23T20:41:54Z,89,48315,48935
2026-08-23T20:41:56Z,89,48315,48935
2026-08-23T20:41:58Z,89,48315,48935
2026-08-23T20:42:00Z,89,48315,48935
2026-08-23T20:42:03Z,89,48315,48935
2026-08-23T20:42:05Z,89,48315,48935
2026-08-23T20:42:07Z,89,48315,48935
2026-08-23T20:42:09Z,89,48315,48935
2026-08-23T20:42:11Z,89,48315,48935
2026-08-23T20:42:13Z,89,48315,48935
2026-08-23T20:42:15Z,89,48315,48935
2026-08-23T20:42:17Z,89,48315,48935
2026-08-23T20:42:19Z,89,48315,48935
2026-08-23T20:42:21Z,89,48315,48935
2026-08-23T20:42:23Z,89,48315,48935
2026-08-23T20:42:25Z,89,48315,48935
2026-08-23T20:42:27Z,89,48315,48935
2026-08-23T20:42:29Z,89,48315,48935
2026-08-23T20:42:31Z,89,48315,48935
2026-08-23T20:42:33Z,89,48315,48935
2026-08-23T20:42:35Z,89,48315,48935
2026-08-23T20:42:37Z,89,48315,48935
2026-08-23T20:42:39Z,89,48315,48935
2026-08-23T20:42:41Z,89,48315,48935
2026-08-23T20:42:43Z,89,48315,48935
2026-08-23T20:42:45Z,89,48315,48935
2026-08-23T20:42:47Z,89,48315,48935
2026-08-23T20:42:49Z,89,48315,48935
2026-08-23T20:42:51Z,89,48315,48935
2026-08-23T20:42:53Z,89,48315,48935
2026-08-23T20:42:55Z,89,48315,48935
2026-08-23T20:42:57Z,89,48315,48935
2026-08-23T20:42:59Z,89,48315,48935
2026-08-23T20:43:01Z,89,48315,48935
2026-08-23T20:43:03Z,89,48315,48935
2026-08-23T20:43:05Z,89,48315,48935
2026-08-23T20:43:07Z,89,48315,48935
2026-08-23T20:43:09Z,89,48315,48935
2026-08-23T20:43:11Z,89,48315,48935
2026-08-23T20:43:14Z,89,48315,48935
2026-08-23T20:43:16Z,89,48315,48935
2026-08-23T20:43:18Z,89,48315,48935
2026-08-23T20:43:20Z,89,48315,48935
2026-08-23T20:43:22Z,89,48315,48935
2026-08-23T20:43:24Z,89,48315,48935
2026-08-23T20:43:26Z,89,48315,48935
2026-08-23T20:43:28Z,89,48315,48935
2026-08-23T20:43:30Z,89,48315,48935
2026-08-23T20:43:32Z,89,48315,48935
2026-08-23T20:43:34Z,89,48315,48935
2026-08-23T20:43:36Z,89,48315,48935
2026-08-23T20:43:38Z,89,48315,48935
2026-08-23T20:43:40Z,89,48315,48935
2026-08-23T20:43:42Z,89,48315,48935
2026-08-23T20:43:44Z,89,48315,48935
2026-08-23T20:43:46Z,89,48315,48935
2026-08-23T20:43:48Z,89,48315,48935
2026-08-23T20:43:50Z,89,48315,48935
2026-08-23T20:43:52Z,89,48315,48935
2026-08-23T20:43:54Z,89,48315,48935
2026-08-23T20:43:56Z,89,48315,48935
2026-08-23T20:43:58Z,89,48315,48935
2026-08-23T20:44:00Z,89,48315,48935
2026-08-23T20:44:02Z,89,48315,48935
2026-08-23T20:44:04Z,89,48315,48935
2026-08-23T20:44:06Z,89,48315,48935
2026-08-23T20:44:08Z,89,48315,48935
2026-08-23T20:44:10Z,89,48315,48935
2026-08-23T20:44:12Z,89,48315,48935
2026-08-23T20:44:14Z,89,48315,48935
2026-08-23T20:44:16Z,89,48315,48935
2026-08-23T20:44:18Z,89,48315,48935
2026-08-23T20:44:20Z,89,48315,48935
2026-08-23T20:44:22Z,89,48315,48935
2026-08-23T20:44:24Z,89,48315,48935
2026-08-23T20:44:27Z,89,48315,48935
2026-08-23T20:44:29Z,89,48315,48935
2026-08-23T20:44:31Z,89,48315,48935
2026-08-23T20:44:33Z,89,48315,48935
2026-08-23T20:44:35Z,89,48315,48935
2026-08-23T20:44:37Z,89,48315,48935
2026-08-23T20:44:39Z,89,48315,48935
2026-08-23T20:44:41Z,89,48315,48935
2026-08-23T20:44:43Z,89,48315,48935
2026-08-23T20:44:45Z,89,48315,48935
2026-08-23T20:44:47Z,89,48315,48935
2026-08-23T20:44:49Z,89,48315,48935
2026-08-23T20:44:51Z,89,48315,48935
2026-08-23T20:44:53Z,89,48315,48935
2026-08-23T20:44:55Z,89,48315,48935
2026-08-23T20:44:57Z,89,48315,48935
2026-08-23T20:44:59Z,89,48315,48935
2026-08-23T20:45:01Z,89,48315,48935
2026-08-23T20:45:03Z,89,48315,48935
2026-08-23T20:45:05Z,89,48315,48935
2026-08-23T20:45:07Z,89,48315,48935
2026-08-23T20:45:09Z,89,48315,48935
2026-08-23T20:45:11Z,89,48315,48935
2026-08-23T20:45:13Z,89,48315,48935
2026-08-23T20:45:15Z,89,48315,48935
2026-08-23T20:45:17Z,89,48315,48935
2026-08-23T20:45:19Z,89,48315,48935
2026-08-23T20:45:21Z,89,48315,48935
2026-08-23T20:45:23Z,89,48315,48935
2026-08-23T20:45:25Z,89,48315,48935
2026-08-23T20:45:27Z,89,48315,48935
2026-08-23T20:45:29Z,89,48315,48935
2026-08-23T20:45:31Z,89,48315,48935
2026-08-23T20:45:33Z,89,48315,48935
2026-08-23T20:45:35Z,89,48315,48935
2026-08-23T20:45:38Z,89,48315,48935
2026-08-23T20:45:40Z,89,48315,48935
2026-08-23T20:45:42Z,89,48315,48935
2026-08-23T20:45:44Z,89,48315,48935
2026-08-23T20:45:46Z,89,48315,48935
2026-08-23T20:45:48Z,89,48315,48935
2026-08-23T20:45:50Z,89,48315,48935
2026-08-23T20:45:52Z,89,48315,48935
2026-08-23T20:45:54Z,89,48315,48935
2026-08-23T20:45:56Z,89,48315,48935
2026-08-23T20:45:58Z,89,48315,48935
2026-08-23T20:46:00Z,89,48315,48935
2026-08-23T20:46:02Z,89,48315,48935
2026-08-23T20:46:04Z,89,48315,48935
2026-08-23T20:46:06Z,89,48315,48935
2026-08-23T20:46:08Z,89,48315,48935
2026-08-23T20:46:10Z,89,48315,48935
2026-08-23T20:46:12Z,89,48315,48935
2026-08-23T20:46:14Z,89,48315,48935
2026-08-23T20:46:16Z,89,48315,48935
2026-08-23T20:46:18Z,89,48315,48935
2026-08-23T20:46:20Z,89,48315,48935
2026-08-23T20:46:22Z,89,48315,48935
2026-08-23T20:46:24Z,89,48315,48935
2026-08-23T20:46:26Z,89,48315,48935
2026-08-23T20:46:28Z,89,48315,48935
2026-08-23T20:46:30Z,89,48315,48935
2026-08-23T20:46:32Z,89,48315,48935
2026-08-23T20:46:34Z,89,48315,48935
2026-08-23T20:46:36Z,89,48315,48935
2026-08-23T20:46:38Z,89,48315,48935
2026-08-23T20:46:40Z,89,48315,48935
2026-08-23T20:46:42Z,89,48315,48935
2026-08-23T20:46:44Z,89,48315,48935
2026-08-23T20:46:46Z,89,48315,48935
2026-08-23T20:46:49Z,89,48315,48935
2026-08-23T20:46:51Z,89,48315,48935
2026-08-23T20:46:53Z,89,48315,48935
2026-08-23T20:46:55Z,89,48315,48935
2026-08-23T20:46:57Z,89,48315,48935
2026-08-23T20:46:59Z,89,48315,48935
2026-08-23T20:47:01Z,89,48315,48935
2026-08-23T20:47:03Z,89,48315,48935
2026-08-23T20:47:05Z,89,48315,48935
2026-08-23T20:47:07Z,89,48315,48935
2026-08-23T20:47:09Z,89,48315,48935
2026-08-23T20:47:11Z,89,48315,48935
2026-08-23T20:47:13Z,89,48315,48935
2026-08-23T20:47:15Z,89,48315,48935
2026-08-23T20:47:17Z,89,48315,48935
2026-08-23T20:47:19Z,89,48315,48935
2026-08-23T20:47:21Z,89,48315,48935
2026-08-23T20:47:23Z,89,48315,48935
2026-08-23T20:47:25Z,89,48315,48935
2026-08-23T20:47:27Z,89,48315,48935
2026-08-23T20:47:29Z,89,48315,48935
2026-08-23T20:47:31Z,89,48315,48935
2026-08-23T20:47:33Z,89,48315,48935
2026-08-23T20:47:35Z,89,48315,48935
2026-08-23T20:47:37Z,89,48315,48935
2026-08-23T20:47:39Z,89,48315,48935
2026-08-23T20:47:41Z,89,48315,48935
2026-08-23T20:47:43Z,89,48315,48935
2026-08-23T20:47:45Z,89,48315,48935
2026-08-23T20:47:47Z,89,48315,48935
2026-08-23T20:47:49Z,89,48315,48935
2026-08-23T20:47:51Z,89,48315,48935
2026-08-23T20:47:53Z,89,48315,48935
2026-08-23T20:47:55Z,89,48315,48935
2026-08-23T20:47:57Z,89,48315,48935
2026-08-23T20:48:00Z,89,48315,48935
2026-08-23T20:48:02Z,89,48315,48935
2026-08-23T20:48:04Z,89,48315,48935
2026-08-23T20:48:06Z,89,48315,48935
2026-08-23T20:48:08Z,89,48315,48935
2026-08-23T20:48:10Z,89,48315,48935
2026-08-23T20:48:12Z,89,48315,48935
2026-08-23T20:48:14Z,89,48315,48935
2026-08-23T20:48:16Z,89,48315,48935
2026-08-23T20:48:18Z,89,48315,48935
2026-08-23T20:48:20Z,89,48315,48935
2026-08-23T20:48:22Z,89,48315,48935
2026-08-23T20:48:24Z,89,48315,48935
2026-08-23T20:48:26Z,89,48315,48935
2026-08-23T20:48:28Z,89,48315,48935
2026-08-23T20:48:30Z,89,48315,48935
2026-08-23T20:48:32Z,89,48315,48935
2026-08-23T20:48:34Z,89,48315,48935
2026-08-23T20:48:36Z,89,48315,48935
2026-08-23T20:48:38Z,89,48315,48935
2026-08-23T20:48:40Z,89,48315,48935
2026-08-23T20:48:42Z,89,48315,48935
2026-08-23T20:48:44Z,89,48315,48935
2026-08-23T20:48:46Z,89,48315,48935
2026-08-23T20:48:48Z,89,48315,48935
2026-08-23T20:48:50Z,89,48315,48935
2026-08-23T20:48:52Z,89,48315,48935
2026-08-23T20:48:54Z,89,48315,48935
2026-08-23T20:48:56Z,89,48315,48935
2026-08-23T20:48:58Z,89,48315,48935
2026-08-23T20:49:00Z,89,48315,48935
2026-08-23T20:49:02Z,89,48315,48935
2026-08-23T20:49:04Z,89,48315,48935
2026-08-23T20:49:06Z,89,48315,48935
2026-08-23T20:49:08Z,89,48315,48935
2026-08-23T20:49:11Z,89,48315,48935
2026-08-23T20:49:13Z,89,48315,48935
2026-08-23T20:49:15Z,89,48315,48935
2026-08-23T20:49:17Z,89,48315,48935
2026-08-23T20:49:19Z,89,48315,48935
2026-08-23T20:49:21Z,89,48315,48935
2026-08-23T20:49:23Z,89,48315,48935
2026-08-23T20:49:25Z,89,48315,48935
2026-08-23T20:49:27Z,89,48315,48935
2026-08-23T20:49:29Z,89,48315,48935
2026-08-23T20:49:31Z,89,48315,48935
2026-08-23T20:49:33Z,89,48315,48935
2026-08-23T20:49:35Z,89,48315,48935
2026-08-23T20:49:37Z,89,48315,48935
2026-08-23T20:49:39Z,89,48315,48935
2026-08-23T20:49:41Z,89,48315,48935
2026-08-23T20:49:43Z,89,48315,48935
2026-08-23T20:49:45Z,89,48315,48935
2026-08-23T20:49:47Z,89,48315,48935
2026-08-23T20:49:49Z,89,48315,48935
2026-08-23T20:49:51Z,89,48315,48935
2026-08-23T20:49:53Z,89,48315,48935
2026-08-23T20:49:55Z,89,48315,48935
2026-08-23T20:49:57Z,89,48315,48935
2026-08-23T20:49:59Z,89,48315,48935
2026-08-23T20:50:01Z,89,48315,48935
2026-08-23T20:50:03Z,89,48315,48935
2026-08-23T20:50:05Z,89,48315,48935
2026-08-23T20:50:07Z,89,48315,48935
2026-08-23T20:50:09Z,89,48315,48935
2026-08-23T20:50:11Z,89,48315,48935
2026-08-23T20:50:13Z,89,48315,48935
2026-08-23T20:50:15Z,89,48315,48935
2026-08-23T20:50:17Z,89,48315,48935
2026-08-23T20:50:19Z,89,48315,48935
2026-08-23T20:50:22Z,89,48315,48935
2026-08-23T20:50:24Z,89,48315,48935
2026-08-23T20:50:26Z,89,48315,48935
2026-08-23T20:50:28Z,89,48315,48935
2026-08-23T20:50:30Z,89,48315,48935
2026-08-23T20:50:32Z,89,48315,48935
2026-08-23T20:50:34Z,89,48315,48935
2026-08-23T20:50:36Z,89,48315,48935
2026-08-23T20:50:38Z,89,48315,48935
2026-08-23T20:50:40Z,89,48315,48935
2026-08-23T20:50:42Z,89,48315,48935
2026-08-23T20:50:44Z,89,48315,48935
2026-08-23T20:50:46Z,89,48315,48935
2026-08-23T20:50:48Z,89,48315,48935
2026-08-23T20:50:50Z,89,48315,48935
2026-08-23T20:50:52Z,89,48315,48935
2026-08-23T20:50:54Z,89,48315,48935
2026-08-23T20:50:56Z,89,48315,48935
2026-08-23T20:50:58Z,89,48315,48935
2026-08-23T20:51:00Z,89,48315,48935
2026-08-23T20:51:02Z,89,48315,48935
2026-08-23T20:51:04Z,89,48315,48935
2026-08-23T20:51:06Z,89,48315,48935
2026-08-23T20:51:08Z,89,48315,48935
2026-08-23T20:51:10Z,89,48315,48935
2026-08-23T20:51:12Z,89,48315,48935
2026-08-23T20:51:14Z,89,48315,48935
2026-08-23T20:51:16Z,89,48315,48935
2026-08-23T20:51:18Z,89,48315,48935
2026-08-23T20:51:20Z,89,48315,48935
2026-08-23T20:51:22Z,89,48315,48935
2026-08-23T20:51:24Z,89,48315,48935
2026-08-23T20:51:26Z,89,48315,48935
2026-08-23T20:51:28Z,89,48315,48935
2026-08-23T20:51:30Z,89,48315,48935
2026-08-23T20:51:32Z,89,48315,48935
2026-08-23T20:51:35Z,89,48315,48935
2026-08-23T20:51:37Z,89,48315,48935
2026-08-23T20:51:39Z,89,48315,48935
2026-08-23T20:51:41Z,89,48315,48935
2026-08-23T20:51:43Z,89,48315,48935
2026-08-23T20:51:45Z,89,48315,48935
2026-08-23T20:51:47Z,89,48315,48935
2026-08-23T20:51:49Z,89,48315,48935
2026-08-23T20:51:51Z,89,48315,48935
2026-08-23T20:51:53Z,89,48315,48935
2026-08-23T20:51:55Z,89,48315,48935
2026-08-23T20:51:57Z,89,48315,48935
2026-08-23T20:51:59Z,89,48315,48935
2026-08-23T20:52:01Z,89,48315,48935
2026-08-23T20:52:03Z,89,48315,48935
2026-08-23T20:52:05Z,89,48315,48935
2026-08-23T20:52:07Z,89,48315,48935
2026-08-23T20:52:09Z,89,48315,48935
2026-08-23T20:52:11Z,89,48315,48935
2026-08-23T20:52:13Z,89,48315,48935
2026-08-23T20:52:15Z,89,48315,48935
2026-08-23T20:52:17Z,89,48315,48935
2026-08-23T20:52:19Z,89,48315,48935
2026-08-23T20:52:21Z,89,48315,48935
2026-08-23T20:52:23Z,89,48315,48935
2026-08-23T20:52:25Z,89,48315,48935
2026-08-23T20:52:27Z,89,48315,48935
2026-08-23T20:52:29Z,89,48315,48935
2026-08-23T20:52:31Z,89,48315,48935
2026-08-23T20:52:33Z,89,48315,48935
2026-08-23T20:52:35Z,89,48315,48935
2026-08-23T20:52:37Z,89,48315,48935
2026-08-23T20:52:39Z,89,48315,48935
2026-08-23T20:52:41Z,89,48315,48935
2026-08-23T20:52:43Z,89,48315,48935
2026-08-23T20:52:46Z,89,48315,48935
2026-08-23T20:52:48Z,89,48315,48935
2026-08-23T20:52:50Z,89,48315,48935
2026-08-23T20:52:52Z,89,48315,48935
2026-08-23T20:52:54Z,89,48315,48935
2026-08-23T20:52:56Z,89,48315,48935
2026-08-23T20:52:58Z,89,48315,48935
2026-08-23T20:53:00Z,89,48315,48935
2026-08-23T20:53:02Z,89,48315,48935
2026-08-23T20:53:04Z,89,48315,48935
2026-08-23T20:53:06Z,89,48315,48935
2026-08-23T20:53:08Z,89,48315,48935
2026-08-23T20:53:10Z,89,48315,48935
2026-08-23T20:53:12Z,89,48315,48935
2026-08-23T20:53:14Z,89,48315,48935
2026-08-23T20:53:16Z,89,48315,48935
2026-08-23T20:53:18Z,89,48315,48935
2026-08-23T20:53:20Z,89,48315,48935
2026-08-23T20:53:22Z,89,48315,48935
2026-08-23T20:53:24Z,89,48315,48935
2026-08-23T20:53:26Z,89,48315,48935
2026-08-23T20:53:28Z,89,48315,48935
2026-08-23T20:53:30Z,89,48315,48935
2026-08-23T20:53:32Z,89,48315,48935
2026-08-23T20:53:34Z,89,48315,48935
2026-08-23T20:53:36Z,89,48315,48935
2026-08-23T20:53:38Z,89,48315,48935
2026-08-23T20:53:40Z,89,48315,48935
2026-08-23T20:53:42Z,89,48315,48935
2026-08-23T20:53:44Z,89,48315,48935
2026-08-23T20:53:46Z,89,48315,48935
2026-08-23T20:53:48Z,89,48315,48935
2026-08-23T20:53:50Z,89,48315,48935
2026-08-23T20:53:52Z,89,48315,48935
2026-08-23T20:53:54Z,89,48315,48935
2026-08-23T20:53:56Z,89,48315,48935
2026-08-23T20:53:59Z,89,48315,48935
2026-08-23T20:54:01Z,89,48315,48935
2026-08-23T20:54:03Z,89,48315,48935
2026-08-23T20:54:05Z,89,48315,48935
2026-08-23T20:54:07Z,89,48315,48935
2026-08-23T20:54:09Z,89,48315,48935
2026-08-23T20:54:11Z,89,48315,48935
2026-08-23T20:54:13Z,89,48315,48935
2026-08-23T20:54:15Z,89,48315,48935
2026-08-23T20:54:17Z,89,48315,48935
2026-08-23T20:54:19Z,89,48315,48935
2026-08-23T20:54:21Z,89,48315,48935
2026-08-23T20:54:23Z,89,48315,48935
2026-08-23T20:54:25Z,89,48315,48935
2026-08-23T20:54:27Z,89,48315,48935
2026-08-23T20:54:29Z,89,48315,48935
2026-08-23T20:54:31Z,89,48315,48935
2026-08-23T20:54:33Z,89,48315,48935
2026-08-23T20:54:35Z,89,48315,48935
2026-08-23T20:54:37Z,89,48315,48935
2026-08-23T20:54:39Z,89,48315,48935
2026-08-23T20:54:41Z,89,48315,48935
2026-08-23T20:54:43Z,89,48315,48935
2026-08-23T20:54:45Z,89,48315,48935
2026-08-23T20:54:47Z,89,48315,48935
2026-08-23T20:54:49Z,89,48315,48935
2026-08-23T20:54:51Z,89,48315,48935
2026-08-23T20:54:53Z,89,48315,48935
2026-08-23T20:54:55Z,89,48315,48935
2026-08-23T20:54:57Z,89,48315,48935
2026-08-23T20:54:59Z,89,48315,48935
2026-08-23T20:55:01Z,89,48315,48935
2026-08-23T20:55:03Z,89,48315,48935
2026-08-23T20:55:05Z,89,48315,48935
2026-08-23T20:55:07Z,89,48315,48935
2026-08-23T20:55:10Z,89,48315,48935
2026-08-23T20:55:12Z,89,48315,48935
2026-08-23T20:55:14Z,89,48315,48935
2026-08-23T20:55:16Z,89,48315,48935
2026-08-23T20:55:18Z,89,48315,48935
2026-08-23T20:55:20Z,89,48315,48935
2026-08-23T20:55:22Z,89,48315,48935
2026-08-23T20:55:24Z,89,48315,48935
2026-08-23T20:55:26Z,89,48315,48935
2026-08-23T20:55:28Z,89,48315,48935
2026-08-23T20:55:30Z,89,48315,48935
2026-08-23T20:55:32Z,89,48315,48935
2026-08-23T20:55:34Z,89,48315,48935
2026-08-23T20:55:36Z,89,48315,48935
2026-08-23T20:55:38Z,89,48315,48935
2026-08-23T20:55:40Z,89,48315,48935
2026-08-23T20:55:42Z,89,48315,48935
2026-08-23T20:55:44Z,89,48315,48935
2026-08-23T20:55:46Z,89,48315,48935
2026-08-23T20:55:48Z,89,48315,48935
2026-08-23T20:55:50Z,89,48315,48935
2026-08-23T20:55:52Z,89,48315,48935
2026-08-23T20:55:54Z,89,48315,48935
2026-08-23T20:55:56Z,89,48315,48935
2026-08-23T20:55:58Z,89,48315,48935
2026-08-23T20:56:00Z,89,48315,48935
2026-08-23T20:56:02Z,89,48315,48935
2026-08-23T20:56:04Z,89,48315,48935
2026-08-23T20:56:06Z,89,48315,48935
2026-08-23T20:56:08Z,89,48315,48935
2026-08-23T20:56:10Z,89,48315,48935
2026-08-23T20:56:12Z,89,48315,48935
2026-08-23T20:56:14Z,89,48315,48935
2026-08-23T20:56:16Z,89,48315,48935
2026-08-23T20:56:18Z,89,48315,48935
2026-08-23T20:56:20Z,89,48315,48935
2026-08-23T20:56:23Z,89,48315,48935
2026-08-23T20:56:25Z,89,48315,48935
2026-08-23T20:56:27Z,89,48315,48935
2026-08-23T20:56:29Z,89,48315,48935
2026-08-23T20:56:31Z,89,48315,48935
2026-08-23T20:56:33Z,89,48315,48935
2026-08-23T20:56:35Z,89,48315,48935
2026-08-23T20:56:37Z,89,48315,48935
2026-08-23T20:56:39Z,89,48315,48935
2026-08-23T20:56:41Z,89,48315,48935
2026-08-23T20:56:43Z,89,48315,48935
2026-08-23T20:56:45Z,89,48315,48935
2026-08-23T20:56:47Z,89,48315,48935
2026-08-23T20:56:49Z,89,48315,48935
2026-08-23T20:56:51Z,89,48315,48935
2026-08-23T20:56:53Z,89,48315,48935
2026-08-23T20:56:55Z,89,48315,48935
2026-08-23T20:56:57Z,89,48315,48935
2026-08-23T20:56:59Z,89,48315,48935
2026-08-23T20:57:01Z,89,48315,48935
2026-08-23T20:57:03Z,89,48315,48935
2026-08-23T20:57:05Z,89,48315,48935
2026-08-23T20:57:07Z,89,48315,48935
2026-08-23T20:57:09Z,89,48315,48935
2026-08-23T20:57:11Z,89,48315,48935
2026-08-23T20:57:13Z,89,48315,48935
2026-08-23T20:57:15Z,89,48315,48935
2026-08-23T20:57:17Z,89,48315,48935
2026-08-23T20:57:19Z,89,48315,48935
2026-08-23T20:57:21Z,89,48315,48935
2026-08-23T20:57:23Z,89,48315,48935
2026-08-23T20:57:25Z,89,48315,48935
2026-08-23T20:57:27Z,89,48315,48935
2026-08-23T20:57:29Z,89,48315,48935
2026-08-23T20:57:31Z,89,48315,48935
2026-08-23T20:57:33Z,89,48315,48935
2026-08-23T20:57:36Z,89,48315,48935
2026-08-23T20:57:38Z,89,48315,48935
2026-08-23T20:57:40Z,89,48315,48935
2026-08-23T20:57:42Z,89,48315,48935
2026-08-23T20:57:44Z,89,48315,48935
2026-08-23T20:57:46Z,89,48315,48935
2026-08-23T20:57:48Z,89,48315,48935
2026-08-23T20:57:50Z,89,48315,48935
2026-08-23T20:57:52Z,89,48315,48935
2026-08-23T20:57:54Z,89,48315,48935
2026-08-23T20:57:56Z,89,48315,48935
2026-08-23T20:57:58Z,89,48315,48935
2026-08-23T20:58:00Z,89,48315,48935
2026-08-23T20:58:02Z,89,48315,48935
2026-08-23T20:58:04Z,89,48315,48935
2026-08-23T20:58:06Z,89,48315,48935
2026-08-23T20:58:08Z,89,48315,48935
2026-08-23T20:58:10Z,89,48315,48935
2026-08-23T20:58:12Z,89,48315,48935
2026-08-23T20:58:14Z,89,48315,48935
2026-08-23T20:58:16Z,89,48315,48935
2026-08-23T20:58:18Z,89,48315,48935
2026-08-23T20:58:20Z,89,48315,48935
2026-08-23T20:58:22Z,89,48315,48935
2026-08-23T20:58:24Z,89,48315,48935
2026-08-23T20:58:26Z,89,48315,48935
2026-08-23T20:58:28Z,89,48315,48935
2026-08-23T20:58:30Z,89,48315,48935
2026-08-23T20:58:32Z,89,48315,48935
2026-08-23T20:58:34Z,89,48315,48935
2026-08-23T20:58:36Z,89,48315,48935
2026-08-23T20:58:38Z,89,48315,48935
2026-08-23T20:58:40Z,89,48315,48935
2026-08-23T20:58:42Z,89,48315,48935
2026-08-23T20:58:44Z,89,48315,48935
2026-08-23T20:58:46Z,89,48315,48935
2026-08-23T20:58:49Z,89,48315,48935
2026-08-23T20:58:51Z,89,48315,48935
2026-08-23T20:58:53Z,89,48315,48935
2026-08-23T20:58:55Z,89,48315,48935
2026-08-23T20:58:57Z,89,48315,48935
2026-08-23T20:58:59Z,89,48315,48935
2026-08-23T20:59:01Z,89,48315,48935
2026-08-23T20:59:03Z,89,48315,48935
2026-08-23T20:59:05Z,89,48315,48935
2026-08-23T20:59:07Z,89,48315,48935
2026-08-23T20:59:09Z,89,48315,48935
2026-08-23T20:59:11Z,89,48315,48935
2026-08-23T20:59:13Z,89,48315,48935
2026-08-23T20:59:15Z,89,48315,48935
2026-08-23T20:59:17Z,89,48315,48935
2026-08-23T20:59:19Z,89,48315,48935
2026-08-23T20:59:21Z,89,48315,48935
2026-08-23T20:59:23Z,89,48315,48935
2026-08-23T20:59:25Z,89,48315,48935
2026-08-23T20:59:27Z,89,48315,48935
2026-08-23T20:59:29Z,89,48315,48935
2026-08-23T20:59:31Z,89,48315,48935
2026-08-23T20:59:33Z,89,48315,48935
2026-08-23T20:59:35Z,89,48315,48935
2026-08-23T20:59:37Z,89,48315,48935
2026-08-23T20:59:39Z,89,48315,48935
2026-08-23T20:59:41Z,89,48315,48935
2026-08-23T20:59:43Z,89,48315,48935
2026-08-23T20:59:45Z,89,48315,48935
2026-08-23T20:59:47Z,89,48315,48935
2026-08-23T20:59:49Z,89,48315,48935
2026-08-23T20:59:51Z,89,48315,48935
2026-08-23T20:59:53Z,89,48315,48935
2026-08-23T20:59:55Z,89,48315,48935
2026-08-23T20:59:57Z,89,48315,48935
2026-08-23T21:00:00Z,89,48315,48935
2026-08-23T21:00:02Z,89,48315,48935
2026-08-23T21:00:04Z,89,48315,48935
2026-08-23T21:00:06Z,89,48315,48935
2026-08-23T21:00:08Z,89,48315,48935
2026-08-23T21:00:10Z,89,48315,48935
2026-08-23T21:00:12Z,89,48315,48935
2026-08-23T21:00:14Z,89,48315,48935
2026-08-23T21:00:16Z,89,48315,48935
2026-08-23T21:00:18Z,89,48315,48935
2026-08-23T21:00:20Z,89,48315,48935
2026-08-23T21:00:22Z,89,48315,48935
2026-08-23T21:00:24Z,89,48315,48935
2026-08-23T21:00:26Z,89,48315,48935
2026-08-23T21:00:28Z,89,48315,48935
2026-08-23T21:00:30Z,89,48315,48935
2026-08-23T21:00:32Z,89,48315,48935
2026-08-23T21:00:34Z,89,48315,48935
2026-08-23T21:00:36Z,89,48315,48935
2026-08-23T21:00:38Z,89,48315,48935
2026-08-23T21:00:40Z,89,48315,48935
2026-08-23T21:00:42Z,89,48315,48935
2026-08-23T21:00:44Z,89,48315,48935
2026-08-23T21:00:46Z,89,48315,48935
2026-08-23T21:00:48Z,89,48315,48935
2026-08-23T21:00:50Z,89,48315,48935
2026-08-23T21:00:52Z,89,48315,48935
2026-08-23T21:00:54Z,89,48315,48935
2026-08-23T21:00:56Z,89,48315,48935
2026-08-23T21:00:58Z,89,48315,48935
2026-08-23T21:01:00Z,89,48315,48935
2026-08-23T21:01:02Z,89,48315,48935
2026-08-23T21:01:04Z,89,48315,48935
2026-08-23T21:01:06Z,89,48315,48935
2026-08-23T21:01:08Z,89,48315,48935
2026-08-23T21:01:10Z,89,48315,48935
2026-08-23T21:01:13Z,89,48315,48935
2026-08-23T21:01:15Z,89,48315,48935
2026-08-23T21:01:17Z,89,48315,48935
2026-08-23T21:01:19Z,89,48315,48935
2026-08-23T21:01:21Z,89,48315,48935
2026-08-23T21:01:23Z,89,48315,48935
2026-08-23T21:01:25Z,89,48315,48935
2026-08-23T21:01:27Z,89,48315,48935
2026-08-23T21:01:29Z,89,48315,48935
2026-08-23T21:01:31Z,89,48315,48935
2026-08-23T21:01:33Z,89,48315,48935
2026-08-23T21:01:35Z,89,48315,48935
2026-08-23T21:01:37Z,89,48315,48935
2026-08-23T21:01:39Z,89,48315,48935
2026-08-23T21:01:41Z,89,48315,48935
2026-08-23T21:01:43Z,89,48315,48935
2026-08-23T21:01:45Z,89,48315,48935
2026-08-23T21:01:47Z,89,48315,48935
2026-08-23T21:01:49Z,89,48315,48935
2026-08-23T21:01:51Z,89,48315,48935
2026-08-23T21:01:53Z,89,48315,48935
2026-08-23T21:01:55Z,89,48315,48935
2026-08-23T21:01:57Z,89,48315,48935
2026-08-23T21:01:59Z,89,48315,48935
2026-08-23T21:02:01Z,89,48315,48935
2026-08-23T21:02:03Z,89,48315,48935
2026-08-23T21:02:05Z,89,48315,48935
2026-08-23T21:02:07Z,89,48315,48935
2026-08-23T21:02:09Z,89,48315,48935
2026-08-23T21:02:11Z,89,48315,48935
2026-08-23T21:02:13Z,89,48315,48935
2026-08-23T21:02:15Z,89,48315,48935
2026-08-23T21:02:17Z,89,48315,48935
2026-08-23T21:02:19Z,89,48315,48935
2026-08-23T21:02:21Z,89,48315,48935
2026-08-23T21:02:23Z,89,48315,48935
2026-08-23T21:02:26Z,89,48315,48935
2026-08-23T21:02:28Z,89,48315,48935
2026-08-23T21:02:30Z,89,48315,48935
2026-08-23T21:02:32Z,89,48315,48935
2026-08-23T21:02:34Z,89,48315,48935
2026-08-23T21:02:36Z,89,48315,48935
2026-08-23T21:02:38Z,89,48315,48935
2026-08-23T21:02:40Z,89,48315,48935
2026-08-23T21:02:42Z,89,48315,48935
2026-08-23T21:02:44Z,89,48315,48935
2026-08-23T21:02:46Z,89,48315,48935
2026-08-23T21:02:48Z,89,48315,48935
2026-08-23T21:02:50Z,89,48315,48935
2026-08-23T21:02:52Z,89,48315,48935
2026-08-23T21:02:54Z,89,48315,48935
2026-08-23T21:02:56Z,89,48315,48935
2026-08-23T21:02:58Z,89,48315,48935
2026-08-23T21:03:00Z,89,48315,48935
2026-08-23T21:03:02Z,89,48315,48935
2026-08-23T21:03:04Z,89,48315,48935
2026-08-23T21:03:06Z,89,48315,48935
2026-08-23T21:03:08Z,89,48315,48935
2026-08-23T21:03:10Z,89,48315,48935
2026-08-23T21:03:12Z,89,48315,48935
2026-08-23T21:03:14Z,89,48315,48935
2026-08-23T21:03:16Z,89,48315,48935
2026-08-23T21:03:18Z,89,48315,48935
2026-08-23T21:03:20Z,89,48315,48935
2026-08-23T21:03:22Z,89,48315,48935
2026-08-23T21:03:24Z,89,48315,48935
2026-08-23T21:03:26Z,89,48315,48935
2026-08-23T21:03:28Z,89,48315,48935
2026-08-23T21:03:30Z,89,48315,48935
2026-08-23T21:03:32Z,89,48315,48935
2026-08-23T21:03:34Z,89,48315,48935
2026-08-23T21:03:36Z,89,48315,48935
2026-08-23T21:03:39Z,89,48315,48935
2026-08-23T21:03:41Z,89,48315,48935
2026-08-23T21:03:43Z,89,48315,48935
2026-08-23T21:03:45Z,89,48315,48935
2026-08-23T21:03:47Z,89,48315,48935
2026-08-23T21:03:49Z,89,48315,48935
2026-08-23T21:03:51Z,89,48315,48935
2026-08-23T21:03:53Z,89,48315,48935
2026-08-23T21:03:55Z,89,48315,48935
2026-08-23T21:03:57Z,89,48315,48935
2026-08-23T21:03:59Z,89,48315,48935
2026-08-23T21:04:01Z,89,48315,48935
2026-08-23T21:04:03Z,89,48315,48935
2026-08-23T21:04:05Z,89,48315,48935
2026-08-23T21:04:07Z,89,48315,48935
2026-08-23T21:04:09Z,89,48315,48935
2026-08-23T21:04:11Z,89,48315,48935
2026-08-23T21:04:13Z,89,48315,48935
2026-08-23T21:04:15Z,89,48315,48935
2026-08-23T21:04:17Z,89,48315,48935
2026-08-23T21:04:19Z,89,48315,48935
2026-08-23T21:04:21Z,89,48315,48935
2026-08-23T21:04:23Z,89,48315,48935
2026-08-23T21:04:25Z,89,48315,48935
2026-08-23T21:04:27Z,89,48315,48935
2026-08-23T21:04:29Z,89,48315,48935
2026-08-23T21:04:31Z,89,48315,48935
2026-08-23T21:04:33Z,89,48315,48935
2026-08-23T21:04:35Z,89,48315,48935
2026-08-23T21:04:37Z,89,48315,48935
2026-08-23T21:04:39Z,89,48315,48935
2026-08-23T21:04:41Z,89,48315,48935
2026-08-23T21:04:43Z,89,48315,48935
2026-08-23T21:04:45Z,89,48315,48935
2026-08-23T21:04:47Z,89,48315,48935
2026-08-23T21:04:49Z,89,48315,48935
2026-08-23T21:04:52Z,89,48315,48935
2026-08-23T21:04:54Z,89,48315,48935
2026-08-23T21:04:56Z,89,48315,48935
2026-08-23T21:04:58Z,89,48315,48935
2026-08-23T21:05:00Z,89,48315,48935
2026-08-23T21:05:02Z,89,48315,48935
2026-08-23T21:05:04Z,89,48315,48935
2026-08-23T21:05:06Z,89,48315,48935
2026-08-23T21:05:08Z,89,48315,48935
2026-08-23T21:05:10Z,89,48315,48935
2026-08-23T21:05:12Z,89,48315,48935
2026-08-23T21:05:14Z,89,48315,48935
2026-08-23T21:05:16Z,89,48315,48935
2026-08-23T21:05:18Z,89,48315,48935
2026-08-23T21:05:20Z,89,48315,48935
2026-08-23T21:05:22Z,89,48315,48935
2026-08-23T21:05:24Z,89,48315,48935
2026-08-23T21:05:26Z,89,48315,48935
2026-08-23T21:05:28Z,89,48315,48935
2026-08-23T21:05:30Z,89,48315,48935
2026-08-23T21:05:32Z,89,48315,48935
2026-08-23T21:05:34Z,89,48315,48935
2026-08-23T21:05:36Z,89,48315,48935
2026-08-23T21:05:38Z,89,48315,48935
2026-08-23T21:05:40Z,89,48315,48935
2026-08-23T21:05:42Z,89,48315,48935
2026-08-23T21:05:44Z,89,48315,48935
2026-08-23T21:05:46Z,89,48315,48935
2026-08-23T21:05:48Z,89,48315,48935
2026-08-23T21:05:50Z,89,48315,48935
2026-08-23T21:05:52Z,89,48315,48935
2026-08-23T21:05:54Z,89,48315,48935
2026-08-23T21:05:56Z,89,48315,48935
2026-08-23T21:05:58Z,89,48315,48935
2026-08-23T21:06:00Z,89,48315,48935
2026-08-23T21:06:02Z,89,48315,48935
2026-08-23T21:06:04Z,89,48315,48935
2026-08-23T21:06:07Z,89,48315,48935
2026-08-23T21:06:09Z,89,48315,48935
2026-08-23T21:06:11Z,89,48315,48935
2026-08-23T21:06:13Z,89,48315,48935
2026-08-23T21:06:15Z,89,48315,48935
2026-08-23T21:06:17Z,89,48315,48935
2026-08-23T21:06:19Z,89,48315,48935
2026-08-23T21:06:21Z,89,48315,48935
2026-08-23T21:06:23Z,89,48315,48935
2026-08-23T21:06:25Z,89,48315,48935
2026-08-23T21:06:27Z,89,48315,48935
2026-08-23T21:06:29Z,89,48315,48935
2026-08-23T21:06:31Z,89,48315,48935
2026-08-23T21:06:33Z,89,48315,48935
2026-08-23T21:06:35Z,89,48315,48935
2026-08-23T21:06:37Z,89,48315,48935
2026-08-23T21:06:39Z,89,48315,48935
2026-08-23T21:06:41Z,89,48315,48935
2026-08-23T21:06:43Z,89,48315,48935
2026-08-23T21:06:45Z,89,48315,48935
2026-08-23T21:06:47Z,89,48315,48935
2026-08-23T21:06:49Z,89,48315,48935
2026-08-23T21:06:51Z,89,48315,48935
2026-08-23T21:06:53Z,89,48315,48935
2026-08-23T21:06:55Z,89,48315,48935
2026-08-23T21:06:57Z,89,48315,48935
2026-08-23T21:06:59Z,89,48315,48935
2026-08-23T21:07:01Z,89,48315,48935
2026-08-23T21:07:03Z,89,48315,48935
2026-08-23T21:07:05Z,89,48315,48935
2026-08-23T21:07:07Z,89,48315,48935
2026-08-23T21:07:09Z,89,48315,48935
2026-08-23T21:07:11Z,89,48315,48935
2026-08-23T21:07:13Z,89,48315,48935
2026-08-23T21:07:15Z,89,48315,48935
2026-08-23T21:07:17Z,89,48315,48935
2026-08-23T21:07:19Z,89,48315,48935
2026-08-23T21:07:22Z,89,48315,48935
2026-08-23T21:07:24Z,89,48315,48935
2026-08-23T21:07:26Z,89,48315,48935
2026-08-23T21:07:28Z,89,48315,48935
2026-08-23T21:07:30Z,89,48315,48935
2026-08-23T21:07:32Z,89,48315,48935
2026-08-23T21:07:34Z,89,48315,48935
2026-08-23T21:07:36Z,89,48315,48935
2026-08-23T21:07:38Z,89,48315,48935
2026-08-23T21:07:40Z,89,48315,48935
2026-08-23T21:07:42Z,89,48315,48935
2026-08-23T21:07:44Z,89,48315,48935
2026-08-23T21:07:46Z,89,48315,48935
2026-08-23T21:07:48Z,89,48315,48935
2026-08-23T21:07:50Z,89,48315,48935
2026-08-23T21:07:52Z,89,48315,48935
2026-08-23T21:07:54Z,89,48315,48935
2026-08-23T21:07:56Z,89,48315,48935
2026-08-23T21:07:58Z,89,48315,48935
2026-08-23T21:08:00Z,89,48315,48935
2026-08-23T21:08:02Z,89,48315,48935
2026-08-23T21:08:04Z,89,48315,48935
2026-08-23T21:08:06Z,89,48315,48935
2026-08-23T21:08:08Z,89,48315,48935
2026-08-23T21:08:10Z,89,48315,48935
2026-08-23T21:08:12Z,89,48315,48935
2026-08-23T21:08:14Z,89,48315,48935
2026-08-23T21:08:16Z,89,48315,48935
2026-08-23T21:08:18Z,89,48315,48935
2026-08-23T21:08:20Z,89,48315,48935
2026-08-23T21:08:22Z,89,48315,48935
2026-08-23T21:08:24Z,89,48315,48935
2026-08-23T21:08:26Z,89,48315,48935
2026-08-23T21:08:28Z,89,48315,48935
2026-08-23T21:08:30Z,89,48315,48935
2026-08-23T21:08:32Z,89,48315,48935
2026-08-23T21:08:35Z,89,48315,48935
2026-08-23T21:08:37Z,89,48315,48935
2026-08-23T21:08:39Z,89,48315,48935
2026-08-23T21:08:41Z,89,48315,48935
2026-08-23T21:08:43Z,89,48315,48935
2026-08-23T21:08:45Z,89,48315,48935
2026-08-23T21:08:47Z,89,48315,48935
2026-08-23T21:08:49Z,89,48315,48935
2026-08-23T21:08:51Z,89,48315,48935
2026-08-23T21:08:53Z,89,48315,48935
2026-08-23T21:08:55Z,89,48315,48935
2026-08-23T21:08:57Z,89,48315,48935
2026-08-23T21:08:59Z,89,48315,48935
2026-08-23T21:09:01Z,89,48315,48935
2026-08-23T21:09:03Z,89,48315,48935
2026-08-23T21:09:05Z,89,48315,48935
2026-08-23T21:09:07Z,89,48315,48935
2026-08-23T21:09:09Z,89,48315,48935
2026-08-23T21:09:11Z,89,48315,48935
2026-08-23T21:09:13Z,89,48315,48935
2026-08-23T21:09:15Z,89,48315,48935
2026-08-23T21:09:17Z,89,48315,48935
2026-08-23T21:09:19Z,89,48315,48935
2026-08-23T21:09:21Z,89,48315,48935
2026-08-23T21:09:23Z,89,48315,48935
2026-08-23T21:09:25Z,89,48315,48935
2026-08-23T21:09:27Z,89,48315,48935
2026-08-23T21:09:29Z,89,48315,48935
2026-08-23T21:09:31Z,89,48315,48935
2026-08-23T21:09:33Z,89,48315,48935
2026-08-23T21:09:35Z,89,48315,48935
2026-08-23T21:09:37Z,89,48315,48935
2026-08-23T21:09:39Z,89,48315,48935
2026-08-23T21:09:41Z,89,48315,48935
2026-08-23T21:09:43Z,89,48315,48935
2026-08-23T21:09:45Z,89,48315,48935
2026-08-23T21:09:48Z,89,48315,48935
2026-08-23T21:09:50Z,89,48315,48935
2026-08-23T21:09:52Z,89,48315,48935
2026-08-23T21:09:54Z,89,48315,48935
2026-08-23T21:09:56Z,89,48315,48935
2026-08-23T21:09:58Z,89,48315,48935
2026-08-23T21:10:00Z,89,48315,48935
2026-08-23T21:10:02Z,89,48315,48935
2026-08-23T21:10:04Z,89,48315,48935
2026-08-23T21:10:06Z,89,48315,48935
2026-08-23T21:10:08Z,89,48315,48935
2026-08-23T21:10:10Z,89,48315,48935
2026-08-23T21:10:12Z,89,48315,48935
2026-08-23T21:10:14Z,89,48315,48935
2026-08-23T21:10:16Z,89,48315,48935
2026-08-23T21:10:18Z,89,48315,48935
2026-08-23T21:10:20Z,89,48315,48935
2026-08-23T21:10:22Z,89,48315,48935
2026-08-23T21:10:24Z,89,48315,48935
2026-08-23T21:10:26Z,89,48315,48935
2026-08-23T21:10:28Z,89,48315,48935
2026-08-23T21:10:30Z,89,48315,48935
2026-08-23T21:10:32Z,89,48315,48935
2026-08-23T21:10:34Z,89,48315,48935
2026-08-23T21:10:36Z,89,48315,48935
2026-08-23T21:10:38Z,89,48315,48935
2026-08-23T21:10:40Z,89,48315,48935
2026-08-23T21:10:42Z,89,48315,48935
2026-08-23T21:10:44Z,89,48315,48935
2026-08-23T21:10:46Z,89,48315,48935
2026-08-23T21:10:48Z,89,48315,48935
2026-08-23T21:10:50Z,89,48315,48935
2026-08-23T21:10:52Z,89,48315,48935
2026-08-23T21:10:54Z,89,48315,48935
2026-08-23T21:10:56Z,89,48315,48935
2026-08-23T21:10:58Z,89,48315,48935
2026-08-23T21:11:01Z,89,48315,48935
2026-08-23T21:11:03Z,89,48315,48935
2026-08-23T21:11:05Z,89,48315,48935
2026-08-23T21:11:07Z,89,48315,48935
2026-08-23T21:11:09Z,89,48315,48935
2026-08-23T21:11:11Z,89,48315,48935
2026-08-23T21:11:13Z,89,48315,48935
2026-08-23T21:11:15Z,89,48315,48935
2026-08-23T21:11:17Z,89,48315,48935
2026-08-23T21:11:19Z,89,48315,48935
2026-08-23T21:11:21Z,89,48315,48935
2026-08-23T21:11:23Z,89,48315,48935
2026-08-23T21:11:25Z,89,48315,48935
2026-08-23T21:11:27Z,89,48315,48935
2026-08-23T21:11:29Z,89,48315,48935
2026-08-23T21:11:31Z,89,48315,48935
2026-08-23T21:11:33Z,89,48315,48935
2026-08-23T21:11:35Z,89,48315,48935
2026-08-23T21:11:37Z,89,48315,48935
2026-08-23T21:11:39Z,89,48315,48935
2026-08-23T21:11:41Z,89,48315,48935
2026-08-23T21:11:43Z,89,48315,48935
2026-08-23T21:11:45Z,89,48315,48935
2026-08-23T21:11:47Z,89,48315,48935
2026-08-23T21:11:49Z,89,48315,48935
2026-08-23T21:11:51Z,89,48315,48935
2026-08-23T21:11:53Z,89,48315,48935
2026-08-23T21:11:55Z,89,48315,48935
2026-08-23T21:11:57Z,89,48315,48935
2026-08-23T21:11:59Z,89,48315,48935
2026-08-23T21:12:01Z,89,48315,48935
2026-08-23T21:12:03Z,89,48315,48935
2026-08-23T21:12:05Z,89,48315,48935
2026-08-23T21:12:07Z,89,48315,48935
2026-08-23T21:12:09Z,89,48315,48935
2026-08-23T21:12:11Z,89,48315,48935
2026-08-23T21:12:14Z,89,48315,48935
2026-08-23T21:12:16Z,89,48315,48935
2026-08-23T21:12:18Z,89,48315,48935
2026-08-23T21:12:20Z,89,48315,48935
2026-08-23T21:12:22Z,89,48315,48935
2026-08-23T21:12:24Z,89,48315,48935
2026-08-23T21:12:26Z,89,48315,48935
2026-08-23T21:12:28Z,89,48315,48935
2026-08-23T21:12:30Z,89,48315,48935
2026-08-23T21:12:32Z,89,48315,48935
2026-08-23T21:12:34Z,89,48315,48935
2026-08-23T21:12:36Z,89,48315,48935
2026-08-23T21:12:38Z,89,48315,48935
2026-08-23T21:12:40Z,89,48315,48935
2026-08-23T21:12:42Z,89,48315,48935
2026-08-23T21:12:44Z,89,48315,48935
2026-08-23T21:12:46Z,89,48315,48935
2026-08-23T21:12:48Z,89,48315,48935
2026-08-23T21:12:50Z,89,48315,48935
2026-08-23T21:12:52Z,89,48315,48935
2026-08-23T21:12:54Z,89,48315,48935
2026-08-23T21:12:56Z,89,48315,48935
2026-08-23T21:12:58Z,89,48315,48935
2026-08-23T21:13:00Z,89,48315,48935
2026-08-23T21:13:02Z,89,48315,48935
2026-08-23T21:13:04Z,89,48315,48935
2026-08-23T21:13:06Z,89,48315,48935
2026-08-23T21:13:08Z,89,48315,48935
2026-08-23T21:13:10Z,89,48315,48935
2026-08-23T21:13:12Z,89,48315,48935
2026-08-23T21:13:14Z,89,48315,48935
2026-08-23T21:13:16Z,89,48315,48935
2026-08-23T21:13:18Z,89,48315,48935
2026-08-23T21:13:20Z,89,48315,48935
2026-08-23T21:13:22Z,89,48315,48935
2026-08-23T21:13:24Z,89,48315,48935
2026-08-23T21:13:27Z,89,48315,48935
2026-08-23T21:13:29Z,89,48315,48935
2026-08-23T21:13:31Z,89,48315,48935
2026-08-23T21:13:33Z,89,48315,48935
2026-08-23T21:13:35Z,89,48315,48935
2026-08-23T21:13:37Z,89,48315,48935
2026-08-23T21:13:39Z,89,48315,48935
2026-08-23T21:13:41Z,89,48315,48935
2026-08-23T21:13:43Z,89,48315,48935
2026-08-23T21:13:45Z,89,48315,48935
2026-08-23T21:13:47Z,89,48315,48935
2026-08-23T21:13:49Z,89,48315,48935
2026-08-23T21:13:51Z,89,48315,48935
2026-08-23T21:13:53Z,89,48315,48935
2026-08-23T21:13:55Z,89,48315,48935
2026-08-23T21:13:57Z,89,48315,48935
2026-08-23T21:13:59Z,89,48315,48935
2026-08-23T21:14:01Z,89,48315,48935
2026-08-23T21:14:03Z,89,48315,48935
2026-08-23T21:14:05Z,89,48315,48935
2026-08-23T21:14:07Z,89,48315,48935
2026-08-23T21:14:09Z,89,48315,48935
2026-08-23T21:14:11Z,89,48315,48935
2026-08-23T21:14:13Z,89,48315,48935
2026-08-23T21:14:15Z,89,48315,48935
2026-08-23T21:14:17Z,89,48315,48935
2026-08-23T21:14:19Z,89,48315,48935
2026-08-23T21:14:21Z,89,48315,48935
2026-08-23T21:14:23Z,89,48315,48935
2026-08-23T21:14:25Z,89,48315,48935
2026-08-23T21:14:27Z,89,48315,48935
2026-08-23T21:14:29Z,89,48315,48935
2026-08-23T21:14:31Z,89,48315,48935
2026-08-23T21:14:33Z,89,48315,48935
2026-08-23T21:14:35Z,89,48315,48935
2026-08-23T21:14:37Z,89,48315,48935
2026-08-23T21:14:39Z,89,48315,48935
2026-08-23T21:14:42Z,89,48315,48935
2026-08-23T21:14:44Z,89,48315,48935
2026-08-23T21:14:46Z,89,48315,48935
2026-08-23T21:14:48Z,89,48315,48935
2026-08-23T21:14:50Z,89,48315,48935
2026-08-23T21:14:52Z,89,48315,48935
2026-08-23T21:14:54Z,89,48315,48935
2026-08-23T21:14:56Z,89,48315,48935
2026-08-23T21:14:58Z,89,48315,48935
2026-08-23T21:15:00Z,89,48315,48935
2026-08-23T21:15:02Z,89,48315,48935
2026-08-23T21:15:04Z,89,48315,48935
2026-08-23T21:15:06Z,89,48315,48935
2026-08-23T21:15:08Z,89,48315,48935
2026-08-23T21:15:10Z,89,48315,48935
2026-08-23T21:15:12Z,89,48315,48935
2026-08-23T21:15:14Z,89,48315,48935
2026-08-23T21:15:16Z,89,48315,48935
2026-08-23T21:15:18Z,89,48315,48935
2026-08-23T21:15:20Z,89,48315,48935
2026-08-23T21:15:22Z,89,48315,48935
2026-08-23T21:15:24Z,89,48315,48935
2026-08-23T21:15:26Z,89,48315,48935
2026-08-23T21:15:28Z,89,48315,48935
2026-08-23T21:15:30Z,89,48315,48935
2026-08-23T21:15:32Z,89,48315,48935
2026-08-23T21:15:34Z,89,48315,48935
2026-08-23T21:15:36Z,89,48315,48935
2026-08-23T21:15:38Z,89,48315,48935
2026-08-23T21:15:40Z,89,48315,48935
2026-08-23T21:15:42Z,89,48315,48935
2026-08-23T21:15:44Z,89,48315,48935
2026-08-23T21:15:46Z,89,48315,48935
2026-08-23T21:15:48Z,89,48315,48935
2026-08-23T21:15:50Z,89,48315,48935
2026-08-23T21:15:52Z,89,48315,48935
2026-08-23T21:15:55Z,89,48315,48935
2026-08-23T21:15:57Z,89,48315,48935
2026-08-23T21:15:59Z,89,48315,48935
2026-08-23T21:16:01Z,89,48315,48935
2026-08-23T21:16:03Z,89,48315,48935
2026-08-23T21:16:05Z,89,48315,48935
2026-08-23T21:16:07Z,89,48315,48935
2026-08-23T21:16:09Z,89,48315,48935
2026-08-23T21:16:11Z,89,48315,48935
2026-08-23T21:16:13Z,89,48315,48935
2026-08-23T21:16:15Z,89,48315,48935
2026-08-23T21:16:17Z,89,48315,48935
2026-08-23T21:16:19Z,89,48315,48935
2026-08-23T21:16:21Z,89,48315,48935
2026-08-23T21:16:23Z,89,48315,48935
2026-08-23T21:16:25Z,89,48315,48935
2026-08-23T21:16:27Z,89,48315,48935
2026-08-23T21:16:29Z,89,48315,48935
2026-08-23T21:16:31Z,89,48315,48935
2026-08-23T21:16:33Z,89,48315,48935
2026-08-23T21:16:35Z,89,48315,48935
2026-08-23T21:16:37Z,89,48315,48935
2026-08-23T21:16:39Z,89,48315,48935
2026-08-23T21:16:41Z,89,48315,48935
2026-08-23T21:16:43Z,89,48315,48935
2026-08-23T21:16:45Z,89,48315,48935
2026-08-23T21:16:47Z,89,48315,48935
2026-08-23T21:16:49Z,89,48315,48935
2026-08-23T21:16:51Z,89,48315,48935
2026-08-23T21:16:53Z,89,48315,48935
2026-08-23T21:16:55Z,89,48315,48935
2026-08-23T21:16:57Z,89,48315,48935
2026-08-23T21:16:59Z,89,48315,48935
2026-08-23T21:17:01Z,89,48315,48935
2026-08-23T21:17:03Z,89,48315,48935
2026-08-23T21:17:05Z,89,48315,48935
2026-08-23T21:17:08Z,89,48315,48935
2026-08-23T21:17:10Z,89,48315,48935
2026-08-23T21:17:12Z,89,48315,48935
2026-08-23T21:17:14Z,89,48315,48935
2026-08-23T21:17:16Z,89,48315,48935
2026-08-23T21:17:18Z,89,48315,48935
2026-08-23T21:17:20Z,89,48315,48935
2026-08-23T21:17:22Z,89,48315,48935
2026-08-23T21:17:24Z,89,48315,48935
2026-08-23T21:17:26Z,89,48315,48935
2026-08-23T21:17:28Z,89,48315,48935
2026-08-23T21:17:30Z,89,48315,48935
2026-08-23T21:17:32Z,89,48315,48935
2026-08-23T21:17:34Z,89,48315,48935
2026-08-23T21:17:36Z,89,48315,48935
2026-08-23T21:17:38Z,89,48315,48935
2026-08-23T21:17:40Z,89,48315,48935
2026-08-23T21:17:42Z,89,48315,48935
2026-08-23T21:17:44Z,89,48315,48935
2026-08-23T21:17:46Z,89,48315,48935
2026-08-23T21:17:48Z,89,48315,48935
2026-08-23T21:17:50Z,89,48315,48935
2026-08-23T21:17:52Z,89,48315,48935
2026-08-23T21:17:54Z,89,48315,48935
2026-08-23T21:17:56Z,89,48315,48935
2026-08-23T21:17:58Z,89,48315,48935
2026-08-23T21:18:00Z,89,48315,48935
2026-08-23T21:18:02Z,89,48315,48935
2026-08-23T21:18:04Z,89,48315,48935
2026-08-23T21:18:06Z,89,48315,48935
2026-08-23T21:18:08Z,89,48315,48935
2026-08-23T21:18:10Z,89,48315,48935
2026-08-23T21:18:12Z,89,48315,48935
2026-08-23T21:18:14Z,89,48315,48935
2026-08-23T21:18:16Z,89,48315,48935
2026-08-23T21:18:18Z,89,48315,48935
2026-08-23T21:18:21Z,89,48315,48935
2026-08-23T21:18:23Z,89,48315,48935
2026-08-23T21:18:25Z,89,48315,48935
2026-08-23T21:18:27Z,89,48315,48935
2026-08-23T21:18:29Z,89,48315,48935
2026-08-23T21:18:31Z,89,48315,48935
2026-08-23T21:18:33Z,89,48315,48935
2026-08-23T21:18:35Z,89,48315,48935
2026-08-23T21:18:37Z,89,48315,48935
2026-08-23T21:18:39Z,89,48315,48935
2026-08-23T21:18:41Z,89,48315,48935
2026-08-23T21:18:43Z,89,48315,48935
2026-08-23T21:18:45Z,89,48315,48935
2026-08-23T21:18:47Z,89,48315,48935
2026-08-23T21:18:49Z,89,48315,48935
2026-08-23T21:18:51Z,89,48315,48935
2026-08-23T21:18:53Z,89,48315,48935
2026-08-23T21:18:55Z,89,48315,48935
2026-08-23T21:18:57Z,89,48315,48935
2026-08-23T21:18:59Z,89,48315,48935
2026-08-23T21:19:01Z,89,48315,48935
2026-08-23T21:19:03Z,89,48315,48935
2026-08-23T21:19:05Z,89,48315,48935
2026-08-23T21:19:07Z,89,48315,48935
2026-08-23T21:19:09Z,89,48315,48935
2026-08-23T21:19:11Z,89,48315,48935
2026-08-23T21:19:13Z,89,48315,48935
2026-08-23T21:19:15Z,89,48315,48935
2026-08-23T21:19:17Z,89,48315,48935
2026-08-23T21:19:19Z,89,48315,48935
2026-08-23T21:19:21Z,89,48315,48935
2026-08-23T21:19:23Z,89,48315,48935
2026-08-23T21:19:25Z,89,48315,48935
2026-08-23T21:19:27Z,89,48315,48935
2026-08-23T21:19:29Z,89,48315,48935
2026-08-23T21:19:32Z,89,48315,48935
2026-08-23T21:19:34Z,89,48315,48935
2026-08-23T21:19:36Z,89,48315,48935
2026-08-23T21:19:38Z,89,48315,48935
2026-08-23T21:19:40Z,89,48315,48935
2026-08-23T21:19:42Z,89,48315,48935
2026-08-23T21:19:44Z,89,48315,48935
2026-08-23T21:19:46Z,89,48315,48935
2026-08-23T21:19:48Z,89,48315,48935
2026-08-23T21:19:50Z,89,48315,48935
2026-08-23T21:19:52Z,89,48315,48935
2026-08-23T21:19:54Z,89,48315,48935
2026-08-23T21:19:56Z,89,48315,48935
2026-08-23T21:19:58Z,89,48315,48935
2026-08-23T21:20:00Z,89,48315,48935
2026-08-23T21:20:02Z,89,48315,48935
2026-08-23T21:20:04Z,89,48315,48935
2026-08-23T21:20:06Z,89,48315,48935
2026-08-23T21:20:08Z,89,48315,48935
2026-08-23T21:20:10Z,89,48315,48935
2026-08-23T21:20:12Z,89,48315,48935
2026-08-23T21:20:14Z,89,48315,48935
2026-08-23T21:20:16Z,89,48315,48935
2026-08-23T21:20:18Z,89,48315,48935
2026-08-23T21:20:20Z,89,48315,48935
2026-08-23T21:20:22Z,89,48315,48935
2026-08-23T21:20:24Z,89,48315,48935
2026-08-23T21:20:26Z,89,48315,48935
2026-08-23T21:20:28Z,89,48315,48935
2026-08-23T21:20:30Z,89,48315,48935
2026-08-23T21:20:32Z,89,48315,48935
2026-08-23T21:20:34Z,89,48315,48935
2026-08-23T21:20:36Z,89,48315,48935
2026-08-23T21:20:38Z,89,48315,48935
2026-08-23T21:20:40Z,89,48315,48935
2026-08-23T21:20:42Z,89,48315,48935
2026-08-23T21:20:45Z,89,48315,48935
2026-08-23T21:20:47Z,89,48315,48935
2026-08-23T21:20:49Z,89,48315,48935
2026-08-23T21:20:51Z,89,48315,48935
2026-08-23T21:20:53Z,89,48315,48935
2026-08-23T21:20:55Z,89,48315,48935
2026-08-23T21:20:57Z,89,48315,48935
2026-08-23T21:20:59Z,89,48315,48935
2026-08-23T21:21:01Z,89,48315,48935
2026-08-23T21:21:03Z,89,48315,48935
2026-08-23T21:21:05Z,89,48315,48935
2026-08-23T21:21:07Z,89,48315,48935
2026-08-23T21:21:09Z,89,48315,48935
2026-08-23T21:21:11Z,89,48315,48935
2026-08-23T21:21:13Z,89,48315,48935
2026-08-23T21:21:15Z,89,48315,48935
2026-08-23T21:21:17Z,89,48315,48935
2026-08-23T21:21:19Z,89,48315,48935
2026-08-23T21:21:21Z,89,48315,48935
2026-08-23T21:21:23Z,89,48315,48935
2026-08-23T21:21:25Z,89,48315,48935
2026-08-23T21:21:27Z,89,48315,48935
2026-08-23T21:21:29Z,89,48315,48935
2026-08-23T21:21:31Z,89,48315,48935
2026-08-23T21:21:33Z,89,48315,48935
2026-08-23T21:21:35Z,89,48315,48935
2026-08-23T21:21:37Z,89,48315,48935
2026-08-23T21:21:39Z,89,48315,48935
2026-08-23T21:21:41Z,89,48315,48935
2026-08-23T21:21:43Z,89,48315,48935
2026-08-23T21:21:45Z,89,48315,48935
2026-08-23T21:21:47Z,89,48315,48935
2026-08-23T21:21:49Z,89,48315,48935
2026-08-23T21:21:51Z,89,48315,48935
2026-08-23T21:21:53Z,89,48315,48935
2026-08-23T21:21:55Z,89,48315,48935
2026-08-23T21:21:58Z,89,48315,48935
2026-08-23T21:22:00Z,89,48315,48935
2026-08-23T21:22:02Z,89,48315,48935
2026-08-23T21:22:04Z,89,48315,48935
2026-08-23T21:22:06Z,89,48315,48935
2026-08-23T21:22:08Z,89,48315,48935
2026-08-23T21:22:10Z,89,48315,48935
2026-08-23T21:22:12Z,89,48315,48935
2026-08-23T21:22:14Z,89,48315,48935
2026-08-23T21:22:16Z,89,48315,48935
2026-08-23T21:22:18Z,89,48315,48935
2026-08-23T21:22:20Z,89,48315,48935
2026-08-23T21:22:22Z,89,48315,48935
2026-08-23T21:22:24Z,89,48315,48935
2026-08-23T21:22:26Z,89,48315,48935
2026-08-23T21:22:28Z,89,48315,48935
2026-08-23T21:22:30Z,89,48315,48935
2026-08-23T21:22:32Z,89,48315,48935
2026-08-23T21:22:34Z,89,48315,48935
2026-08-23T21:22:36Z,89,48315,48935
2026-08-23T21:22:38Z,89,48315,48935
2026-08-23T21:22:40Z,89,48315,48935
2026-08-23T21:22:42Z,89,48315,48935
2026-08-23T21:22:44Z,89,48315,48935
2026-08-23T21:22:46Z,89,48315,48935
2026-08-23T21:22:48Z,89,48315,48935
2026-08-23T21:22:50Z,89,48315,48935
2026-08-23T21:22:52Z,89,48315,48935
2026-08-23T21:22:54Z,89,48315,48935
2026-08-23T21:22:56Z,89,48315,48935
2026-08-23T21:22:58Z,89,48315,48935
2026-08-23T21:23:00Z,89,48315,48935
2026-08-23T21:23:02Z,89,48315,48935
2026-08-23T21:23:04Z,89,48315,48935
2026-08-23T21:23:06Z,89,48315,48935
2026-08-23T21:23:08Z,89,48315,48935
2026-08-23T21:23:11Z,89,48315,48935
2026-08-23T21:23:13Z,89,48315,48935
2026-08-23T21:23:15Z,89,48315,48935
2026-08-23T21:23:17Z,89,48315,48935
2026-08-23T21:23:19Z,89,48315,48935
2026-08-23T21:23:21Z,89,48315,48935
2026-08-23T21:23:23Z,89,48315,48935
2026-08-23T21:23:25Z,89,48315,48935
2026-08-23T21:23:27Z,89,48315,48935
2026-08-23T21:23:29Z,89,48315,48935
2026-08-23T21:23:31Z,89,48315,48935
2026-08-23T21:23:33Z,89,48315,48935
2026-08-23T21:23:35Z,89,48315,48935
2026-08-23T21:23:37Z,89,48315,48935
2026-08-23T21:23:39Z,89,48315,48935
2026-08-23T21:23:41Z,89,48315,48935
2026-08-23T21:23:43Z,89,48315,48935
2026-08-23T21:23:45Z,89,48315,48935
2026-08-23T21:23:47Z,89,48315,48935
2026-08-23T21:23:49Z,89,48315,48935
2026-08-23T21:23:51Z,89,48315,48935
2026-08-23T21:23:53Z,89,48315,48935
2026-08-23T21:23:55Z,89,48315,48935
2026-08-23T21:23:57Z,89,48315,48935
2026-08-23T21:23:59Z,89,48315,48935
2026-08-23T21:24:01Z,89,48315,48935
2026-08-23T21:24:03Z,89,48315,48935
2026-08-23T21:24:05Z,89,48315,48935
2026-08-23T21:24:07Z,89,48315,48935
2026-08-23T21:24:09Z,89,48315,48935
2026-08-23T21:24:11Z,89,48315,48935
2026-08-23T21:24:13Z,89,48315,48935
2026-08-23T21:24:15Z,89,48315,48935
2026-08-23T21:24:17Z,89,48315,48935
2026-08-23T21:24:19Z,89,48315,48935
2026-08-23T21:24:21Z,89,48315,48935
2026-08-23T21:24:24Z,89,48315,48935
2026-08-23T21:24:26Z,89,48315,48935
2026-08-23T21:24:28Z,89,48315,48935
2026-08-23T21:24:30Z,89,48315,48935
2026-08-23T21:24:32Z,89,48315,48935
2026-08-23T21:24:34Z,89,48315,48935
2026-08-23T21:24:36Z,89,48315,48935
2026-08-23T21:24:38Z,89,48315,48935
2026-08-23T21:24:40Z,89,48315,48935
2026-08-23T21:24:42Z,89,48315,48935
2026-08-23T21:24:44Z,89,48315,48935
2026-08-23T21:24:46Z,89,48315,48935
2026-08-23T21:24:48Z,89,48315,48935
2026-08-23T21:24:50Z,89,48315,48935
2026-08-23T21:24:52Z,89,48315,48935
2026-08-23T21:24:54Z,89,48315,48935
2026-08-23T21:24:56Z,89,48315,48935
2026-08-23T21:24:58Z,89,48315,48935
2026-08-23T21:25:00Z,89,48315,48935
2026-08-23T21:25:02Z,89,48315,48935
2026-08-23T21:25:04Z,89,48315,48935
2026-08-23T21:25:06Z,89,48315,48935
2026-08-23T21:25:08Z,89,48315,48935
2026-08-23T21:25:10Z,89,48315,48935
2026-08-23T21:25:12Z,89,48315,48935
2026-08-23T21:25:14Z,89,48315,48935
2026-08-23T21:25:16Z,89,48315,48935
2026-08-23T21:25:18Z,89,48315,48935
2026-08-23T21:25:20Z,89,48315,48935
2026-08-23T21:25:22Z,89,48315,48935
2026-08-23T21:25:24Z,89,48315,48935
2026-08-23T21:25:26Z,89,48315,48935
2026-08-23T21:25:28Z,89,48315,48935
2026-08-23T21:25:30Z,89,48315,48935
2026-08-23T21:25:32Z,89,48315,48935
2026-08-23T21:25:34Z,89,48315,48935
2026-08-23T21:25:37Z,89,48315,48935
2026-08-23T21:25:39Z,89,48315,48935
2026-08-23T21:25:41Z,89,48315,48935
2026-08-23T21:25:43Z,89,48315,48935
2026-08-23T21:25:45Z,89,48315,48935
2026-08-23T21:25:47Z,89,48315,48935
2026-08-23T21:25:49Z,89,48315,48935
2026-08-23T21:25:51Z,89,48315,48935
2026-08-23T21:25:53Z,89,48315,48935
2026-08-23T21:25:55Z,89,48315,48935
2026-08-23T21:25:57Z,89,48315,48935
2026-08-23T21:25:59Z,89,48315,48935
2026-08-23T21:26:01Z,89,48315,48935
2026-08-23T21:26:03Z,89,48315,48935
2026-08-23T21:26:05Z,89,48315,48935
2026-08-23T21:26:07Z,89,48315,48935
2026-08-23T21:26:09Z,89,48315,48935
2026-08-23T21:26:11Z,89,48315,48935
2026-08-23T21:26:13Z,89,48315,48935
2026-08-23T21:26:15Z,89,48315,48935
2026-08-23T21:26:17Z,89,48315,48935
2026-08-23T21:26:19Z,89,48315,48935
2026-08-23T21:26:21Z,89,48315,48935
2026-08-23T21:26:23Z,89,48315,48935
2026-08-23T21:26:25Z,89,48315,48935
2026-08-23T21:26:27Z,89,48315,48935
2026-08-23T21:26:29Z,89,48315,48935
2026-08-23T21:26:31Z,89,48315,48935
2026-08-23T21:26:33Z,89,48315,48935
2026-08-23T21:26:35Z,89,48315,48935
2026-08-23T21:26:37Z,89,48315,48935
2026-08-23T21:26:39Z,89,48315,48935
2026-08-23T21:26:41Z,89,48315,48935
2026-08-23T21:26:43Z,89,48315,48935
2026-08-23T21:26:45Z,89,48315,48935
2026-08-23T21:26:47Z,89,48315,48935
2026-08-23T21:26:50Z,89,48315,48935
2026-08-23T21:26:52Z,89,48315,48935
2026-08-23T21:26:54Z,89,48315,48935
2026-08-23T21:26:56Z,89,48315,48935
2026-08-23T21:26:58Z,89,48315,48935
2026-08-23T21:27:00Z,89,48315,48935
2026-08-23T21:27:02Z,89,48315,48935
2026-08-23T21:27:04Z,89,48315,48935
2026-08-23T21:27:06Z,89,48315,48935
2026-08-23T21:27:08Z,89,48315,48935
2026-08-23T21:27:10Z,89,48315,48935
2026-08-23T21:27:12Z,89,48315,48935
2026-08-23T21:27:14Z,89,48315,48935
2026-08-23T21:27:16Z,89,48315,48935
2026-08-23T21:27:18Z,89,48315,48935
2026-08-23T21:27:20Z,89,48315,48935
2026-08-23T21:27:22Z,89,48315,48935
2026-08-23T21:27:24Z,89,48315,48935
2026-08-23T21:27:26Z,89,48315,48935
2026-08-23T21:27:28Z,89,48315,48935
2026-08-23T21:27:30Z,89,48315,48935
2026-08-23T21:27:32Z,89,48315,48935
2026-08-23T21:27:34Z,89,48315,48935
2026-08-23T21:27:36Z,89,48315,48935
2026-08-23T21:27:38Z,89,48315,48935
2026-08-23T21:27:40Z,89,48315,48935
2026-08-23T21:27:42Z,89,48315,48935
2026-08-23T21:27:44Z,89,48315,48935
2026-08-23T21:27:46Z,89,48315,48935
2026-08-23T21:27:48Z,89,48315,48935
2026-08-23T21:27:50Z,89,48315,48935
2026-08-23T21:27:52Z,89,48315,48935
2026-08-23T21:27:54Z,89,48315,48935
2026-08-23T21:27:56Z,89,48315,48935
2026-08-23T21:27:58Z,89,48315,48935
2026-08-23T21:28:00Z,89,48315,48935
2026-08-23T21:28:03Z,89,48315,48935
2026-08-23T21:28:05Z,89,48315,48935
2026-08-23T21:28:07Z,89,48315,48935
2026-08-23T21:28:09Z,89,48315,48935
2026-08-23T21:28:11Z,89,48315,48935
2026-08-23T21:28:13Z,89,48315,48935
2026-08-23T21:28:15Z,89,48315,48935
2026-08-23T21:28:17Z,89,48315,48935
2026-08-23T21:28:19Z,89,48315,48935
2026-08-23T21:28:21Z,89,48315,48935
2026-08-23T21:28:23Z,89,48315,48935
2026-08-23T21:28:25Z,89,48315,48935
2026-08-23T21:28:27Z,89,48315,48935
2026-08-23T21:28:29Z,89,48315,48935
2026-08-23T21:28:31Z,89,48315,48935
2026-08-23T21:28:33Z,89,48315,48935
2026-08-23T21:28:35Z,89,48315,48935
2026-08-23T21:28:37Z,89,48315,48935
2026-08-23T21:28:39Z,89,48315,48935
2026-08-23T21:28:41Z,89,48315,48935
2026-08-23T21:28:43Z,89,48315,48935
2026-08-23T21:28:45Z,89,48315,48935
2026-08-23T21:28:47Z,89,48315,48935
2026-08-23T21:28:49Z,89,48315,48935
2026-08-23T21:28:51Z,89,48315,48935
2026-08-23T21:28:53Z,89,48315,48935
2026-08-23T21:28:55Z,89,48315,48935
2026-08-23T21:28:57Z,89,48315,48935
2026-08-23T21:28:59Z,89,48315,48935
2026-08-23T21:29:01Z,89,48315,48935
2026-08-23T21:29:03Z,89,48315,48935
2026-08-23T21:29:05Z,89,48315,48935
2026-08-23T21:29:07Z,89,48315,48935
2026-08-23T21:29:09Z,89,48315,48935
2026-08-23T21:29:11Z,89,48315,48935
2026-08-23T21:29:13Z,89,48315,48935
2026-08-23T21:29:16Z,89,48315,48935
2026-08-23T21:29:18Z,89,48315,48935
2026-08-23T21:29:20Z,89,48315,48935
2026-08-23T21:29:22Z,89,48315,48935
2026-08-23T21:29:24Z,89,48315,48935
2026-08-23T21:29:26Z,89,48315,48935
2026-08-23T21:29:28Z,89,48315,48935
2026-08-23T21:29:30Z,89,48315,48935
2026-08-23T21:29:32Z,89,48315,48935
2026-08-23T21:29:34Z,89,48315,48935
2026-08-23T21:29:36Z,89,48315,48935
2026-08-23T21:29:38Z,89,48315,48935
2026-08-23T21:29:40Z,89,48315,48935
2026-08-23T21:29:42Z,89,48315,48935
2026-08-23T21:29:44Z,89,48315,48935
2026-08-23T21:29:46Z,89,48315,48935
2026-08-23T21:29:48Z,89,48315,48935
2026-08-23T21:29:50Z,89,48315,48935
2026-08-23T21:29:52Z,89,48315,48935
2026-08-23T21:29:54Z,89,48315,48935
2026-08-23T21:29:56Z,89,48315,48935
2026-08-23T21:29:58Z,89,48315,48935
2026-08-23T21:30:00Z,89,48315,48935
2026-08-23T21:30:02Z,89,48315,48935
2026-08-23T21:30:04Z,89,48315,48935
2026-08-23T21:30:06Z,89,48315,48935
2026-08-23T21:30:08Z,89,48315,48935
2026-08-23T21:30:10Z,89,48315,48935
2026-08-23T21:30:12Z,89,48315,48935
2026-08-23T21:30:14Z,89,48315,48935
2026-08-23T21:30:16Z,89,48315,48935
2026-08-23T21:30:18Z,89,48315,48935
2026-08-23T21:30:20Z,89,48315,48935
2026-08-23T21:30:22Z,89,48315,48935
2026-08-23T21:30:24Z,89,48315,48935
2026-08-23T21:30:26Z,89,48315,48935
2026-08-23T21:30:29Z,89,48315,48935
2026-08-23T21:30:31Z,89,48315,48935
2026-08-23T21:30:33Z,89,48315,48935
2026-08-23T21:30:35Z,89,48315,48935
2026-08-23T21:30:37Z,89,48315,48935
2026-08-23T21:30:39Z,89,48315,48935
2026-08-23T21:30:41Z,89,48315,48935
2026-08-23T21:30:43Z,89,48315,48935
2026-08-23T21:30:45Z,89,48315,48935
2026-08-23T21:30:47Z,89,48315,48935
2026-08-23T21:30:49Z,89,48315,48935
2026-08-23T21:30:51Z,89,48315,48935
2026-08-23T21:30:53Z,89,48315,48935
2026-08-23T21:30:55Z,89,48315,48935
2026-08-23T21:30:57Z,89,48315,48935
2026-08-23T21:30:59Z,89,48315,48935
2026-08-23T21:31:01Z,89,48315,48935
2026-08-23T21:31:03Z,89,48315,48935
2026-08-23T21:31:05Z,89,48315,48935
2026-08-23T21:31:07Z,89,48315,48935
2026-08-23T21:31:09Z,89,48315,48935
2026-08-23T21:31:11Z,89,48315,48935
2026-08-23T21:31:13Z,89,48315,48935
2026-08-23T21:31:15Z,89,48315,48935
2026-08-23T21:31:17Z,89,48315,48935
2026-08-23T21:31:19Z,89,48315,48935
2026-08-23T21:31:21Z,89,48315,48935
2026-08-23T21:31:23Z,89,48315,48935
2026-08-23T21:31:25Z,89,48315,48935
2026-08-23T21:31:27Z,89,48315,48935
2026-08-23T21:31:29Z,89,48315,48935
2026-08-23T21:31:31Z,89,48315,48935
2026-08-23T21:31:33Z,89,48315,48935
2026-08-23T21:31:35Z,89,48315,48935
2026-08-23T21:31:37Z,89,48315,48935
2026-08-23T21:31:40Z,89,48315,48935
2026-08-23T21:31:42Z,89,48315,48935
2026-08-23T21:31:44Z,89,48315,48935
2026-08-23T21:31:46Z,89,48315,48935
2026-08-23T21:31:48Z,89,48315,48935
2026-08-23T21:31:50Z,89,48315,48935
2026-08-23T21:31:52Z,89,48315,48935
2026-08-23T21:31:54Z,89,48315,48935
2026-08-23T21:31:56Z,89,48315,48935
2026-08-23T21:31:58Z,89,48315,48935
2026-08-23T21:32:00Z,89,48315,48935
2026-08-23T21:32:02Z,89,48315,48935
2026-08-23T21:32:04Z,89,48315,48935
2026-08-23T21:32:06Z,89,48315,48935
2026-08-23T21:32:08Z,89,48315,48935
2026-08-23T21:32:10Z,89,48315,48935
2026-08-23T21:32:12Z,89,48315,48935
2026-08-23T21:32:14Z,89,48315,48935
2026-08-23T21:32:16Z,89,48315,48935
2026-08-23T21:32:18Z,89,48315,48935
2026-08-23T21:32:20Z,89,48315,48935
2026-08-23T21:32:22Z,89,48315,48935
2026-08-23T21:32:24Z,89,48315,48935
2026-08-23T21:32:26Z,89,48315,48935
2026-08-23T21:32:28Z,89,48315,48935
2026-08-23T21:32:30Z,89,48315,48935
2026-08-23T21:32:32Z,89,48315,48935
2026-08-23T21:32:34Z,89,48315,48935
2026-08-23T21:32:36Z,89,48315,48935
2026-08-23T21:32:38Z,89,48315,48935
2026-08-23T21:32:40Z,89,48315,48935
2026-08-23T21:32:42Z,89,48315,48935
2026-08-23T21:32:44Z,89,48315,48935
2026-08-23T21:32:46Z,89,48315,48935
2026-08-23T21:32:48Z,89,48315,48935
2026-08-23T21:32:50Z,89,48315,48935
2026-08-23T21:32:53Z,89,48315,48935
2026-08-23T21:32:55Z,89,48315,48935
2026-08-23T21:32:57Z,89,48315,48935
2026-08-23T21:32:59Z,89,48315,48935
2026-08-23T21:33:01Z,89,48315,48935
2026-08-23T21:33:03Z,89,48315,48935
2026-08-23T21:33:05Z,89,48315,48935
2026-08-23T21:33:07Z,89,48315,48935
2026-08-23T21:33:09Z,89,48315,48935
2026-08-23T21:33:11Z,89,48315,48935
2026-08-23T21:33:13Z,89,48315,48935
2026-08-23T21:33:15Z,89,48315,48935
2026-08-23T21:33:17Z,89,48315,48935
2026-08-23T21:33:19Z,89,48315,48935
2026-08-23T21:33:21Z,89,48315,48935
2026-08-23T21:33:23Z,89,48315,48935
2026-08-23T21:33:25Z,89,48315,48935
2026-08-23T21:33:27Z,89,48315,48935
2026-08-23T21:33:29Z,89,48315,48935
2026-08-23T21:33:31Z,89,48315,48935
2026-08-23T21:33:33Z,89,48315,48935
2026-08-23T21:33:35Z,89,48315,48935
2026-08-23T21:33:37Z,89,48315,48935
2026-08-23T21:33:39Z,89,48315,48935
2026-08-23T21:33:41Z,89,48315,48935
2026-08-23T21:33:43Z,89,48315,48935
2026-08-23T21:33:45Z,89,48315,48935
2026-08-23T21:33:47Z,89,48315,48935
2026-08-23T21:33:49Z,89,48315,48935
2026-08-23T21:33:51Z,89,48315,48935
2026-08-23T21:33:53Z,89,48315,48935
2026-08-23T21:33:55Z,89,48315,48935
2026-08-23T21:33:57Z,89,48315,48935
2026-08-23T21:33:59Z,89,48315,48935
2026-08-23T21:34:01Z,89,48315,48935
2026-08-23T21:34:03Z,89,48315,48935
2026-08-23T21:34:06Z,89,48315,48935
2026-08-23T21:34:08Z,89,48315,48935
2026-08-23T21:34:10Z,89,48315,48935
2026-08-23T21:34:12Z,89,48315,48935
2026-08-23T21:34:14Z,89,48315,48935
2026-08-23T21:34:16Z,89,48315,48935
2026-08-23T21:34:18Z,89,48315,48935
2026-08-23T21:34:20Z,89,48315,48935
2026-08-23T21:34:22Z,89,48315,48935
2026-08-23T21:34:24Z,89,48315,48935
2026-08-23T21:34:26Z,89,48315,48935
2026-08-23T21:34:28Z,89,48315,48935
2026-08-23T21:34:30Z,89,48315,48935
2026-08-23T21:34:32Z,89,48315,48935
2026-08-23T21:34:34Z,89,48315,48935
2026-08-23T21:34:36Z,89,48315,48935
2026-08-23T21:34:38Z,89,48315,48935
2026-08-23T21:34:40Z,89,48315,48935
2026-08-23T21:34:42Z,89,48315,48935
2026-08-23T21:34:44Z,89,48315,48935
2026-08-23T21:34:46Z,89,48315,48935
2026-08-23T21:34:48Z,89,48315,48935
2026-08-23T21:34:50Z,89,48315,48935
2026-08-23T21:34:52Z,89,48315,48935
2026-08-23T21:34:54Z,89,48315,48935
2026-08-23T21:34:56Z,89,48315,48935
2026-08-23T21:34:58Z,89,48315,48935
2026-08-23T21:35:00Z,89,48315,48935
2026-08-23T21:35:02Z,89,48315,48935
2026-08-23T21:35:04Z,89,48315,48935
2026-08-23T21:35:06Z,89,48315,48935
2026-08-23T21:35:08Z,89,48315,48935
2026-08-23T21:35:10Z,89,48315,48935
2026-08-23T21:35:12Z,89,48315,48935
2026-08-23T21:35:14Z,89,48315,48935
2026-08-23T21:35:16Z,89,48315,48935
2026-08-23T21:35:19Z,89,48315,48935
2026-08-23T21:35:21Z,89,48315,48935
2026-08-23T21:35:23Z,89,48315,48935
2026-08-23T21:35:25Z,89,48315,48935
2026-08-23T21:35:27Z,89,48315,48935
2026-08-23T21:35:29Z,89,48315,48935
2026-08-23T21:35:31Z,89,48315,48935
2026-08-23T21:35:33Z,89,48315,48935
2026-08-23T21:35:35Z,89,48315,48935
2026-08-23T21:35:37Z,89,48315,48935
2026-08-23T21:35:39Z,89,48315,48935
2026-08-23T21:35:41Z,89,48315,48935
2026-08-23T21:35:43Z,89,48315,48935
2026-08-23T21:35:45Z,89,48315,48935
2026-08-23T21:35:47Z,89,48315,48935
2026-08-23T21:35:49Z,89,48315,48935
2026-08-23T21:35:51Z,89,48315,48935
2026-08-23T21:35:53Z,89,48315,48935
2026-08-23T21:35:55Z,89,48315,48935
2026-08-23T21:35:57Z,89,48315,48935
2026-08-23T21:35:59Z,89,48315,48935
2026-08-23T21:36:01Z,89,48315,48935
2026-08-23T21:36:03Z,89,48315,48935
2026-08-23T21:36:05Z,89,48315,48935
2026-08-23T21:36:07Z,89,48315,48935
2026-08-23T21:36:09Z,89,48315,48935
2026-08-23T21:36:11Z,89,48315,48935
2026-08-23T21:36:13Z,89,48315,48935
2026-08-23T21:36:15Z,89,48315,48935
2026-08-23T21:36:17Z,89,48315,48935
2026-08-23T21:36:19Z,89,48315,48935
2026-08-23T21:36:21Z,89,48315,48935
2026-08-23T21:36:23Z,89,48315,48935
2026-08-23T21:36:25Z,89,48315,48935
2026-08-23T21:36:27Z,89,48315,48935
2026-08-23T21:36:30Z,89,48315,48935
2026-08-23T21:36:32Z,89,48315,48935
2026-08-23T21:36:34Z,89,48315,48935
2026-08-23T21:36:36Z,89,48315,48935
2026-08-23T21:36:38Z,89,48315,48935
2026-08-23T21:36:40Z,89,48315,48935
2026-08-23T21:36:42Z,89,48315,48935
2026-08-23T21:36:44Z,89,48315,48935
2026-08-23T21:36:46Z,89,48315,48935
2026-08-23T21:36:48Z,89,48315,48935
2026-08-23T21:36:50Z,89,48315,48935
2026-08-23T21:36:52Z,89,48315,48935
2026-08-23T21:36:54Z,89,48315,48935
2026-08-23T21:36:56Z,89,48315,48935
2026-08-23T21:36:58Z,89,48315,48935
2026-08-23T21:37:00Z,89,48315,48935
2026-08-23T21:37:02Z,89,48315,48935
2026-08-23T21:37:04Z,89,48315,48935
2026-08-23T21:37:06Z,89,48315,48935
2026-08-23T21:37:08Z,89,48315,48935
2026-08-23T21:37:10Z,89,48315,48935
2026-08-23T21:37:12Z,89,48315,48935
2026-08-23T21:37:14Z,89,48315,48935
2026-08-23T21:37:16Z,89,48315,48935
2026-08-23T21:37:18Z,89,48315,48935
2026-08-23T21:37:20Z,89,48315,48935
2026-08-23T21:37:22Z,89,48315,48935
2026-08-23T21:37:24Z,89,48315,48935
2026-08-23T21:37:26Z,89,48315,48935
2026-08-23T21:37:28Z,89,48315,48935
2026-08-23T21:37:30Z,89,48315,48935
2026-08-23T21:37:32Z,89,48315,48935
2026-08-23T21:37:34Z,89,48315,48935
2026-08-23T21:37:36Z,89,48315,48935
2026-08-23T21:37:38Z,89,48315,48935
2026-08-23T21:37:40Z,89,48315,48935
2026-08-23T21:37:43Z,89,48315,48935
2026-08-23T21:37:45Z,89,48315,48935
2026-08-23T21:37:47Z,89,48315,48935
2026-08-23T21:37:49Z,89,48315,48935
2026-08-23T21:37:51Z,89,48315,48935
2026-08-23T21:37:53Z,89,48315,48935
2026-08-23T21:37:55Z,89,48315,48935
2026-08-23T21:37:57Z,89,48315,48935
2026-08-23T21:37:59Z,89,48315,48935
2026-08-23T21:38:01Z,89,48315,48935
2026-08-23T21:38:03Z,89,48315,48935
2026-08-23T21:38:05Z,89,48315,48935
2026-08-23T21:38:07Z,89,48315,48935
2026-08-23T21:38:09Z,89,48315,48935
2026-08-23T21:38:11Z,89,48315,48935
2026-08-23T21:38:13Z,89,48315,48935
2026-08-23T21:38:15Z,89,48315,48935
2026-08-23T21:38:17Z,89,48315,48935
2026-08-23T21:38:19Z,89,48315,48935
2026-08-23T21:38:21Z,89,48315,48935
2026-08-23T21:38:23Z,89,48315,48935
2026-08-23T21:38:25Z,89,48315,48935
2026-08-23T21:38:27Z,89,48315,48935
2026-08-23T21:38:29Z,89,48315,48935
2026-08-23T21:38:31Z,89,48315,48935
2026-08-23T21:38:33Z,89,48315,48935
2026-08-23T21:38:35Z,89,48315,48935
2026-08-23T21:38:37Z,89,48315,48935
2026-08-23T21:38:39Z,89,48315,48935
2026-08-23T21:38:41Z,89,48315,48935
2026-08-23T21:38:43Z,89,48315,48935
2026-08-23T21:38:45Z,89,48315,48935
2026-08-23T21:38:47Z,89,48315,48935
2026-08-23T21:38:49Z,89,48315,48935
2026-08-23T21:38:51Z,89,48315,48935
2026-08-23T21:38:53Z,89,48315,48935
2026-08-23T21:38:56Z,89,48315,48935
2026-08-23T21:38:58Z,89,48315,48935
2026-08-23T21:39:00Z,89,48315,48935
2026-08-23T21:39:02Z,89,48315,48935
2026-08-23T21:39:04Z,89,48315,48935
2026-08-23T21:39:06Z,89,48315,48935
2026-08-23T21:39:08Z,89,48315,48935
2026-08-23T21:39:10Z,89,48315,48935
2026-08-23T21:39:12Z,89,48315,48935
2026-08-23T21:39:14Z,89,48315,48935
2026-08-23T21:39:16Z,89,48315,48935
2026-08-23T21:39:18Z,89,48315,48935
2026-08-23T21:39:20Z,89,48315,48935
2026-08-23T21:39:22Z,89,48315,48935
2026-08-23T21:39:24Z,89,48315,48935
2026-08-23T21:39:26Z,89,48315,48935
2026-08-23T21:39:28Z,89,48315,48935
2026-08-23T21:39:30Z,89,48315,48935
2026-08-23T21:39:32Z,89,48315,48935
2026-08-23T21:39:34Z,89,48315,48935
2026-08-23T21:39:36Z,89,48315,48935
2026-08-23T21:39:38Z,89,48315,48935
2026-08-23T21:39:40Z,89,48315,48935
2026-08-23T21:39:42Z,89,48315,48935
2026-08-23T21:39:44Z,89,48315,48935
2026-08-23T21:39:46Z,89,48315,48935
2026-08-23T21:39:48Z,89,48315,48935
2026-08-23T21:39:50Z,89,48315,48935
2026-08-23T21:39:52Z,89,48315,48935
2026-08-23T21:39:54Z,89,48315,48935
2026-08-23T21:39:56Z,89,48315,48935
2026-08-23T21:39:58Z,89,48315,48935
2026-08-23T21:40:00Z,89,48315,48935
2026-08-23T21:40:02Z,89,48315,48935
2026-08-23T21:40:04Z,89,48315,48935
2026-08-23T21:40:06Z,89,48315,48935
2026-08-23T21:40:09Z,89,48315,48935
2026-08-23T21:40:11Z,89,48315,48935
2026-08-23T21:40:13Z,89,48315,48935
2026-08-23T21:40:15Z,89,48315,48935
2026-08-23T21:40:17Z,89,48315,48935
2026-08-23T21:40:19Z,89,48315,48935
2026-08-23T21:40:21Z,89,48315,48935
2026-08-23T21:40:23Z,89,48315,48935
2026-08-23T21:40:25Z,89,48315,48935
2026-08-23T21:40:27Z,89,48315,48935
2026-08-23T21:40:29Z,89,48315,48935
2026-08-23T21:40:31Z,89,48315,48935
2026-08-23T21:40:33Z,89,48315,48935
2026-08-23T21:40:35Z,89,48315,48935
2026-08-23T21:40:37Z,89,48315,48935
2026-08-23T21:40:39Z,89,48315,48935
2026-08-23T21:40:41Z,89,48315,48935
2026-08-23T21:40:43Z,89,48315,48935
2026-08-23T21:40:45Z,89,48315,48935
2026-08-23T21:40:47Z,89,48315,48935
2026-08-23T21:40:49Z,89,48315,48935
2026-08-23T21:40:51Z,89,48315,48935
2026-08-23T21:40:53Z,89,48315,48935
2026-08-23T21:40:55Z,89,48315,48935
2026-08-23T21:40:57Z,89,48315,48935
2026-08-23T21:40:59Z,89,48315,48935
2026-08-23T21:41:01Z,89,48315,48935
2026-08-23T21:41:03Z,89,48315,48935
2026-08-23T21:41:05Z,89,48315,48935
2026-08-23T21:41:07Z,89,48315,48935
2026-08-23T21:41:09Z,89,48315,48935
2026-08-23T21:41:11Z,89,48315,48935
2026-08-23T21:41:13Z,89,48315,48935
2026-08-23T21:41:15Z,89,48315,48935
2026-08-23T21:41:17Z,89,48315,48935
2026-08-23T21:41:19Z,89,48315,48935
2026-08-23T21:41:22Z,89,48315,48935
2026-08-23T21:41:24Z,89,48315,48935
2026-08-23T21:41:26Z,89,48315,48935
2026-08-23T21:41:28Z,89,48315,48935
2026-08-23T21:41:30Z,89,48315,48935
2026-08-23T21:41:32Z,89,48315,48935
2026-08-23T21:41:34Z,89,48315,48935
2026-08-23T21:41:36Z,89,48315,48935
2026-08-23T21:41:38Z,89,48315,48935
2026-08-23T21:41:40Z,89,48315,48935
2026-08-23T21:41:42Z,89,48315,48935
2026-08-23T21:41:44Z,89,48315,48935
2026-08-23T21:41:46Z,89,48315,48935
2026-08-23T21:41:48Z,89,48315,48935
2026-08-23T21:41:50Z,89,48315,48935
2026-08-23T21:41:52Z,89,48315,48935
2026-08-23T21:41:54Z,89,48315,48935
2026-08-23T21:41:56Z,89,48315,48935
2026-08-23T21:41:58Z,89,48315,48935
2026-08-23T21:42:00Z,89,48315,48935
2026-08-23T21:42:02Z,89,48315,48935
2026-08-23T21:42:04Z,89,48315,48935
2026-08-23T21:42:06Z,89,48315,48935
2026-08-23T21:42:08Z,89,48315,48935
2026-08-23T21:42:10Z,89,48315,48935
2026-08-23T21:42:12Z,89,48315,48935
2026-08-23T21:42:14Z,89,48315,48935
2026-08-23T21:42:16Z,89,48315,48935
2026-08-23T21:42:18Z,89,48315,48935
2026-08-23T21:42:20Z,89,48315,48935
2026-08-23T21:42:22Z,89,48315,48935
2026-08-23T21:42:24Z,89,48315,48935
2026-08-23T21:42:26Z,89,48315,48935
2026-08-23T21:42:28Z,89,48315,48935
2026-08-23T21:42:30Z,89,48315,48935
2026-08-23T21:42:32Z,89,48315,48935
2026-08-23T21:42:34Z,89,48315,48935
2026-08-23T21:42:37Z,89,48315,48935
2026-08-23T21:42:39Z,89,48315,48935
2026-08-23T21:42:41Z,89,48315,48935
2026-08-23T21:42:43Z,89,48315,48935
2026-08-23T21:42:45Z,89,48315,48935
2026-08-23T21:42:47Z,89,48315,48935
2026-08-23T21:42:49Z,89,48315,48935
2026-08-23T21:42:51Z,89,48315,48935
2026-08-23T21:42:53Z,89,48315,48935
2026-08-23T21:42:55Z,89,48315,48935
2026-08-23T21:42:57Z,89,48315,48935
2026-08-23T21:42:59Z,89,48315,48935
2026-08-23T21:43:01Z,89,48315,48935
2026-08-23T21:43:03Z,89,48315,48935
2026-08-23T21:43:05Z,89,48315,48935
2026-08-23T21:43:07Z,89,48315,48935
2026-08-23T21:43:09Z,89,48315,48935
2026-08-23T21:43:11Z,89,48315,48935
2026-08-23T21:43:13Z,89,48315,48935
2026-08-23T21:43:15Z,89,48315,48935
2026-08-23T21:43:17Z,89,48315,48935
2026-08-23T21:43:19Z,89,48315,48935
2026-08-23T21:43:21Z,89,48315,48935
2026-08-23T21:43:23Z,89,48315,48935
2026-08-23T21:43:25Z,89,48315,48935
2026-08-23T21:43:27Z,89,48315,48935
2026-08-23T21:43:29Z,89,48315,48935
2026-08-23T21:43:31Z,89,48315,48935
2026-08-23T21:43:33Z,89,48315,48935
2026-08-23T21:43:35Z,89,48315,48935
2026-08-23T21:43:37Z,89,48315,48935
2026-08-23T21:43:39Z,89,48315,48935
2026-08-23T21:43:41Z,89,48315,48935
2026-08-23T21:43:43Z,89,48315,48935
2026-08-23T21:43:45Z,89,48315,48935
2026-08-23T21:43:47Z,89,48315,48935
2026-08-23T21:43:50Z,89,48315,48935
2026-08-23T21:43:52Z,89,48315,48935
2026-08-23T21:43:54Z,89,48315,48935
2026-08-23T21:43:56Z,89,48315,48935
2026-08-23T21:43:58Z,89,48315,48935
2026-08-23T21:44:00Z,89,48315,48935
2026-08-23T21:44:02Z,89,48315,48935
2026-08-23T21:44:04Z,89,48315,48935
2026-08-23T21:44:06Z,89,48315,48935
2026-08-23T21:44:08Z,89,48315,48935
2026-08-23T21:44:10Z,89,48315,48935
2026-08-23T21:44:12Z,89,48315,48935
2026-08-23T21:44:14Z,89,48315,48935
2026-08-23T21:44:16Z,89,48315,48935
2026-08-23T21:44:18Z,89,48315,48935
2026-08-23T21:44:20Z,89,48315,48935
2026-08-23T21:44:22Z,89,48315,48935
2026-08-23T21:44:24Z,89,48315,48935
2026-08-23T21:44:26Z,89,48315,48935
2026-08-23T21:44:28Z,89,48315,48935
2026-08-23T21:44:30Z,89,48315,48935
2026-08-23T21:44:32Z,89,48315,48935
2026-08-23T21:44:34Z,89,48315,48935
2026-08-23T21:44:36Z,89,48315,48935
2026-08-23T21:44:38Z,89,48315,48935
2026-08-23T21:44:40Z,89,48315,48935
2026-08-23T21:44:42Z,89,48315,48935
2026-08-23T21:44:44Z,89,48315,48935
2026-08-23T21:44:46Z,89,48315,48935
2026-08-23T21:44:48Z,89,48315,48935
2026-08-23T21:44:50Z,89,48315,48935
2026-08-23T21:44:52Z,89,48315,48935
2026-08-23T21:44:54Z,89,48315,48935
2026-08-23T21:44:56Z,89,48315,48935
2026-08-23T21:44:58Z,89,48315,48935
2026-08-23T21:45:00Z,89,48315,48935
2026-08-23T21:45:03Z,89,48315,48935
2026-08-23T21:45:05Z,89,48315,48935
2026-08-23T21:45:07Z,89,48315,48935
2026-08-23T21:45:09Z,89,48315,48935
2026-08-23T21:45:11Z,89,48315,48935
2026-08-23T21:45:13Z,89,48315,48935
2026-08-23T21:45:15Z,89,48315,48935
2026-08-23T21:45:17Z,89,48315,48935
2026-08-23T21:45:19Z,89,48315,48935
2026-08-23T21:45:21Z,89,48315,48935
2026-08-23T21:45:23Z,89,48315,48935
2026-08-23T21:45:25Z,89,48315,48935
2026-08-23T21:45:27Z,89,48315,48935
2026-08-23T21:45:29Z,89,48315,48935
2026-08-23T21:45:31Z,89,48315,48935
2026-08-23T21:45:33Z,89,48315,48935
2026-08-23T21:45:35Z,89,48315,48935
2026-08-23T21:45:37Z,89,48315,48935
2026-08-23T21:45:39Z,89,48315,48935
2026-08-23T21:45:41Z,89,48315,48935
2026-08-23T21:45:43Z,89,48315,48935
2026-08-23T21:45:45Z,89,48315,48935
2026-08-23T21:45:47Z,89,48315,48935
2026-08-23T21:45:49Z,89,48315,48935
2026-08-23T21:45:51Z,89,48315,48935
2026-08-23T21:45:53Z,89,48315,48935
2026-08-23T21:45:55Z,89,48315,48935
2026-08-23T21:45:57Z,89,48315,48935
2026-08-23T21:45:59Z,89,48315,48935
2026-08-23T21:46:01Z,89,48315,48935
2026-08-23T21:46:03Z,89,48315,48935
2026-08-23T21:46:05Z,89,48315,48935
2026-08-23T21:46:07Z,89,48315,48935
2026-08-23T21:46:09Z,89,48315,48935
2026-08-23T21:46:11Z,89,48315,48935
2026-08-23T21:46:13Z,89,48315,48935
2026-08-23T21:46:16Z,89,48315,48935
2026-08-23T21:46:18Z,89,48315,48935
2026-08-23T21:46:20Z,89,48315,48935
2026-08-23T21:46:22Z,89,48315,48935
2026-08-23T21:46:24Z,89,48315,48935
2026-08-23T21:46:26Z,89,48315,48935
2026-08-23T21:46:28Z,89,48315,48935
2026-08-23T21:46:30Z,89,48315,48935
2026-08-23T21:46:32Z,89,48315,48935
2026-08-23T21:46:34Z,89,48315,48935
2026-08-23T21:46:36Z,89,48315,48935
2026-08-23T21:46:38Z,89,48315,48935
2026-08-23T21:46:40Z,89,48315,48935
2026-08-23T21:46:42Z,89,48315,48935
2026-08-23T21:46:44Z,89,48315,48935
2026-08-23T21:46:46Z,89,48315,48935
2026-08-23T21:46:48Z,89,48315,48935
2026-08-23T21:46:50Z,89,48315,48935
2026-08-23T21:46:52Z,89,48315,48935
2026-08-23T21:46:54Z,89,48315,48935
2026-08-23T21:46:56Z,89,48315,48935
2026-08-23T21:46:58Z,89,48315,48935
2026-08-23T21:47:00Z,89,48315,48935
2026-08-23T21:47:02Z,89,48315,48935
2026-08-23T21:47:04Z,89,48315,48935
2026-08-23T21:47:06Z,89,48315,48935
2026-08-23T21:47:08Z,89,48315,48935
2026-08-23T21:47:10Z,89,48315,48935
2026-08-23T21:47:12Z,89,48315,48935
2026-08-23T21:47:14Z,89,48315,48935
2026-08-23T21:47:16Z,89,48315,48935
2026-08-23T21:47:18Z,89,48315,48935
2026-08-23T21:47:20Z,89,48315,48935
2026-08-23T21:47:22Z,89,48315,48935
2026-08-23T21:47:24Z,89,48315,48935
2026-08-23T21:47:26Z,89,48315,48935
2026-08-23T21:47:29Z,89,48315,48935
2026-08-23T21:47:31Z,89,48315,48935
2026-08-23T21:47:33Z,89,48315,48935
2026-08-23T21:47:35Z,89,48315,48935
2026-08-23T21:47:37Z,89,48315,48935
2026-08-23T21:47:39Z,89,48315,48935
2026-08-23T21:47:41Z,89,48315,48935
2026-08-23T21:47:43Z,89,48315,48935
2026-08-23T21:47:45Z,89,48315,48935
2026-08-23T21:47:47Z,89,48315,48935
2026-08-23T21:47:49Z,89,48315,48935
2026-08-23T21:47:51Z,89,48315,48935
2026-08-23T21:47:53Z,89,48315,48935
2026-08-23T21:47:55Z,89,48315,48935
2026-08-23T21:47:57Z,89,48315,48935
2026-08-23T21:47:59Z,89,48315,48935
2026-08-23T21:48:01Z,89,48315,48935
2026-08-23T21:48:03Z,89,48315,48935
2026-08-23T21:48:05Z,89,48315,48935
2026-08-23T21:48:07Z,89,48315,48935
2026-08-23T21:48:09Z,89,48315,48935
2026-08-23T21:48:11Z,89,48315,48935
2026-08-23T21:48:13Z,89,48315,48935
2026-08-23T21:48:15Z,89,48315,48935
2026-08-23T21:48:17Z,89,48315,48935
2026-08-23T21:48:19Z,89,48315,48935
2026-08-23T21:48:21Z,89,48315,48935
2026-08-23T21:48:23Z,89,48315,48935
2026-08-23T21:48:25Z,89,48315,48935
2026-08-23T21:48:27Z,89,48315,48935
2026-08-23T21:48:29Z,89,48315,48935
2026-08-23T21:48:31Z,89,48315,48935
2026-08-23T21:48:33Z,89,48315,48935
2026-08-23T21:48:35Z,89,48315,48935
2026-08-23T21:48:37Z,89,48315,48935
2026-08-23T21:48:39Z,89,48315,48935
2026-08-23T21:48:42Z,89,48315,48935
2026-08-23T21:48:44Z,89,48315,48935
2026-08-23T21:48:46Z,89,48315,48935
2026-08-23T21:48:48Z,89,48315,48935
2026-08-23T21:48:50Z,89,48315,48935
2026-08-23T21:48:52Z,89,48315,48935
2026-08-23T21:48:54Z,89,48315,48935
2026-08-23T21:48:56Z,89,48315,48935
2026-08-23T21:48:58Z,89,48315,48935
2026-08-23T21:49:00Z,89,48315,48935
2026-08-23T21:49:02Z,89,48315,48935
2026-08-23T21:49:04Z,89,48315,48935
2026-08-23T21:49:06Z,89,48315,48935
2026-08-23T21:49:08Z,89,48315,48935
2026-08-23T21:49:10Z,89,48315,48935
2026-08-23T21:49:12Z,89,48315,48935
2026-08-23T21:49:14Z,89,48315,48935
2026-08-23T21:49:16Z,89,48315,48935
2026-08-23T21:49:18Z,89,48315,48935
2026-08-23T21:49:20Z,89,48315,48935
2026-08-23T21:49:22Z,89,48315,48935
2026-08-23T21:49:24Z,89,48315,48935
2026-08-23T21:49:26Z,89,48315,48935
2026-08-23T21:49:28Z,89,48315,48935
2026-08-23T21:49:30Z,89,48315,48935
2026-08-23T21:49:32Z,89,48315,48935
2026-08-23T21:49:34Z,89,48315,48935
2026-08-23T21:49:36Z,89,48315,48935
2026-08-23T21:49:38Z,89,48315,48935
2026-08-23T21:49:40Z,89,48315,48935
2026-08-23T21:49:42Z,89,48315,48935
2026-08-23T21:49:44Z,89,48315,48935
2026-08-23T21:49:46Z,89,48315,48935
2026-08-23T21:49:48Z,89,48315,48935
2026-08-23T21:49:50Z,89,48315,48935
2026-08-23T21:49:52Z,89,48315,48935
2026-08-23T21:49:55Z,89,48315,48935
2026-08-23T21:49:57Z,89,48315,48935
2026-08-23T21:49:59Z,89,48315,48935
2026-08-23T21:50:01Z,89,48315,48935
2026-08-23T21:50:03Z,89,48315,48935
2026-08-23T21:50:05Z,89,48315,48935
2026-08-23T21:50:07Z,89,48315,48935
2026-08-23T21:50:09Z,89,48315,48935
2026-08-23T21:50:11Z,89,48315,48935
2026-08-23T21:50:13Z,89,48315,48935
2026-08-23T21:50:15Z,89,48315,48935
2026-08-23T21:50:17Z,89,48315,48935
2026-08-23T21:50:19Z,89,48315,48935
2026-08-23T21:50:21Z,89,48315,48935
2026-08-23T21:50:23Z,89,48315,48935
2026-08-23T21:50:25Z,89,48315,48935
2026-08-23T21:50:27Z,89,48315,48935
2026-08-23T21:50:29Z,89,48315,48935
2026-08-23T21:50:31Z,89,48315,48935
2026-08-23T21:50:33Z,89,48315,48935
2026-08-23T21:50:35Z,89,48315,48935
2026-08-23T21:50:37Z,89,48315,48935
2026-08-23T21:50:39Z,89,48315,48935
2026-08-23T21:50:41Z,89,48315,48935
2026-08-23T21:50:43Z,89,48315,48935
2026-08-23T21:50:45Z,89,48315,48935
2026-08-23T21:50:47Z,89,48315,48935
2026-08-23T21:50:49Z,89,48315,48935
2026-08-23T21:50:51Z,89,48315,48935
2026-08-23T21:50:53Z,89,48315,48935
2026-08-23T21:50:55Z,89,48315,48935
2026-08-23T21:50:57Z,89,48315,48935
2026-08-23T21:50:59Z,89,48315,48935
2026-08-23T21:51:01Z,89,48315,48935
2026-08-23T21:51:03Z,89,48315,48935
2026-08-23T21:51:05Z,89,48315,48935
2026-08-23T21:51:08Z,89,48315,48935
2026-08-23T21:51:10Z,89,48315,48935
2026-08-23T21:51:12Z,89,48315,48935
2026-08-23T21:51:14Z,89,48315,48935
2026-08-23T21:51:16Z,89,48315,48935
2026-08-23T21:51:18Z,89,48315,48935
2026-08-23T21:51:20Z,89,48315,48935
2026-08-23T21:51:22Z,89,48315,48935
2026-08-23T21:51:24Z,89,48315,48935
2026-08-23T21:51:26Z,89,48315,48935
2026-08-23T21:51:28Z,89,48315,48935
2026-08-23T21:51:30Z,89,48315,48935
2026-08-23T21:51:32Z,89,48315,48935
2026-08-23T21:51:34Z,89,48315,48935
2026-08-23T21:51:36Z,89,48315,48935
2026-08-23T21:51:38Z,89,48315,48935
2026-08-23T21:51:40Z,89,48315,48935
2026-08-23T21:51:42Z,89,48315,48935
2026-08-23T21:51:44Z,89,48315,48935
2026-08-23T21:51:46Z,89,48315,48935
2026-08-23T21:51:48Z,89,48315,48935
2026-08-23T21:51:50Z,89,48315,48935
2026-08-23T21:51:52Z,89,48315,48935
2026-08-23T21:51:54Z,89,48315,48935
2026-08-23T21:51:56Z,89,48315,48935
2026-08-23T21:51:58Z,89,48315,48935
2026-08-23T21:52:00Z,89,48315,48935
2026-08-23T21:52:02Z,89,48315,48935
2026-08-23T21:52:04Z,89,48315,48935
2026-08-23T21:52:06Z,89,48315,48935
2026-08-23T21:52:08Z,89,48315,48935
2026-08-23T21:52:10Z,89,48315,48935
2026-08-23T21:52:12Z,89,48315,48935
2026-08-23T21:52:14Z,89,48315,48935
2026-08-23T21:52:16Z,89,48315,48935
2026-08-23T21:52:18Z,89,48315,48935
2026-08-23T21:52:21Z,89,48315,48935
2026-08-23T21:52:23Z,89,48315,48935
2026-08-23T21:52:25Z,89,48315,48935
2026-08-23T21:52:27Z,89,48315,48935
2026-08-23T21:52:29Z,89,48315,48935
2026-08-23T21:52:31Z,89,48315,48935
2026-08-23T21:52:33Z,89,48315,48935
2026-08-23T21:52:35Z,89,48315,48935
2026-08-23T21:52:37Z,89,48315,48935
2026-08-23T21:52:39Z,89,48315,48935
2026-08-23T21:52:41Z,89,48315,48935
2026-08-23T21:52:43Z,89,48315,48935
2026-08-23T21:52:45Z,89,48315,48935
2026-08-23T21:52:47Z,89,48315,48935
2026-08-23T21:52:49Z,89,48315,48935
2026-08-23T21:52:51Z,89,48315,48935
2026-08-23T21:52:53Z,89,48315,48935
2026-08-23T21:52:55Z,89,48315,48935
2026-08-23T21:52:57Z,89,48315,48935
2026-08-23T21:52:59Z,89,48315,48935
2026-08-23T21:53:01Z,89,48315,48935
2026-08-23T21:53:03Z,89,48315,48935
2026-08-23T21:53:05Z,89,48315,48935
2026-08-23T21:53:07Z,89,48315,48935
2026-08-23T21:53:09Z,89,48315,48935
2026-08-23T21:53:11Z,89,48315,48935
2026-08-23T21:53:13Z,89,48315,48935
2026-08-23T21:53:15Z,89,48315,48935
2026-08-23T21:53:17Z,89,48315,48935
2026-08-23T21:53:19Z,89,48315,48935
2026-08-23T21:53:21Z,89,48315,48935
2026-08-23T21:53:23Z,89,48315,48935
2026-08-23T21:53:25Z,89,48315,48935
2026-08-23T21:53:27Z,89,48315,48935
2026-08-23T21:53:29Z,89,48315,48935
2026-08-23T21:53:31Z,89,48315,48935
2026-08-23T21:53:34Z,89,48315,48935
2026-08-23T21:53:36Z,89,48315,48935
2026-08-23T21:53:38Z,89,48315,48935
2026-08-23T21:53:40Z,89,48315,48935
2026-08-23T21:53:42Z,89,48315,48935
2026-08-23T21:53:44Z,89,48315,48935
2026-08-23T21:53:46Z,89,48315,48935
2026-08-23T21:53:48Z,89,48315,48935
2026-08-23T21:53:50Z,89,48315,48935
2026-08-23T21:53:52Z,89,48315,48935
2026-08-23T21:53:54Z,89,48315,48935
2026-08-23T21:53:56Z,89,48315,48935
2026-08-23T21:53:58Z,89,48315,48935
2026-08-23T21:54:00Z,89,48315,48935
2026-08-23T21:54:02Z,89,48315,48935
2026-08-23T21:54:04Z,89,48315,48935
2026-08-23T21:54:06Z,89,48315,48935
2026-08-23T21:54:08Z,89,48315,48935
2026-08-23T21:54:10Z,89,48315,48935
2026-08-23T21:54:12Z,89,48315,48935
2026-08-23T21:54:14Z,89,48315,48935
2026-08-23T21:54:16Z,89,48315,48935
2026-08-23T21:54:18Z,89,48315,48935
2026-08-23T21:54:20Z,89,48315,48935
2026-08-23T21:54:22Z,89,48315,48935
2026-08-23T21:54:24Z,89,48315,48935
2026-08-23T21:54:26Z,89,48315,48935
2026-08-23T21:54:28Z,89,48315,48935
2026-08-23T21:54:30Z,89,48315,48935
2026-08-23T21:54:32Z,89,48315,48935
2026-08-23T21:54:34Z,89,48315,48935
2026-08-23T21:54:36Z,89,48315,48935
2026-08-23T21:54:38Z,89,48315,48935
2026-08-23T21:54:40Z,89,48315,48935
2026-08-23T21:54:42Z,89,48315,48935
2026-08-23T21:54:44Z,89,48315,48935
2026-08-23T21:54:47Z,89,48315,48935
2026-08-23T21:54:49Z,89,48315,48935
2026-08-23T21:54:51Z,89,48315,48935
2026-08-23T21:54:53Z,89,48315,48935
2026-08-23T21:54:55Z,89,48315,48935
2026-08-23T21:54:57Z,89,48315,48935
2026-08-23T21:54:59Z,89,48315,48935
2026-08-23T21:55:01Z,89,48315,48935
2026-08-23T21:55:03Z,89,48315,48935
2026-08-23T21:55:05Z,89,48315,48935
2026-08-23T21:55:07Z,89,48315,48935
2026-08-23T21:55:09Z,89,48315,48935
2026-08-23T21:55:11Z,89,48315,48935
2026-08-23T21:55:13Z,89,48315,48935
2026-08-23T21:55:15Z,89,48315,48935
2026-08-23T21:55:17Z,89,48315,48935
2026-08-23T21:55:19Z,89,48315,48935
2026-08-23T21:55:21Z,89,48315,48935
2026-08-23T21:55:23Z,89,48315,48935
2026-08-23T21:55:25Z,89,48315,48935
2026-08-23T21:55:27Z,89,48315,48935
2026-08-23T21:55:29Z,89,48315,48935
2026-08-23T21:55:31Z,89,48315,48935
2026-08-23T21:55:33Z,89,48315,48935
2026-08-23T21:55:35Z,89,48315,48935
2026-08-23T21:55:37Z,89,48315,48935
2026-08-23T21:55:39Z,89,48315,48935
2026-08-23T21:55:41Z,89,48315,48935
2026-08-23T21:55:43Z,89,48315,48935
2026-08-23T21:55:45Z,89,48315,48935
2026-08-23T21:55:47Z,89,48315,48935
2026-08-23T21:55:49Z,89,48315,48935
2026-08-23T21:55:51Z,89,48315,48935
2026-08-23T21:55:53Z,89,48315,48935
2026-08-23T21:55:55Z,89,48315,48935
2026-08-23T21:55:57Z,89,48315,48935
2026-08-23T21:56:00Z,89,48315,48935
2026-08-23T21:56:02Z,89,48315,48935
2026-08-23T21:56:04Z,89,48315,48935
2026-08-23T21:56:06Z,89,48315,48935
2026-08-23T21:56:08Z,89,48315,48935
2026-08-23T21:56:10Z,89,48315,48935
2026-08-23T21:56:12Z,89,48315,48935
2026-08-23T21:56:14Z,89,48315,48935
2026-08-23T21:56:16Z,89,48315,48935
2026-08-23T21:56:18Z,89,48315,48935
2026-08-23T21:56:20Z,89,48315,48935
2026-08-23T21:56:22Z,89,48315,48935
2026-08-23T21:56:24Z,89,48315,48935
2026-08-23T21:56:26Z,89,48315,48935
2026-08-23T21:56:28Z,89,48315,48935
2026-08-23T21:56:30Z,89,48315,48935
2026-08-23T21:56:32Z,89,48315,48935
2026-08-23T21:56:34Z,89,48315,48935
2026-08-23T21:56:36Z,89,48315,48935
2026-08-23T21:56:38Z,89,48315,48935
2026-08-23T21:56:40Z,89,48315,48935
2026-08-23T21:56:42Z,89,48315,48935
2026-08-23T21:56:44Z,89,48315,48935
2026-08-23T21:56:46Z,89,48315,48935
2026-08-23T21:56:48Z,89,48315,48935
2026-08-23T21:56:50Z,89,48315,48935
2026-08-23T21:56:52Z,89,48315,48935
2026-08-23T21:56:54Z,89,48315,48935
2026-08-23T21:56:56Z,89,48315,48935
2026-08-23T21:56:58Z,89,48315,48935
2026-08-23T21:57:00Z,89,48315,48935
2026-08-23T21:57:02Z,89,48315,48935
2026-08-23T21:57:04Z,89,48315,48935
2026-08-23T21:57:06Z,89,48315,48935
2026-08-23T21:57:08Z,89,48315,48935
2026-08-23T21:57:10Z,89,48315,48935
2026-08-23T21:57:13Z,89,48315,48935
2026-08-23T21:57:15Z,89,48315,48935
2026-08-23T21:57:17Z,89,48315,48935
2026-08-23T21:57:19Z,89,48315,48935
2026-08-23T21:57:21Z,89,48315,48935
2026-08-23T21:57:23Z,89,48315,48935
2026-08-23T21:57:25Z,89,48315,48935
2026-08-23T21:57:27Z,89,48315,48935
2026-08-23T21:57:29Z,89,48315,48935
2026-08-23T21:57:31Z,89,48315,48935
2026-08-23T21:57:33Z,89,48315,48935
2026-08-23T21:57:35Z,89,48315,48935
2026-08-23T21:57:37Z,89,48315,48935
2026-08-23T21:57:39Z,89,48315,48935
2026-08-23T21:57:41Z,89,48315,48935
2026-08-23T21:57:43Z,89,48315,48935
2026-08-23T21:57:45Z,89,48315,48935
2026-08-23T21:57:47Z,89,48315,48935
2026-08-23T21:57:49Z,89,48315,48935
2026-08-23T21:57:51Z,89,48315,48935
2026-08-23T21:57:53Z,89,48315,48935
2026-08-23T21:57:55Z,89,48315,48935
2026-08-23T21:57:57Z,89,48315,48935
2026-08-23T21:57:59Z,89,48315,48935
2026-08-23T21:58:01Z,89,48315,48935
2026-08-23T21:58:03Z,89,48315,48935
2026-08-23T21:58:05Z,89,48315,48935
2026-08-23T21:58:07Z,89,48315,48935
2026-08-23T21:58:09Z,89,48315,48935
2026-08-23T21:58:11Z,89,48315,48935
2026-08-23T21:58:13Z,89,48315,48935
2026-08-23T21:58:15Z,89,48315,48935
2026-08-23T21:58:17Z,89,48315,48935
2026-08-23T21:58:19Z,89,48315,48935
2026-08-23T21:58:21Z,89,48315,48935
2026-08-23T21:58:23Z,89,48315,48935
2026-08-23T21:58:26Z,89,48315,48935
2026-08-23T21:58:28Z,89,48315,48935
2026-08-23T21:58:30Z,89,48315,48935
2026-08-23T21:58:32Z,89,48315,48935
2026-08-23T21:58:34Z,89,48315,48935
2026-08-23T21:58:36Z,89,48315,48935
2026-08-23T21:58:38Z,89,48315,48935
2026-08-23T21:58:40Z,89,48315,48935
2026-08-23T21:58:42Z,89,48315,48935
2026-08-23T21:58:44Z,89,48315,48935
2026-08-23T21:58:46Z,89,48315,48935
2026-08-23T21:58:48Z,89,48315,48935
2026-08-23T21:58:50Z,89,48315,48935
2026-08-23T21:58:52Z,89,48315,48935
2026-08-23T21:58:54Z,89,48315,48935
2026-08-23T21:58:56Z,89,48315,48935
2026-08-23T21:58:58Z,89,48315,48935
2026-08-23T21:59:00Z,89,48315,48935
2026-08-23T21:59:02Z,89,48315,48935
2026-08-23T21:59:04Z,89,48315,48935
2026-08-23T21:59:06Z,89,48315,48935
2026-08-23T21:59:08Z,89,48315,48935
2026-08-23T21:59:10Z,89,48315,48935
2026-08-23T21:59:12Z,89,48315,48935
2026-08-23T21:59:14Z,89,48315,48935
2026-08-23T21:59:16Z,89,48315,48935
2026-08-23T21:59:18Z,89,48315,48935
2026-08-23T21:59:20Z,89,48315,48935
2026-08-23T21:59:22Z,89,48315,48935
2026-08-23T21:59:24Z,89,48315,48935
2026-08-23T21:59:26Z,89,48315,48935
2026-08-23T21:59:28Z,89,48315,48935
2026-08-23T21:59:30Z,89,48315,48935
2026-08-23T21:59:32Z,89,48315,48935
2026-08-23T21:59:34Z,89,48315,48935
2026-08-23T21:59:36Z,89,48315,48935
2026-08-23T21:59:39Z,89,48315,48935
2026-08-23T21:59:41Z,89,48315,48935
2026-08-23T21:59:43Z,89,48315,48935
2026-08-23T21:59:45Z,89,48315,48935
2026-08-23T21:59:47Z,89,48315,48935
2026-08-23T21:59:49Z,89,48315,48935
2026-08-23T21:59:51Z,89,48315,48935
2026-08-23T21:59:53Z,89,48315,48935
2026-08-23T21:59:55Z,89,48315,48935
2026-08-23T21:59:57Z,89,48315,48935
2026-08-23T21:59:59Z,89,48315,48935
2026-08-23T22:00:01Z,89,48315,48935
2026-08-23T22:00:03Z,89,48315,48935
2026-08-23T22:00:05Z,89,48315,48935
2026-08-23T22:00:07Z,89,48315,48935
2026-08-23T22:00:09Z,89,48315,48935
2026-08-23T22:00:11Z,89,48315,48935
2026-08-23T22:00:13Z,89,48315,48935
2026-08-23T22:00:15Z,89,48315,48935
2026-08-23T22:00:17Z,89,48315,48935
2026-08-23T22:00:19Z,89,48315,48935
2026-08-23T22:00:21Z,89,48315,48935
2026-08-23T22:00:23Z,89,48315,48935
2026-08-23T22:00:25Z,89,48315,48935
2026-08-23T22:00:27Z,89,48315,48935
2026-08-23T22:00:29Z,89,48315,48935
2026-08-23T22:00:31Z,89,48315,48935
2026-08-23T22:00:33Z,89,48315,48935
2026-08-23T22:00:35Z,89,48315,48935
2026-08-23T22:00:37Z,89,48315,48935
2026-08-23T22:00:39Z,89,48315,48935
2026-08-23T22:00:41Z,89,48315,48935
2026-08-23T22:00:43Z,89,48315,48935
2026-08-23T22:00:45Z,89,48315,48935
2026-08-23T22:00:47Z,89,48315,48935
2026-08-23T22:00:49Z,89,48315,48935
2026-08-23T22:00:52Z,89,48315,48935
2026-08-23T22:00:54Z,89,48315,48935
2026-08-23T22:00:56Z,89,48315,48935
2026-08-23T22:00:58Z,89,48315,48935
2026-08-23T22:01:00Z,89,48315,48935
2026-08-23T22:01:02Z,89,48315,48935
2026-08-23T22:01:04Z,89,48315,48935
2026-08-23T22:01:06Z,89,48315,48935
2026-08-23T22:01:08Z,89,48315,48935
2026-08-23T22:01:10Z,89,48315,48935
2026-08-23T22:01:12Z,89,48315,48935
2026-08-23T22:01:14Z,89,48315,48935
2026-08-23T22:01:16Z,89,48315,48935
2026-08-23T22:01:18Z,89,48315,48935
2026-08-23T22:01:20Z,89,48315,48935
2026-08-23T22:01:22Z,89,48315,48935
2026-08-23T22:01:24Z,89,48315,48935
2026-08-23T22:01:26Z,89,48315,48935
2026-08-23T22:01:28Z,89,48315,48935
2026-08-23T22:01:30Z,89,48315,48935
2026-08-23T22:01:32Z,89,48315,48935
2026-08-23T22:01:34Z,89,48315,48935
2026-08-23T22:01:36Z,89,48315,48935
2026-08-23T22:01:38Z,89,48315,48935
2026-08-23T22:01:40Z,89,48315,48935
2026-08-23T22:01:42Z,89,48315,48935
2026-08-23T22:01:44Z,89,48315,48935
2026-08-23T22:01:46Z,89,48315,48935
2026-08-23T22:01:48Z,89,48315,48935
2026-08-23T22:01:50Z,89,48315,48935
2026-08-23T22:01:52Z,89,48315,48935
2026-08-23T22:01:54Z,89,48315,48935
2026-08-23T22:01:56Z,89,48315,48935
2026-08-23T22:01:58Z,89,48315,48935
2026-08-23T22:02:00Z,89,48315,48935
2026-08-23T22:02:02Z,89,48315,48935
2026-08-23T22:02:05Z,89,48315,48935
2026-08-23T22:02:07Z,89,48315,48935
2026-08-23T22:02:09Z,89,48315,48935
2026-08-23T22:02:11Z,89,48315,48935
2026-08-23T22:02:13Z,89,48315,48935
2026-08-23T22:02:15Z,89,48315,48935
2026-08-23T22:02:17Z,89,48315,48935
2026-08-23T22:02:19Z,89,48315,48935
2026-08-23T22:02:21Z,89,48315,48935
2026-08-23T22:02:23Z,89,48315,48935
2026-08-23T22:02:25Z,89,48315,48935
2026-08-23T22:02:27Z,89,48315,48935
2026-08-23T22:02:29Z,89,48315,48935
2026-08-23T22:02:31Z,89,48315,48935
2026-08-23T22:02:33Z,89,48315,48935
2026-08-23T22:02:35Z,89,48315,48935
2026-08-23T22:02:37Z,89,48315,48935
2026-08-23T22:02:39Z,89,48315,48935
2026-08-23T22:02:41Z,89,48315,48935
2026-08-23T22:02:43Z,89,48315,48935
2026-08-23T22:02:45Z,89,48315,48935
2026-08-23T22:02:47Z,89,48315,48935
2026-08-23T22:02:49Z,89,48315,48935
2026-08-23T22:02:51Z,89,48315,48935
2026-08-23T22:02:53Z,89,48315,48935
2026-08-23T22:02:55Z,89,48315,48935
2026-08-23T22:02:57Z,89,48315,48935
2026-08-23T22:02:59Z,89,48315,48935
2026-08-23T22:03:01Z,89,48315,48935
2026-08-23T22:03:03Z,89,48315,48935
2026-08-23T22:03:05Z,89,48315,48935
2026-08-23T22:03:07Z,89,48315,48935
2026-08-23T22:03:09Z,89,48315,48935
2026-08-23T22:03:11Z,89,48315,48935
2026-08-23T22:03:13Z,89,48315,48935
2026-08-23T22:03:15Z,89,48315,48935
2026-08-23T22:03:18Z,89,48315,48935
2026-08-23T22:03:20Z,89,48315,48935
2026-08-23T22:03:22Z,89,48315,48935
2026-08-23T22:03:24Z,89,48315,48935
2026-08-23T22:03:26Z,89,48315,48935
2026-08-23T22:03:28Z,89,48315,48935
2026-08-23T22:03:30Z,89,48315,48935
2026-08-23T22:03:32Z,89,48315,48935
2026-08-23T22:03:34Z,89,48315,48935
2026-08-23T22:03:36Z,89,48315,48935
2026-08-23T22:03:38Z,89,48315,48935
2026-08-23T22:03:40Z,89,48315,48935
2026-08-23T22:03:42Z,89,48315,48935
2026-08-23T22:03:44Z,89,48315,48935
2026-08-23T22:03:46Z,89,48315,48935
2026-08-23T22:03:48Z,89,48315,48935
2026-08-23T22:03:50Z,89,48315,48935
2026-08-23T22:03:52Z,89,48315,48935
2026-08-23T22:03:54Z,89,48315,48935
2026-08-23T22:03:56Z,89,48315,48935
2026-08-23T22:03:58Z,89,48315,48935
2026-08-23T22:04:00Z,89,48315,48935
2026-08-23T22:04:02Z,89,48315,48935
2026-08-23T22:04:04Z,89,48315,48935
2026-08-23T22:04:06Z,89,48315,48935
2026-08-23T22:04:08Z,89,48315,48935
2026-08-23T22:04:10Z,89,48315,48935
2026-08-23T22:04:12Z,89,48315,48935
2026-08-23T22:04:14Z,89,48315,48935
2026-08-23T22:04:16Z,89,48315,48935
2026-08-23T22:04:18Z,89,48315,48935
2026-08-23T22:04:20Z,89,48315,48935
2026-08-23T22:04:22Z,89,48315,48935
2026-08-23T22:04:24Z,89,48315,48935
2026-08-23T22:04:26Z,89,48315,48935
2026-08-23T22:04:28Z,89,48315,48935
2026-08-23T22:04:30Z,89,48315,48935
2026-08-23T22:04:33Z,89,48315,48935
2026-08-23T22:04:35Z,89,48315,48935
2026-08-23T22:04:37Z,89,48315,48935
2026-08-23T22:04:39Z,89,48315,48935
2026-08-23T22:04:41Z,89,48315,48935
2026-08-23T22:04:43Z,89,48315,48935
2026-08-23T22:04:45Z,89,48315,48935
2026-08-23T22:04:47Z,89,48315,48935
2026-08-23T22:04:49Z,89,48315,48935
2026-08-23T22:04:51Z,89,48315,48935
2026-08-23T22:04:53Z,89,48315,48935
2026-08-23T22:04:55Z,89,48315,48935
2026-08-23T22:04:57Z,89,48315,48935
2026-08-23T22:04:59Z,89,48315,48935
2026-08-23T22:05:01Z,89,48315,48935
2026-08-23T22:05:03Z,89,48315,48935
2026-08-23T22:05:05Z,89,48315,48935
2026-08-23T22:05:07Z,89,48315,48935
2026-08-23T22:05:09Z,89,48315,48935
2026-08-23T22:05:11Z,89,48315,48935
2026-08-23T22:05:13Z,89,48315,48935
2026-08-23T22:05:15Z,89,48315,48935
2026-08-23T22:05:17Z,89,48315,48935
2026-08-23T22:05:19Z,89,48315,48935
2026-08-23T22:05:21Z,89,48315,48935
2026-08-23T22:05:23Z,89,48315,48935
2026-08-23T22:05:25Z,89,48315,48935
2026-08-23T22:05:27Z,89,48315,48935
2026-08-23T22:05:29Z,89,48315,48935
2026-08-23T22:05:31Z,89,48315,48935
2026-08-23T22:05:33Z,89,48315,48935
2026-08-23T22:05:35Z,89,48315,48935
2026-08-23T22:05:37Z,89,48315,48935
2026-08-23T22:05:39Z,89,48315,48935
2026-08-23T22:05:41Z,89,48315,48935
2026-08-23T22:05:43Z,89,48315,48935
2026-08-23T22:05:46Z,89,48315,48935
2026-08-23T22:05:48Z,89,48315,48935
2026-08-23T22:05:50Z,89,48315,48935
2026-08-23T22:05:52Z,89,48315,48935
2026-08-23T22:05:54Z,89,48315,48935
2026-08-23T22:05:56Z,89,48315,48935
2026-08-23T22:05:58Z,89,48315,48935
2026-08-23T22:06:00Z,89,48315,48935
2026-08-23T22:06:02Z,89,48315,48935
2026-08-23T22:06:04Z,89,48315,48935
2026-08-23T22:06:06Z,89,48315,48935
2026-08-23T22:06:08Z,89,48315,48935
2026-08-23T22:06:10Z,89,48315,48935
2026-08-23T22:06:12Z,89,48315,48935
2026-08-23T22:06:14Z,89,48315,48935
2026-08-23T22:06:16Z,89,48315,48935
2026-08-23T22:06:18Z,89,48315,48935
2026-08-23T22:06:20Z,89,48315,48935
2026-08-23T22:06:22Z,89,48315,48935
2026-08-23T22:06:24Z,89,48315,48935
2026-08-23T22:06:26Z,89,48315,48935
2026-08-23T22:06:28Z,89,48315,48935
2026-08-23T22:06:30Z,89,48315,48935
2026-08-23T22:06:32Z,89,48315,48935
2026-08-23T22:06:34Z,89,48315,48935
2026-08-23T22:06:36Z,89,48315,48935
2026-08-23T22:06:38Z,89,48315,48935
2026-08-23T22:06:40Z,89,48315,48935
2026-08-23T22:06:42Z,89,48315,48935
2026-08-23T22:06:44Z,89,48315,48935
2026-08-23T22:06:46Z,89,48315,48935
2026-08-23T22:06:48Z,89,48315,48935
2026-08-23T22:06:50Z,89,48315,48935
2026-08-23T22:06:52Z,89,48315,48935
2026-08-23T22:06:54Z,89,48315,48935
2026-08-23T22:06:56Z,89,48315,48935
2026-08-23T22:06:59Z,89,48315,48935
2026-08-23T22:07:01Z,89,48315,48935
2026-08-23T22:07:03Z,89,48315,48935
2026-08-23T22:07:05Z,89,48315,48935
2026-08-23T22:07:07Z,89,48315,48935
2026-08-23T22:07:09Z,89,48315,48935
2026-08-23T22:07:11Z,89,48315,48935
2026-08-23T22:07:13Z,89,48315,48935
2026-08-23T22:07:15Z,89,48315,48935
2026-08-23T22:07:17Z,89,48315,48935
2026-08-23T22:07:19Z,89,48315,48935
2026-08-23T22:07:21Z,89,48315,48935
2026-08-23T22:07:23Z,89,48315,48935
2026-08-23T22:07:25Z,89,48315,48935
2026-08-23T22:07:27Z,89,48315,48935
2026-08-23T22:07:29Z,89,48315,48935
2026-08-23T22:07:31Z,89,48315,48935
2026-08-23T22:07:33Z,89,48315,48935
2026-08-23T22:07:35Z,89,48315,48935
2026-08-23T22:07:37Z,89,48315,48935
2026-08-23T22:07:39Z,89,48315,48935
2026-08-23T22:07:41Z,89,48315,48935
2026-08-23T22:07:43Z,89,48315,48935
2026-08-23T22:07:45Z,89,48315,48935
2026-08-23T22:07:47Z,89,48315,48935
2026-08-23T22:07:49Z,89,48315,48935
2026-08-23T22:07:51Z,89,48315,48935
2026-08-23T22:07:53Z,89,48315,48935
2026-08-23T22:07:55Z,89,48315,48935
2026-08-23T22:07:57Z,89,48315,48935
2026-08-23T22:07:59Z,89,48315,48935
2026-08-23T22:08:01Z,89,48315,48935
2026-08-23T22:08:03Z,89,48315,48935
2026-08-23T22:08:05Z,89,48315,48935
2026-08-23T22:08:07Z,89,48315,48935
2026-08-23T22:08:09Z,89,48315,48935
2026-08-23T22:08:12Z,89,48315,48935
2026-08-23T22:08:14Z,89,48315,48935
2026-08-23T22:08:16Z,89,48315,48935
2026-08-23T22:08:18Z,89,48315,48935
2026-08-23T22:08:20Z,89,48315,48935
2026-08-23T22:08:22Z,89,48315,48935
2026-08-23T22:08:24Z,89,48315,48935
2026-08-23T22:08:26Z,89,48315,48935
2026-08-23T22:08:28Z,89,48315,48935
2026-08-23T22:08:30Z,89,48315,48935
2026-08-23T22:08:32Z,89,48315,48935
2026-08-23T22:08:34Z,89,48315,48935
2026-08-23T22:08:36Z,89,48315,48935
2026-08-23T22:08:38Z,89,48315,48935
2026-08-23T22:08:40Z,89,48315,48935
2026-08-23T22:08:42Z,89,48315,48935
2026-08-23T22:08:44Z,89,48315,48935
2026-08-23T22:08:46Z,89,48315,48935
2026-08-23T22:08:48Z,89,48315,48935
2026-08-23T22:08:50Z,89,48315,48935
2026-08-23T22:08:52Z,89,48315,48935
2026-08-23T22:08:54Z,89,48315,48935
2026-08-23T22:08:56Z,89,48315,48935
2026-08-23T22:08:58Z,89,48315,48935
2026-08-23T22:09:00Z,89,48315,48935
