{
  "categorical_cardinalities": {
    "ALT": 5,
    "REF": 16,
    "X_NEXT1": 16,
    "X_NEXT2": 16,
    "X_NEXT3": 16,
    "X_PREV1": 16,
    "X_PREV2": 16,
    "X_PREV3": 16,
    "et": 5,
    "st": 5,
    "tm": 8
  },
  "numeric_means": {
    "BCSQ": 85.34505462646484,
    "BCSQCSS": -0.054216887801885605,
    "EDIST": 2.056178331375122,
    "HAMDIST": 1.550304889678955,
    "HAMDIST_FILT": 1.4024897813796997,
    "INDEX": 88.90594482421875,
    "REV": 0.4994960129261017,
    "RL": 179.1928253173828,
    "SCED": 0.2826293408870697,
    "SCST": 0.2794422209262848,
    "SMQ_AFTER": 33.16332244873047,
    "SMQ_BEFORE": 33.302188873291016,
    "X_HMER_ALT": 1.6324653625488281,
    "X_HMER_REF": 1.826033353805542,
    "rq": 0.2391853928565979
  },
  "numeric_stds": {
    "BCSQ": 14.28704833984375,
    "BCSQCSS": 2.667759418487549,
    "EDIST": 1.5415613651275635,
    "HAMDIST": 1.0227535963058472,
    "HAMDIST_FILT": 0.7636382579803467,
    "INDEX": 57.23126220703125,
    "REV": 0.4999997615814209,
    "RL": 52.139888763427734,
    "SCED": 4.079995155334473,
    "SCST": 4.0620245933532715,
    "SMQ_AFTER": 3.4544408321380615,
    "SMQ_BEFORE": 3.3055784702301025,
    "X_HMER_ALT": 0.9855369925498962,
    "X_HMER_REF": 1.9219691753387451,
    "rq": 0.19180119037628174
  }
}