{
  "all_null_features": [
    "ed",
    "l1",
    "l2",
    "l3",
    "l4",
    "l5",
    "l6",
    "l7",
    "q2",
    "q3",
    "q4",
    "q5",
    "q6",
    "sd"
  ],
  "device": "cpu",
  "eligible_rows_in_parquet": 50591627,
  "final_epoch": {
    "epoch": 10,
    "train_categorical_loss": 0.12138296898115765,
    "train_kl_loss": 15.188218643882058,
    "train_numeric_loss": 0.1910280621864579,
    "train_total_loss": 1.0718219819935886,
    "val_categorical_loss": 0.11806125782670514,
    "val_kl_loss": 15.241636522354618,
    "val_numeric_loss": 0.1886808511710936,
    "val_total_loss": 1.0688239547514147
  },
  "row_filter": "st = 'MIXED' AND et = 'MIXED' AND FILT = 1",
  "run_dir": "/cta/users/patrickgao765/uv_vae/sweep_results_10M/run_25pct/run_20260713T141850Z",
  "sample_only_null_features": [],
  "sample_rows": 2500000
}